dish_id,image_path,calories,calorie_level,mass,fat,carb,protein,split
dish_1558468731,,320.325012,low,440.0,11.752,17.750999,38.461998,train
dish_1566849269,,249.85202,low,153.0,17.626001,9.452,16.304001,train
dish_1563823292,,450.546722,medium,208.0,29.3622,7.701827,39.78804,train
dish_1551381365,,34.880001,low,16.0,0.464,7.2,0.96,train
dish_1559846585,,114.972008,low,201.0,0.201,30.551998,0.804,train
dish_1551139066,,42.050003,low,29.0,1.74,0.435,6.09,train
dish_1551235983,,194.699997,low,118.0,4.248,0.0,36.580002,train
dish_1561996612,,336.945984,low,220.0,19.657,24.637999,16.354,train
dish_1568314857,,295.537689,low,162.0,22.199564,10.236863,16.508799,train
dish_1551228296,,48.879997,low,94.0,0.188,13.16,0.282,train
dish_1560799558,,196.840012,low,74.0,7.178,24.42,8.14,train
dish_1550777827,,89.679993,low,178.0,0.401,19.720001,3.068,train
dish_1551488448,,92.75,low,78.0,6.030001,4.155,6.5,train
dish_1558031566,,140.660004,low,26.0,10.92,0.364,9.62,train
dish_1563567372,,951.910889,high,590.0,66.170242,81.629341,75.377937,train
dish_1558468547,,6.97,low,34.0,0.102,1.156,0.306,train
dish_1562872470,,286.3815,low,282.0,8.330789,21.324808,34.486359,train
dish_1550705504,,203.5,low,189.0,7.45,17.799999,15.139999,train
dish_1561575300,,326.780029,low,199.0,17.627951,9.163404,30.701891,train
dish_1563813360,,268.48291,low,163.0,16.533194,15.21166,15.767277,train
dish_1561576794,,654.721252,medium,738.0,28.151423,37.69186,63.457905,train
dish_1563218408,,245.339996,low,87.0,10.44,27.84,10.44,train
dish_1557861697,,13.144,low,53.0,0.106,3.127,0.53,train
dish_1550873218,,62.400002,low,39.0,5.85,3.51,0.78,train
dish_1562777099,,303.718628,low,306.0,16.921307,23.063019,15.643683,train
dish_1556575014,,71.299995,low,62.0,6.634,3.906,0.496,train
dish_1560455059,,25.550001,low,134.0,0.21,5.679,1.173,train
dish_1558114523,,104.057999,low,18.0,8.91,4.086,4.032,train
dish_1562690112,,428.202332,medium,207.0,31.908749,6.108017,28.666227,train
dish_1551122844,,97.379997,low,18.0,7.56,0.252,6.66,train
dish_1565640868,,395.97998,low,406.0,13.601999,19.803999,49.051003,train
dish_1565808943,,13.320001,low,74.0,0.148,2.886,0.666,train
dish_1550862840,,16.5,low,33.0,0.033,4.29,0.165,train
dish_1550776907,,213.109985,low,100.0,10.728,24.049999,7.226,train
dish_1561579824,,185.212708,low,88.0,10.632797,2.611722,17.977421,train
dish_1559844951,,274.335999,low,122.0,17.906,22.792,9.784,train
dish_1551235759,,324.5,low,262.0,16.138,21.580999,23.791998,train
dish_1557863056,,75.200005,low,47.0,7.05,4.23,0.94,train
dish_1567023110,,46.0,low,40.0,4.28,2.52,0.32,train
dish_1563480534,,797.566895,medium,576.0,33.881702,35.512001,81.875473,train
dish_1561739805,,696.363525,medium,1102.0,23.340097,101.256134,29.098999,train
dish_1565382803,,359.408569,low,177.0,15.261753,43.129684,13.366736,train
dish_1560799590,,298.019379,low,163.0,16.460997,28.491785,9.947558,train
dish_1560441270,,24.540001,low,46.0,0.063,5.304,0.835,train
dish_1562700685,,24.200001,low,110.0,0.33,3.63,3.41,train
dish_1559844366,,529.220032,medium,192.0,39.885998,34.91,19.230999,train
dish_1563208094,,160.311234,low,111.0,6.387736,24.817924,1.361321,train
dish_1556575124,,4.48,low,28.0,0.056,0.952,0.196,train
dish_1558725702,,50.310001,low,117.0,0.351,10.530001,3.978,train
dish_1558381819,,22.1,low,65.0,0.455,4.42,0.455,train
dish_1561492447,,68.944,low,124.0,0.248,17.855999,0.868,train
dish_1562699652,,132.178085,low,103.0,5.578753,17.394974,3.568957,train
dish_1562788536,,245.132004,low,190.0,6.61,44.751999,5.398,train
dish_1551492287,,15.5,low,62.0,0.186,3.1,1.116,train
dish_1561662054,,419.438782,medium,292.0,23.838249,26.351543,25.910593,train
dish_1559244598,,250.919998,low,51.0,12.75,33.149998,2.601,train
dish_1565034330,,614.015503,medium,483.0,31.386456,39.217323,42.396172,train
dish_1558640808,,10.66,low,26.0,0.052,2.6,0.234,train
dish_1562945186,,191.530792,low,219.0,8.581273,17.336327,13.361717,train
dish_1551137348,,202.639999,low,121.0,2.62,34.856003,9.404,train
dish_1558376874,,335.298004,low,58.0,28.710001,13.166,12.992001,train
dish_1558723475,,22.780001,low,67.0,0.134,5.36,0.536,train
dish_1563551360,,322.640015,low,218.0,23.98,3.488,21.800001,train
dish_1551222982,,13.3,low,38.0,0.152,2.66,0.912,train
dish_1565020895,,348.126129,low,416.0,10.233284,43.375961,20.961317,train
dish_1551225793,,105.32,low,117.0,1.098,23.455,2.821,train
dish_1571946767,,0.0,low,195.0,0.0,0.0,0.0,train
dish_1561748862,,154.772949,low,87.0,7.852456,3.425125,16.156488,train
dish_1561662814,,23.243509,low,20.0,1.875044,1.529342,0.350089,train
dish_1574369148,,0.0,low,68.0,0.0,0.0,0.0,train
dish_1560368138,,23.5,low,123.0,0.28,4.593,1.855,train
dish_1551314855,,34.559998,low,36.0,0.54,7.56,1.224,train
dish_1564686657,,279.194977,low,105.0,9.87,35.174999,11.76,train
dish_1558548958,,2.3,low,10.0,0.04,0.36,0.29,train
dish_1562949515,,220.425598,low,189.0,13.367585,13.565366,13.232658,train
dish_1551224208,,61.920002,low,161.0,0.431,12.927001,4.651,train
dish_1563909550,,310.31958,low,273.0,11.850177,44.664116,8.625765,train
dish_1550860820,,175.660004,low,227.0,8.477,17.389999,8.487,train
dish_1550875931,,41.579998,low,54.0,0.054,9.18,1.08,train
dish_1563910530,,333.825195,low,214.0,13.949387,9.828672,38.761936,train
dish_1551318543,,17.109999,low,59.0,0.177,5.31,0.649,train
dish_1551227669,,81.310005,low,243.0,0.701,16.920002,5.846,train
dish_1565021599,,206.959991,low,398.0,0.796,2.786,39.799999,train
dish_1561663606,,474.503387,medium,347.0,10.804142,40.144989,52.672283,train
dish_1567106668,,80.309998,low,248.0,0.441,18.302002,2.98,train
dish_1559243887,,289.050018,low,50.0,24.75,11.35,11.200001,train
dish_1550772551,,229.589996,low,225.0,13.122,15.45,13.708001,train
dish_1559849020,,46.23,low,67.0,0.134,12.06,0.469,train
dish_1561666821,,211.78656,low,170.0,12.141861,19.425873,7.538332,train
dish_1558640008,,552.490051,medium,212.0,44.793999,27.812,21.194,train
dish_1551307013,,171.550003,low,52.0,11.686,11.48,6.152,train
dish_1561667207,,249.444839,low,121.0,11.420783,13.358226,22.073404,train
dish_1558380557,,699.320068,medium,212.0,54.440002,24.960001,32.732002,train
dish_1551490740,,65.25,low,45.0,2.7,0.675,9.45,train
dish_1562688426,,137.569992,low,88.0,8.256,5.19,10.297,train
dish_1550711845,,26.800001,low,67.0,0.134,6.03,1.34,train
dish_1565984434,,319.892303,low,430.0,12.747005,36.362114,17.977343,train
dish_1563464670,,384.175995,low,156.0,13.646,47.477001,18.148001,train
dish_1567785223,,487.712494,medium,261.0,35.621967,13.794291,27.389,train
dish_1560369008,,223.801331,low,146.0,10.548676,15.552691,15.850163,train
dish_1562861125,,190.807861,low,235.0,10.123939,3.194394,18.992727,train
dish_1558718051,,24.25,low,97.0,0.291,4.85,1.746,train
dish_1561060925,,93.914848,low,156.0,4.284307,9.30445,8.246765,train
dish_1565725188,,543.117004,medium,521.0,17.928001,25.107,69.798996,train
dish_1561736736,,356.080017,low,145.0,27.110001,2.248,24.220001,train
dish_1558725085,,54.360001,low,151.0,0.151,13.59,0.755,train
dish_1561663817,,95.495369,low,86.0,4.993594,12.891619,2.099187,train
dish_1565030350,,62.585663,low,62.0,5.91621,2.292192,0.844501,train
dish_1562086501,,195.360001,low,132.0,14.52,2.112,13.2,train
dish_1558458496,,53.130001,low,77.0,0.154,13.860001,0.539,train
dish_1550713503,,130.279999,low,187.0,4.62,2.799,20.27,train
dish_1558373492,,888.22998,high,325.0,66.768997,42.290001,38.957001,train
dish_1551567964,,104.299995,low,167.0,7.113,10.339,2.736,train
dish_1567538303,,617.449158,medium,307.0,36.129631,15.257855,53.626446,train
dish_1562702441,,209.189362,low,371.0,9.137265,28.234667,6.938542,train
dish_1573232405,,0.0,low,36.0,0.0,0.0,0.0,train
dish_1562698209,,284.133148,low,135.0,16.311678,4.006618,27.579,train
dish_1551224175,,61.920002,low,161.0,0.431,12.927001,4.651,train
dish_1551493773,,270.802002,low,162.0,20.455,12.198,10.977,train
dish_1566328805,,927.809998,high,488.0,28.737,85.054001,77.984001,train
dish_1563824377,,454.046021,medium,338.0,28.374001,12.238,38.936001,train
dish_1551564016,,43.52,low,64.0,0.896,7.68,1.536,train
dish_1572021459,,0.0,low,108.0,0.0,0.0,0.0,train
dish_1572291722,,0.0,low,245.0,0.0,0.0,0.0,train
dish_1557937037,,25.969999,low,49.0,0.343,5.88,0.588,train
dish_1568401090,,1158.98999,high,614.0,73.225998,18.445999,108.667999,train
dish_1563824130,,111.319603,low,202.0,1.123033,21.762623,3.990974,train
dish_1572540173,,0.0,low,130.0,0.0,0.0,0.0,train
dish_1561999287,,50.136581,low,90.0,2.546341,6.146341,2.107317,train
dish_1560444985,,198.937866,low,264.0,10.095443,24.075623,5.127491,train
dish_1563897395,,135.913651,low,233.0,2.611512,26.800489,2.887805,train
dish_1563378002,,106.079994,low,204.0,0.408,1.428,20.4,train
dish_1558640513,,153.845993,low,245.0,1.722,37.379997,2.513,train
dish_1562095283,,229.517426,low,197.0,19.747328,11.772673,5.268715,train
dish_1563307488,,538.035156,medium,247.0,30.635614,9.611122,50.928295,train
dish_1565640842,,307.429993,low,329.0,5.363,14.953,48.435001,train
dish_1560527140,,276.665314,low,138.0,18.125912,13.435576,14.706437,train
dish_1561579505,,31.5,low,126.0,0.378,6.3,2.268,train
dish_1561576707,,324.142426,low,492.0,10.745476,19.872356,38.398155,train
dish_1550705724,,148.050003,low,190.0,2.703,8.34,22.830002,train
dish_1563908957,,73.872749,low,159.0,3.572825,8.02375,4.40885,train
dish_1563911255,,293.192169,low,235.0,12.387642,24.054247,21.95612,train
dish_1563304333,,451.235687,medium,308.0,16.554087,26.73476,47.086288,train
dish_1565810237,,349.866394,low,306.0,19.25312,7.274593,38.688904,train
dish_1561576978,,511.614227,medium,341.0,25.017786,11.015146,58.580055,train
dish_1551394781,,26.280001,low,36.0,1.728,0.684,2.88,train
dish_1550788264,,79.559998,low,153.0,0.306,21.42,0.459,train
dish_1559678104,,99.962006,low,135.0,7.348568,7.806039,2.654628,train
dish_1551123455,,100.5,low,188.0,1.185,21.57,2.501,train
dish_1551378344,,64.970001,low,73.0,0.219,16.790001,0.803,train
dish_1563823894,,368.341003,low,400.0,20.78381,18.219273,30.525043,train
dish_1550875891,,198.0,low,120.0,4.32,0.0,37.200001,train
dish_1550705580,,108.900002,low,66.0,2.376,0.0,20.460001,train
dish_1563221157,,418.152008,medium,352.0,21.499546,23.968084,33.805244,train
dish_1562787848,,416.802032,medium,248.0,22.151569,30.17654,26.496395,train
dish_1558460138,,10.08,low,56.0,0.112,2.184,0.504,train
dish_1572279989,,0.0,low,243.0,0.0,0.0,0.0,train
dish_1550777566,,291.940002,low,119.0,21.57,21.419998,7.46,train
dish_1563221519,,379.96991,low,206.0,13.543454,32.183365,32.262424,train
dish_1559932674,,58.279999,low,124.0,0.124,14.88,1.116,train
dish_1550861124,,237.369995,low,336.0,0.945,60.200001,2.877,train
dish_1550713388,,77.549995,low,47.0,1.692,0.0,14.57,train
dish_1571931782,,0.0,low,104.0,0.0,0.0,0.0,train
dish_1551488197,,69.870003,low,77.0,2.458,3.28,9.010999,train
dish_1573764136,,0.0,low,211.0,0.0,0.0,0.0,train
dish_1558030383,,140.660004,low,26.0,10.92,0.364,9.62,train
dish_1551307090,,171.550003,low,52.0,11.686,11.48,6.152,train
dish_1563302447,,561.417053,medium,440.0,27.385805,31.36202,48.122875,train
dish_1551488572,,139.610001,low,23.0,12.42,4.83,4.6,train
dish_1561404956,,97.600792,low,82.0,2.638521,4.593264,13.654346,train
dish_1551237231,,47.850002,low,33.0,1.98,0.495,6.93,train
dish_1562687274,,161.021606,low,141.0,12.139805,13.517261,1.161127,train
dish_1565210009,,263.816223,low,290.0,8.292127,35.541317,13.797193,train
dish_1558718649,,25.84,low,76.0,0.152,6.08,0.608,train
dish_1562096907,,297.779602,low,266.0,31.159481,13.237985,38.056858,train
dish_1550874679,,13.6,low,40.0,0.28,2.72,0.28,train
dish_1561749857,,366.579254,low,447.0,15.792132,21.602934,35.232506,train
dish_1564675240,,502.878784,medium,886.0,5.376829,51.516174,55.499733,train
dish_1550705477,,203.5,low,188.0,7.45,17.799999,15.139999,train
dish_1551233802,,35.879997,low,69.0,0.138,9.66,0.207,train
dish_1558376734,,206.76001,low,60.0,16.380001,2.52,11.58,train
dish_1568666032,,243.584183,low,220.0,9.01176,26.886663,14.889456,train
dish_1559158354,,21.0,low,60.0,0.24,4.2,1.44,train
dish_1551488324,,46.0,low,40.0,4.28,2.52,0.32,train
dish_1562872365,,9.879999,low,76.0,0.152,1.672,1.14,train
dish_1563568357,,767.739746,medium,448.0,38.07679,69.42923,42.89555,train
dish_1558631904,,80.079994,low,154.0,0.308,21.559999,0.462,train
dish_1560543557,,87.869995,low,191.0,3.923,11.636001,3.353,train
dish_1561578373,,164.49585,low,132.0,7.536766,17.891659,7.000702,train
dish_1564589072,,419.31073,medium,241.0,24.043901,31.756098,17.40756,train
dish_1562861174,,401.797852,medium,274.0,26.503939,3.740394,33.422729,train
dish_1563392128,,169.934235,low,162.0,18.81292,6.487778,21.133221,train
dish_1551225381,,57.719997,low,111.0,0.222,15.54,0.333,train
dish_1559751710,,37.619999,low,66.0,0.198,9.24,0.462,train
dish_1563563348,,362.641998,low,294.0,22.785002,12.092001,29.322998,train
dish_1562010865,,376.24295,low,216.0,26.149803,7.233953,28.117785,train
dish_1566331914,,589.501648,medium,481.0,24.885231,47.358673,46.926689,train
dish_1559675178,,28.970001,low,100.0,0.231,6.335,1.675,train
dish_1562775510,,114.217117,low,190.0,0.733756,16.423389,10.066643,train
dish_1551314531,,91.120003,low,17.0,5.95,9.009999,1.19,train
dish_1565382733,,287.639984,low,102.0,12.24,32.639999,12.24,train
dish_1550862106,,117.089996,low,140.0,5.403,12.728,5.487,train
dish_1559678083,,75.812004,low,66.0,7.072568,2.976039,0.998628,train
dish_1558459994,,25.530001,low,37.0,0.074,6.66,0.259,train
dish_1565711115,,321.529999,low,308.0,14.41,2.387,39.709999,train
dish_1561578226,,119.220253,low,289.0,6.628325,13.898274,4.281533,train
dish_1563566939,,286.027252,low,238.0,6.804595,48.869175,10.508528,train
dish_1566331801,,296.990997,low,203.0,10.436333,11.249237,37.746067,train
dish_1562860045,,280.290009,low,123.0,21.279999,1.918,19.049999,train
dish_1558379876,,1148.250977,high,374.0,89.766998,32.146,68.292,train
dish_1559239151,,9.2,low,40.0,0.16,1.44,1.16,train
dish_1551565168,,25.5,low,102.0,0.306,5.1,1.836,train
dish_1564169298,,187.076355,low,299.0,7.090506,25.310051,8.460101,train
dish_1564428515,,484.618347,medium,479.0,25.66441,35.868031,29.964256,train
dish_1574720429,,0.0,low,96.0,0.0,0.0,0.0,train
dish_1562789328,,656.551575,medium,503.0,27.782553,69.703827,40.745659,train
dish_1558640145,,177.953003,low,287.0,2.18,42.099998,3.493,train
dish_1561996750,,29.67,low,43.0,0.086,7.74,0.301,train
dish_1563381760,,140.502548,low,164.0,5.245528,21.24815,3.458358,train
dish_1558031675,,248.882004,low,180.0,11.228,25.952,11.348,train
dish_1564774773,,50.136581,low,90.0,2.546341,6.146341,2.107317,train
dish_1567625434,,581.253052,medium,396.0,25.45192,23.362089,65.588402,train
dish_1564083480,,259.701996,low,133.0,18.263,2.427,21.991999,train
dish_1551377782,,86.360001,low,127.0,1.778,15.24,3.048,train
dish_1558640190,,19.719999,low,58.0,0.116,4.64,0.464,train
dish_1561752970,,642.29187,medium,299.0,32.43063,31.769815,55.246094,train
dish_1558630450,,86.25,low,125.0,0.25,22.5,0.875,train
dish_1560961179,,153.919998,low,104.0,11.44,1.664,10.400001,train
dish_1565721800,,33.345001,low,171.0,0.7695,6.669,1.4535,train
dish_1561574783,,29.626781,low,24.0,2.815253,0.966312,0.575964,train
dish_1561406817,,273.385437,low,243.0,0.959091,57.742405,6.795967,train
dish_1566333255,,515.545227,medium,372.0,20.582203,43.079132,39.081741,train
dish_1550775126,,219.75,low,175.0,6.776999,40.98,2.781,train
dish_1561996122,,405.380005,medium,173.0,30.809999,2.692,27.560001,train
dish_1563475874,,93.029999,low,251.0,0.401,22.709999,2.23,train
dish_1562011765,,423.923004,medium,283.0,23.582834,14.153584,39.041424,train
dish_1551378291,,7.344,low,36.0,0.036,1.404,0.792,train
dish_1563295400,,402.984802,medium,269.0,24.84903,26.972351,18.609489,train
dish_1551389268,,135.804001,low,108.0,10.511,3.913,7.322,train
dish_1558725786,,113.527,low,107.0,2.568,23.539999,3.317,train
dish_1566332116,,153.550003,low,275.0,12.244,11.356,3.761,train
dish_1566488956,,280.888275,low,489.0,2.903561,22.376442,35.527023,train
dish_1551377094,,37.130001,low,79.0,0.079,9.48,0.711,train
dish_1558723671,,38.130001,low,93.0,0.186,9.3,0.837,train
dish_1551563001,,60.900002,low,42.0,2.52,0.63,8.82,train
dish_1573764183,,0.0,low,271.0,0.0,0.0,0.0,train
dish_1568143572,,187.42543,low,128.0,6.879407,22.03297,10.185662,train
dish_1551321715,,25.620001,low,42.0,0.21,6.3,0.462,train
dish_1566502472,,132.919037,low,119.0,7.735376,15.924625,3.416664,train
dish_1563565415,,303.477142,low,284.0,18.174141,24.998693,21.371407,train
dish_1562788760,,331.324493,low,178.0,23.029417,6.902499,33.741703,train
dish_1558639876,,68.18,low,215.0,0.529,15.370001,2.767,train
dish_1558114284,,162.230011,low,316.0,0.632,22.569,21.320999,train
dish_1558116090,,30.940001,low,91.0,0.182,7.28,0.728,train
dish_1551392884,,27.84,low,29.0,0.435,6.09,0.986,train
dish_1551565289,,88.229996,low,172.0,5.615,10.167,2.47,train
dish_1558722434,,8.46,low,47.0,0.094,1.833,0.423,train
dish_1558722370,,19.75,low,79.0,0.237,3.95,1.422,train
dish_1551225836,,189.660004,low,87.0,2.523,39.149998,5.22,train
dish_1562168427,,193.709991,low,368.0,0.699,33.494999,13.921,train
dish_1558375506,,73.839996,low,142.0,0.284,0.426,19.879999,train
dish_1574098218,,0.0,low,116.0,0.0,0.0,0.0,train
dish_1564590115,,115.805847,low,121.0,2.951219,21.248781,1.180488,train
dish_1551323574,,61.880001,low,91.0,1.274,10.92,2.184,train
dish_1572552638,,0.0,low,165.0,0.0,0.0,0.0,train
dish_1567107839,,174.284485,low,156.0,16.46933,11.980703,18.763048,train
dish_1558637393,,739.968018,medium,128.0,63.360001,29.056,28.672001,train
dish_1558720364,,73.839996,low,142.0,0.284,19.879999,0.426,train
dish_1566933180,,161.449524,low,96.0,7.634025,2.197063,19.702276,train
dish_1565728494,,326.32962,low,163.0,12.881792,22.054083,28.691757,train
dish_1567801748,,169.072418,low,71.0,6.686759,16.373152,10.276019,train
dish_1568660810,,132.539993,low,47.0,5.64,15.04,5.64,train
dish_1572548822,,0.0,low,77.0,0.0,0.0,0.0,train
dish_1550797692,,220.544006,low,64.0,17.472,2.688,12.352,train
dish_1567106646,,61.040001,low,201.0,0.347,13.602001,2.557,train
dish_1551221581,,74.120003,low,34.0,0.986,15.299999,2.04,train
dish_1559240441,,19.470001,low,59.0,0.177,4.72,0.413,train
dish_1563308323,,27.059999,low,66.0,0.132,6.6,0.594,train
dish_1558381742,,78.199997,low,68.0,7.276,4.284,0.544,train
dish_1565020822,,180.56488,low,193.0,5.834682,17.256317,12.977074,train
dish_1566245398,,506.355377,medium,230.0,31.183908,4.258222,49.023197,train
dish_1565035774,,57.5,low,185.0,0.441,12.25,3.129,train
dish_1567110811,,537.987976,medium,282.0,31.243414,21.507914,39.921242,train
dish_1551138312,,138.938004,low,180.0,1.692,27.547001,4.559,train
dish_1559590005,,360.832489,low,241.0,16.641808,39.46653,14.747198,train
dish_1551304854,,91.120003,low,134.0,1.876,16.08,3.216,train
dish_1561665378,,74.269997,low,70.0,1.68,15.4,2.17,train
dish_1551125436,,53.400002,low,142.0,0.72,10.872,2.868,train
dish_1559843185,,64.349998,low,161.0,0.514,15.219999,1.707,train
dish_1562777000,,195.360001,low,132.0,14.52,2.112,13.2,train
dish_1551396061,,218.520004,low,36.0,19.440001,7.56,7.2,train
dish_1563476646,,380.158081,low,218.0,18.121593,21.653313,29.908882,train
dish_1559848857,,28.089998,low,53.0,0.159,6.89,0.424,train
dish_1551565613,,13.25,low,53.0,0.159,2.65,0.954,train
dish_1564432128,,217.028381,low,102.0,11.281487,21.601864,8.091219,train
dish_1573147034,,0.0,low,101.0,0.0,0.0,0.0,train
dish_1558631825,,118.832001,low,112.0,2.688,24.639999,3.472,train
dish_1561578800,,338.354706,low,146.0,14.539577,38.594208,13.271948,train
dish_1558724574,,50.740002,low,118.0,0.354,10.620001,4.012,train
dish_1558632990,,25.25,low,101.0,0.303,5.05,1.818,train
dish_1562094694,,134.596008,low,142.0,11.607294,7.249883,2.246118,train
dish_1563294547,,430.265656,medium,455.0,16.907398,71.27211,4.364019,train
dish_1562945823,,62.19532,low,99.0,2.125645,10.413193,1.383,train
dish_1571946265,,0.0,low,86.0,0.0,0.0,0.0,train
dish_1562702091,,86.534729,low,214.0,5.066993,9.079793,2.838268,train
dish_1551565321,,88.229996,low,172.0,5.615,10.167,2.47,train
dish_1551225067,,63.48,low,46.0,0.966,11.5,2.07,train
dish_1566920365,,490.421692,medium,871.0,5.324439,41.393566,60.675976,train
dish_1551124157,,143.059998,low,164.0,7.399,11.892,7.489,train
dish_1562010085,,440.321442,medium,264.0,25.204319,11.446744,41.166977,train
dish_1565897617,,356.831787,low,211.0,22.75914,9.717452,29.763849,train
dish_1565024741,,359.927979,low,192.0,25.127998,10.634001,22.297001,train
dish_1550708327,,67.07,low,170.0,3.149,6.175,5.513,train
dish_1563563527,,322.90625,low,302.0,23.71756,25.659563,25.201244,train
dish_1562872182,,41.539997,low,296.0,0.626,6.886,4.984,train
dish_1551235270,,317.286011,low,111.0,15.404001,26.206001,18.022999,train
dish_1561746912,,264.095947,low,210.0,8.211681,27.373018,20.891369,train
dish_1565123845,,268.661774,low,201.0,12.761543,17.499899,20.015167,train
dish_1568318286,,32.200001,low,115.0,0.46,6.095,2.53,train
dish_1559157777,,2.53,low,11.0,0.044,0.396,0.319,train
dish_1551235211,,156.779999,low,39.0,12.870001,0.507,9.75,train
dish_1561579673,,221.304153,low,360.0,7.60451,22.447077,18.344212,train
dish_1551306241,,102.789993,low,19.0,7.98,0.266,7.03,train
dish_1565711453,,198.320007,low,134.0,14.74,2.144,13.400001,train
dish_1558636980,,222.778,low,397.0,4.738,47.007004,4.415,train
dish_1561662842,,263.125488,low,172.0,8.762704,5.882767,38.171024,train
dish_1558721980,,26.860001,low,79.0,0.158,6.32,0.632,train
dish_1567785709,,131.250626,low,138.0,8.397309,14.615491,1.001891,train
dish_1550874267,,92.190002,low,132.0,10.509,4.632,14.812,train
dish_1564169340,,657.517517,medium,518.0,30.844044,48.579582,48.924637,train
dish_1565638599,,368.698364,low,279.0,15.76237,23.103624,32.858444,train
dish_1568229442,,465.773438,medium,349.0,28.091572,9.821096,43.050182,train
dish_1558459276,,102.699997,low,79.0,0.237,22.120001,2.133,train
dish_1561753203,,265.471954,low,207.0,13.340455,7.747137,26.240112,train
dish_1562686577,,556.563965,medium,531.0,24.720999,56.031998,29.221001,train
dish_1550792493,,87.5,low,35.0,5.25,0.0,9.099999,train
dish_1551237180,,101.519997,low,216.0,0.216,25.92,1.944,train
dish_1568229399,,143.805573,low,128.0,13.366684,5.405974,2.586734,train
dish_1567613019,,376.526337,low,645.0,4.760488,38.998512,39.138195,train
dish_1551324246,,75.739998,low,14.0,5.88,0.196,5.18,train
dish_1563820806,,207.814453,low,273.0,4.19148,10.491399,31.381857,train
dish_1558640781,,80.079994,low,154.0,0.308,21.559999,0.462,train
dish_1568666000,,209.934982,low,197.0,7.829318,25.612118,10.612808,train
dish_1561737248,,699.382019,medium,394.0,45.718998,30.168999,40.369003,train
dish_1563566909,,222.530014,low,187.0,0.748,46.75,9.35,train
dish_1558459059,,28.98,low,42.0,0.084,7.56,0.294,train
dish_1565809120,,365.630005,low,502.0,1.734,22.898001,63.227997,train
dish_1563309285,,59.450005,low,128.0,3.721,6.603,1.768,train
dish_1551225666,,5.5,low,25.0,0.075,0.825,0.775,train
dish_1551395580,,61.099998,low,47.0,0.141,13.16,1.269,train
dish_1565034661,,219.813263,low,146.0,15.149511,16.317738,6.132204,train
dish_1558720289,,20.0,low,80.0,0.24,4.0,1.44,train
dish_1562860723,,87.909996,low,160.0,0.386,21.93,1.026,train
dish_1566501126,,564.917969,medium,369.0,33.761002,17.909,50.878998,train
dish_1551141931,,21.08,low,62.0,0.124,4.96,0.496,train
dish_1561740411,,333.214539,low,297.0,24.262791,11.968246,17.558758,train
dish_1558642089,,39.360001,low,96.0,0.192,9.6,0.864,train
dish_1560543682,,121.259995,low,86.0,5.848001,15.48,1.806,train
dish_1557861216,,0.0,low,1.0,0.0,0.0,0.0,train
dish_1550712486,,257.119995,low,141.0,11.606,1.862,34.788002,train
dish_1565207896,,298.380798,low,383.0,18.03528,18.665737,24.572189,train
dish_1563309189,,37.950001,low,33.0,3.531,2.079,0.264,train
dish_1574728191,,0.0,low,145.0,0.0,0.0,0.0,train
dish_1561491121,,31.45747,low,28.0,2.923962,1.182557,0.565848,train
dish_1565382969,,13.110001,low,57.0,0.228,2.052,1.653,train
dish_1551374895,,18.199999,low,52.0,0.208,3.64,1.248,train
dish_1558109511,,213.897003,low,37.0,18.315001,8.399,8.288,train
dish_1551136769,,216.590012,low,112.0,12.497,12.812,12.424999,train
dish_1564428102,,133.219666,low,107.0,12.706974,4.446124,2.430635,train
dish_1551303727,,26.66,low,62.0,0.186,5.58,2.108,train
dish_1551304973,,5.94,low,27.0,0.081,0.891,0.837,train
dish_1566937992,,276.53598,low,104.0,9.776,34.84,11.648001,train
dish_1558029842,,22.780001,low,67.0,0.134,5.36,0.536,train
dish_1560369273,,308.951691,low,221.0,28.424227,10.639672,36.668308,train
dish_1559668238,,290.139984,low,89.0,19.58,28.48,2.314,train
dish_1562860700,,23.5,low,47.0,0.047,6.11,0.235,train
dish_1564686966,,153.204697,low,65.0,10.102215,2.514239,13.087502,train
dish_1568401261,,530.393372,medium,443.0,26.350721,34.582966,39.131962,train
dish_1558116399,,7.0,low,25.0,0.1,1.325,0.55,train
dish_1550773349,,64.919998,low,12.0,5.04,0.168,4.44,train
dish_1558640105,,77.453003,low,73.0,1.752,16.059999,2.263,train
dish_1562010418,,209.545135,low,157.0,13.460272,7.343752,15.532299,train
dish_1563564676,,50.623695,low,62.0,1.979075,5.197519,3.843747,train
dish_1563217774,,96.138458,low,265.0,3.161575,15.4723,5.178558,train
dish_1566330466,,377.425903,low,283.0,16.740232,25.28451,30.1614,train
dish_1551488861,,217.098007,low,63.0,17.198999,2.646,12.159,train
dish_1558636544,,410.451019,medium,71.0,35.145,16.117001,15.904,train
dish_1550771487,,5.6,low,56.0,0.0,1.12,0.56,train
dish_1551493159,,330.81601,low,96.0,26.208,4.032,18.528,train
dish_1561392710,,31.800001,low,106.0,0.212,8.056,0.636,train
dish_1562959766,,431.126984,medium,307.0,16.339182,40.705559,29.82984,train
dish_1550707236,,127.391998,low,48.0,2.016,20.304001,6.48,train
dish_1550875058,,138.210007,low,128.0,12.013,11.35,12.988,train
dish_1566414225,,125.182129,low,88.0,4.186408,17.941746,3.759223,train
dish_1550707357,,92.480003,low,136.0,1.904,16.32,3.264,train
dish_1562617395,,185.899994,low,125.0,8.07,20.610001,8.84,train
dish_1551139874,,234.234009,low,152.0,19.852001,16.443001,13.531,train
dish_1551486411,,5.74,low,14.0,0.028,1.4,0.126,train
dish_1551236521,,445.798004,medium,178.0,14.124001,48.341,29.990002,train
dish_1558718974,,422.013,medium,73.0,36.135002,16.570999,16.352001,train
dish_1564428404,,113.751038,low,104.0,9.80839,6.298835,1.598034,train
dish_1551237527,,226.869995,low,168.0,2.99,44.529999,6.951,train
dish_1550860919,,91.769997,low,161.0,0.483,22.540001,1.127,train
dish_1551379162,,42.75,low,75.0,0.225,10.5,0.525,train
dish_1567714934,,734.429993,medium,537.0,39.152,19.838001,78.283997,train
dish_1558720335,,15.64,low,46.0,0.092,3.68,0.368,train
dish_1565208611,,73.669174,low,157.0,2.763648,9.719893,5.120261,train
dish_1558379712,,687.939026,medium,119.0,58.904999,27.013,26.656,train
dish_1551492318,,130.349991,low,79.0,2.844,0.0,24.49,train
dish_1558724891,,83.719994,low,161.0,0.322,22.540001,0.483,train
dish_1551236657,,6.6,low,30.0,0.09,0.99,0.93,train
dish_1566502000,,63.008781,low,184.0,4.846829,3.949269,2.692683,train
dish_1561392543,,126.004929,low,119.0,8.808466,12.171466,0.9586,train
dish_1562774180,,164.083557,low,181.0,6.538097,24.856129,3.047,train
dish_1559667973,,334.460022,low,179.0,17.98,24.923002,17.5124,train
dish_1568044634,,413.19339,medium,789.0,4.152878,38.542122,49.524952,train
dish_1551563853,,191.75,low,164.0,5.444,8.24,27.050001,train
dish_1562615283,,176.535965,low,78.0,11.37568,3.265865,15.28025,train
dish_1558640373,,105.880005,low,276.0,0.552,26.114,2.242,train
dish_1558721272,,29.52,low,72.0,0.144,7.2,0.648,train
dish_1567537387,,72.552467,low,137.0,4.421021,7.681212,1.721936,train
dish_1558115512,,434.196014,medium,126.0,34.397999,5.292,24.318001,train
dish_1558722685,,25.84,low,76.0,0.152,6.08,0.608,train
dish_1559149615,,124.429993,low,23.0,9.66,0.322,8.51,train
dish_1558550127,,127.182007,low,22.0,10.89,4.994,4.928,train
dish_1561576051,,367.885284,low,179.0,19.007559,22.600353,25.634586,train
dish_1562774980,,136.680008,low,201.0,2.814,24.119999,4.824,train
dish_1564687090,,498.018677,medium,416.0,32.74007,40.485527,38.089466,train
dish_1565033265,,1324.084961,high,625.0,106.343002,19.202002,76.664001,train
dish_1567789230,,689.428406,medium,300.0,56.708199,9.1372,34.373402,train
dish_1551565237,,6.38,low,22.0,0.066,1.98,0.242,train
dish_1563294987,,97.379997,low,18.0,7.56,0.252,6.66,train
dish_1550791701,,23.1,low,66.0,0.264,4.62,1.584,train
dish_1563479526,,67.844879,low,51.0,4.713103,5.867841,1.291098,train
dish_1562862493,,198.320007,low,134.0,14.74,2.144,13.400001,train
dish_1551489961,,335.348022,low,157.0,25.953999,7.191,18.979,train
dish_1561666761,,114.336998,low,43.0,4.042,14.405001,4.816,train
dish_1558629818,,156.087006,low,27.0,13.365,6.129,6.048,train
dish_1551124221,,99.160004,low,67.0,7.37,1.072,6.7,train
dish_1562689601,,20.611706,low,37.0,1.046829,2.526829,0.866341,train
dish_1563565683,,65.742775,low,63.0,7.585437,2.142221,8.658039,train
dish_1566587662,,66.979996,low,197.0,0.8865,12.509501,5.0235,train
dish_1551316788,,32.900002,low,70.0,0.07,8.4,0.63,train
dish_1563207277,,153.089996,low,106.0,6.1,23.700001,1.3,train
dish_1551563591,,35.099998,low,27.0,0.081,7.56,0.729,train
dish_1551306339,,209.309998,low,106.0,8.570999,23.296001,9.622,train
dish_1560527105,,92.725296,low,104.0,3.845912,12.959577,2.126438,train
dish_1550789705,,225.0,low,90.0,13.500001,0.0,23.4,train
dish_1567106825,,220.200867,low,104.0,16.905151,3.357732,13.460875,train
dish_1564432165,,246.028381,low,160.0,11.339486,29.141865,8.381219,train
dish_1551133789,,44.5,low,89.0,0.089,11.57,0.445,train
dish_1566920339,,449.531708,medium,730.0,5.042439,32.087563,58.560974,train
dish_1562173742,,81.149994,low,15.0,6.3,0.21,5.55,train
dish_1556575700,,0.0,low,86.0,0.0,0.0,0.0,train
dish_1551134053,,128.759995,low,87.0,9.57,1.392,8.7,train
dish_1565382762,,305.828583,low,139.0,12.677753,36.289688,12.568737,train
dish_1568146977,,375.570007,low,345.0,7.78,8.892,65.332001,train
dish_1562788010,,67.643532,low,182.0,1.845235,11.571823,2.97953,train
dish_1550711973,,16.52,low,59.0,0.236,3.127,1.298,train
dish_1558725403,,289.050018,low,50.0,24.75,11.35,11.200001,train
dish_1567785165,,273.112488,low,116.0,19.671967,11.47429,12.889,train
dish_1558721559,,37.720001,low,92.0,0.184,9.2,0.828,train
dish_1567108037,,674.73053,medium,365.0,40.596661,18.422499,55.602726,train
dish_1559244305,,113.066399,low,64.0,7.04521,9.832837,3.483331,train
dish_1558719066,,73.839996,low,142.0,0.284,19.879999,0.426,train
dish_1551374463,,13.65,low,39.0,0.156,2.73,0.936,train
dish_1550797130,,82.099998,low,189.0,0.779,19.552002,1.826,train
dish_1551228396,,3.1,low,31.0,0.0,0.62,0.31,train
dish_1566333194,,461.585266,medium,220.0,18.614201,36.067131,35.169743,train
dish_1551399340,,48.0,low,50.0,0.75,10.5,1.7,train
dish_1562775373,,329.080017,low,148.0,24.959999,2.312,22.360001,train
dish_1550711488,,65.700005,low,90.0,4.32,1.71,7.2,train
dish_1560357267,,566.840027,medium,383.0,42.130001,6.128,38.299999,train
dish_1568315132,,591.265503,medium,440.0,34.996658,29.930391,41.600544,train
dish_1563378110,,348.823059,low,405.0,11.770057,31.482302,26.479719,train
dish_1567110848,,557.87146,medium,320.0,32.230465,24.101414,40.588142,train
dish_1565383097,,479.248993,medium,430.0,25.929001,13.332999,50.022999,train
dish_1551397629,,99.278,low,166.0,3.446,14.054999,6.404,train
dish_1572540910,,0.0,low,266.0,0.0,0.0,0.0,train
dish_1567021864,,342.875641,low,262.0,30.514339,19.448523,26.453127,train
dish_1558109986,,258.450012,low,75.0,20.475,3.15,14.475,train
dish_1551318673,,118.43,low,249.0,2.117,23.59,4.849,train
dish_1551492975,,259.779999,low,177.0,7.572,6.974999,40.152,train
dish_1561997274,,356.330017,low,185.0,26.859999,2.918,24.17,train
dish_1563216381,,34.649998,low,99.0,0.396,6.93,2.376,train
dish_1563563240,,48.299999,low,42.0,4.494,2.646,0.336,train
dish_1561740321,,52.980408,low,28.0,5.462205,1.063661,0.275927,train
dish_1562873495,,140.106995,low,152.0,5.601,16.172001,7.504,train
dish_1551136683,,70.330002,low,13.0,5.46,0.182,4.81,train
dish_1562183065,,16.5,low,75.0,0.225,2.475,2.325,train
dish_1564686832,,829.737549,high,392.0,39.732468,64.516342,54.179504,train
dish_1558641320,,211.589996,low,336.0,3.092,49.055996,4.52,train
dish_1551233745,,68.150002,low,47.0,2.82,0.705,9.87,train
dish_1560356627,,980.047974,high,301.0,75.973999,6.92,63.124001,train
dish_1562959190,,518.801147,medium,378.0,31.28495,53.022335,26.722988,train
dish_1560442450,,87.761002,low,149.0,0.596,5.364,14.900001,train
dish_1558110335,,37.869999,low,7.0,2.94,0.098,2.59,train
dish_1563222830,,325.068085,low,211.0,11.864419,22.478292,31.888044,train
dish_1550781317,,14.62,low,43.0,0.301,2.924,0.301,train
dish_1562963612,,184.080002,low,156.0,7.228,21.632,9.048,train
dish_1563306039,,493.637207,medium,326.0,26.277563,18.84376,44.06319,train
dish_1565118700,,16.66,low,49.0,0.2205,3.1115,1.2495,train
dish_1551563213,,137.089996,low,137.0,6.757,11.004,9.523,train
dish_1561575068,,421.936707,medium,436.0,17.683113,16.640642,49.57029,train
dish_1563568118,,139.833847,low,134.0,16.134104,4.55647,18.415512,train
dish_1566329203,,94.25,low,377.0,1.131,18.85,6.786,train
dish_1561576295,,249.067139,low,232.0,16.084234,23.931339,4.035298,train
dish_1563898084,,419.493378,medium,384.0,22.837477,30.001255,24.971926,train
dish_1563823814,,25.585732,low,85.0,0.920258,4.275406,0.587577,train
dish_1565640772,,241.169998,low,191.0,5.148,2.862,43.658001,train
dish_1562086067,,178.178009,low,209.0,0.539,42.812,2.255,train
dish_1562613340,,349.389069,low,189.0,23.076174,14.061036,22.696079,train
dish_1564169197,,116.449997,low,50.0,6.5,8.95,5.5,train
dish_1563823359,,641.700317,medium,333.0,33.413414,11.550248,72.452301,train
dish_1572031606,,0.0,low,150.0,0.0,0.0,0.0,train
dish_1562096401,,366.863678,low,352.0,15.268942,11.065385,44.5625,train
dish_1562698100,,24.0219,low,83.0,1.064365,2.783724,0.736868,train
dish_1550771938,,14.400001,low,36.0,0.072,3.24,0.72,train
dish_1563566965,,370.827026,low,286.0,12.088502,56.243797,13.121026,train
dish_1563208439,,92.610001,low,96.0,4.299,8.009999,6.144,train
dish_1562687246,,115.4216,low,61.0,11.899805,2.317261,0.601127,train
dish_1563984701,,275.200012,low,172.0,17.200001,5.16,24.08,train
dish_1563909919,,26.685751,low,51.0,1.324725,3.48075,0.89505,train
dish_1575999037,,0.0,low,156.0,0.0,0.0,0.0,train
dish_1550777319,,25.5,low,75.0,0.15,6.0,0.6,train
dish_1551124062,,82.880005,low,56.0,6.16,0.896,5.6,train
dish_1561579933,,447.449249,medium,306.0,27.486643,11.074479,38.745918,train
dish_1571931482,,0.0,low,337.0,0.0,0.0,0.0,train
dish_1551235699,,324.5,low,262.0,16.138,21.580999,23.791998,train
dish_1562700957,,286.933777,low,424.0,23.180536,21.410158,20.523823,train
dish_1551490469,,6.56,low,16.0,0.032,1.6,0.144,train
dish_1562698239,,407.633148,medium,230.0,16.596676,30.606619,30.144001,train
dish_1562691000,,326.621704,low,349.0,17.551828,27.178827,16.56134,train
dish_1558721434,,99.900002,low,350.0,0.778,22.713001,3.759,train
dish_1574711589,,0.0,low,190.0,0.0,0.0,0.0,train
dish_1551384080,,46.0,low,92.0,0.092,11.959999,0.46,train
dish_1568400967,,36.610001,low,113.0,0.452,7.196,2.628,train
dish_1562700568,,246.864426,low,318.0,21.832207,16.653193,23.56325,train
dish_1551396096,,273.899994,low,76.0,20.151001,18.945,8.97,train
dish_1550772027,,66.300003,low,142.0,0.564,15.336,1.476,train
dish_1567106620,,39.040001,low,146.0,0.292,8.652,1.952,train
dish_1561662501,,158.395508,low,165.0,7.063837,21.929186,6.882387,train
dish_1551224787,,151.149994,low,330.0,0.615,39.449997,2.434,train
dish_1551374189,,94.899994,low,73.0,0.219,20.440001,1.971,train
dish_1562008476,,120.505836,low,120.0,6.163932,6.287506,10.764524,train
dish_1572627152,,0.0,low,276.0,0.0,0.0,0.0,train
dish_1561049373,,290.75,low,146.0,21.950001,2.298,19.73,train
dish_1566499686,,674.706787,medium,388.0,37.685776,35.915737,48.447742,train
dish_1562776428,,33.69978,low,66.0,0.844443,5.852568,2.209742,train
dish_1559332418,,482.108826,medium,271.0,24.459951,10.669066,50.326538,train
dish_1568143527,,119.654999,low,45.0,4.23,15.075001,5.04,train
dish_1559581356,,436.946686,medium,294.0,31.165363,8.55025,29.397259,train
dish_1568316041,,149.125931,low,149.0,12.696175,4.53204,7.439879,train
dish_1558115764,,151.479996,low,28.0,11.759999,0.392,10.360001,train
dish_1561134128,,58.5,low,141.0,0.342,14.556,0.906,train
dish_1562179966,,194.759995,low,36.0,15.12,0.504,13.32,train
dish_1558031351,,12.3,low,41.0,0.041,3.116,0.246,train
dish_1563563378,,385.441956,low,351.0,22.842001,17.222,29.950001,train
dish_1562702853,,272.567291,low,169.0,16.7607,5.334673,23.449675,train
dish_1568305198,,311.354004,low,82.0,23.042,2.542,23.862001,train
dish_1563389199,,390.254456,low,284.0,8.273479,70.210716,16.497627,train
dish_1563565289,,93.367996,low,88.0,2.112,19.360001,2.728,train
dish_1550772314,,235.410004,low,239.0,10.299001,24.686001,11.17,train
dish_1566838286,,72.5,low,145.0,0.145,18.849998,0.725,train
dish_1563307575,,671.082031,medium,419.0,38.148251,25.06155,53.939724,train
dish_1561567053,,26.1,low,87.0,0.174,6.612,0.522,train
dish_1558725286,,816.792053,high,308.0,65.965004,40.704002,33.318001,train
dish_1562097001,,529.879639,medium,418.0,41.238701,40.368938,46.891212,train
dish_1568048053,,607.200073,medium,356.0,43.039101,10.333097,44.270805,train
dish_1563464457,,158.990005,low,163.0,7.518,16.837999,7.252,train
dish_1566500988,,21.33,low,63.0,0.176,4.7,1.067,train
dish_1551232627,,65.699997,low,73.0,9.49,0.0,13.432,train
dish_1563294522,,250.965668,low,400.0,4.807397,53.672115,2.934019,train
dish_1551375086,,41.829998,low,89.0,0.089,10.679999,0.801,train
dish_1562086740,,447.890015,medium,215.0,33.880001,3.374,30.41,train
dish_1550876892,,108.939995,low,58.0,8.67,3.971,4.84,train
dish_1561752449,,287.849854,low,134.0,14.534126,14.237979,24.759119,train
dish_1563996251,,39.5,low,158.0,0.474,7.9,2.844,train
dish_1551493278,,417.876007,medium,198.0,26.646,24.011999,20.226,train
dish_1573233324,,0.0,low,189.0,0.0,0.0,0.0,train
dish_1561405332,,18.549999,low,53.0,0.212,3.71,1.272,train
dish_1551489931,,335.348022,low,157.0,25.953999,7.191,18.979,train
dish_1551492093,,77.907997,low,85.0,5.34,3.795,4.896,train
dish_1562617492,,558.5578,medium,373.0,27.255165,39.354103,39.668491,train
dish_1561996786,,119.269997,low,99.0,5.686,9.42,8.141,train
dish_1563393366,,89.85463,low,178.0,7.287953,7.559166,9.442002,train
dish_1565638365,,612.350098,medium,389.0,33.065617,36.632473,41.299091,train
dish_1561579845,,307.264221,low,163.0,14.719878,4.394568,36.616074,train
dish_1558635489,,78.514,low,74.0,1.776,16.280001,2.294,train
dish_1565203094,,898.019653,high,485.0,27.678381,37.98381,116.735558,train
dish_1550771421,,203.570007,low,141.0,14.122,5.374,13.842001,train
dish_1566414780,,807.416321,high,651.0,35.501945,33.422516,102.633827,train
dish_1562173111,,792.179993,medium,163.0,50.529999,68.459999,27.710001,train
dish_1560798815,,404.963837,medium,341.0,15.423538,46.987759,22.861877,train
dish_1562168696,,95.114838,low,141.0,2.474677,18.134903,1.705,train
dish_1562790170,,103.693726,low,84.0,9.853384,3.382092,2.015873,train
dish_1558376768,,74.360001,low,143.0,0.286,0.429,20.02,train
dish_1562774206,,298.76355,low,272.0,16.548098,26.31213,12.147001,train
dish_1551314442,,5.06,low,23.0,0.069,0.759,0.713,train
dish_1562702412,,183.389359,low,285.0,8.965265,21.698669,6.422541,train
dish_1558722247,,604.616028,medium,343.0,43.181,46.771999,21.49,train
dish_1565637162,,581.508667,medium,286.0,33.07954,26.089733,41.841675,train
dish_1550708280,,5.4,low,54.0,0.0,1.08,0.54,train
dish_1571931678,,0.0,low,351.0,0.0,0.0,0.0,train
dish_1562009894,,244.80722,low,200.0,12.012504,29.885567,5.628496,train
dish_1551223394,,229.416016,low,145.0,3.528,38.502003,10.320001,train
dish_1561578775,,295.148987,low,111.0,10.434,37.185001,12.432,train
dish_1562689645,,302.431702,low,169.0,22.386829,4.59483,20.00634,train
dish_1563391708,,319.237152,low,205.0,22.678272,26.219967,23.104446,train
dish_1572291671,,0.0,low,108.0,0.0,0.0,0.0,train
dish_1559841023,,73.599998,low,46.0,4.6,1.38,6.44,train
dish_1563205903,,101.239998,low,122.0,3.674,1.659,13.6,train
dish_1565209963,,244.455963,low,253.0,7.331051,33.016068,13.147844,train
dish_1558109907,,43.470001,low,63.0,0.126,11.34,0.441,train
dish_1551491297,,475.442017,medium,192.0,35.541,5.58,31.621,train
dish_1565811139,,902.200012,high,416.0,62.632004,9.06,74.731003,train
dish_1559675268,,39.370003,low,144.0,0.271,8.615,2.315,train
dish_1567714745,,8.96,low,32.0,0.128,1.696,0.704,train
dish_1568132561,,273.523987,low,177.0,15.403999,19.736,15.110001,train
dish_1562875833,,156.146393,low,143.0,17.617085,5.866979,18.305403,train
dish_1559233144,,398.063995,low,198.0,29.666,3.722,27.729,train
dish_1558722931,,439.356018,medium,76.0,37.619999,17.251999,17.024,train
dish_1558637423,,948.859009,high,409.0,66.363998,77.916,32.687,train
dish_1565811000,,342.850006,low,225.0,7.46,0.72,64.129997,train
dish_1558639673,,16.02,low,89.0,0.178,3.471,0.801,train
dish_1550713114,,425.690033,medium,218.0,34.531002,19.782,17.199001,train
dish_1558718610,,113.527,low,107.0,2.568,23.539999,3.317,train
dish_1572453701,,0.0,low,85.0,0.0,0.0,0.0,train
dish_1562085604,,241.110001,low,423.0,1.269,59.220001,2.961,train
dish_1558372771,,522.609985,medium,311.0,32.981003,26.709002,38.307999,train
dish_1562094730,,428.194458,medium,336.0,24.716473,11.798436,39.125523,train
dish_1559934708,,202.445465,low,178.0,7.353578,13.478154,19.764999,train
dish_1558636763,,60.839996,low,117.0,0.234,16.379999,0.351,train
dish_1551486628,,128.269989,low,127.0,8.976,13.307,1.88,train
dish_1550706096,,18.0,low,45.0,0.09,4.05,0.9,train
dish_1561393741,,188.830002,low,165.0,12.956,5.286,12.776,train
dish_1575308389,,0.0,low,146.0,0.0,0.0,0.0,train
dish_1550790347,,17.629999,low,43.0,0.086,4.3,0.387,train
dish_1562617370,,155.099991,low,55.0,6.6,17.6,6.6,train
dish_1561739623,,156.240005,low,348.0,1.056,33.599998,7.176,train
dish_1566414924,,247.482193,low,227.0,17.619051,20.417046,4.710957,train
dish_1562959059,,365.76358,low,216.0,21.98443,36.174995,22.950008,train
dish_1562614921,,285.56543,low,287.0,11.645432,13.541164,32.079254,train
dish_1561748950,,197.252945,low,205.0,7.970456,14.045125,16.746489,train
dish_1551136531,,81.400002,low,55.0,6.05,0.88,5.5,train
dish_1558724912,,30.75,low,75.0,0.15,7.5,0.675,train
dish_1566331828,,349.583069,low,306.0,11.754175,20.38279,41.194607,train
dish_1568665935,,154.222,low,58.0,5.452,19.43,6.496,train
dish_1558113204,,179.210999,low,31.0,15.345,7.037,6.944,train
dish_1560802149,,365.517456,low,249.0,17.394941,10.470455,39.855083,train
dish_1561753432,,380.321686,low,238.0,19.463066,16.882177,33.369026,train
dish_1550706448,,8.5,low,85.0,0.0,1.7,0.85,train
dish_1563217736,,23.449999,low,67.0,0.268,4.69,1.608,train
dish_1575307845,,0.0,low,143.0,0.0,0.0,0.0,train
dish_1562959103,,395.013611,low,255.0,22.101429,43.194996,23.418005,train
dish_1558639482,,30.768999,low,29.0,0.696,6.38,0.899,train
dish_1567801830,,265.072388,low,201.0,11.296759,27.443153,13.996019,train
dish_1551563627,,76.48999,low,106.0,2.208,11.688,4.496,train
dish_1551374831,,70.330002,low,13.0,5.46,0.182,4.81,train
dish_1556575499,,103.299995,low,152.0,6.882,10.618,2.868,train
dish_1551304349,,30.25,low,121.0,0.363,6.05,2.178,train
dish_1561577678,,218.887756,low,104.0,12.566033,3.08658,21.246046,train
dish_1567007719,,14.28,low,42.0,0.084,3.36,0.336,train
dish_1551135718,,89.879997,low,140.0,9.608999,5.446,13.893,train
dish_1551236981,,176.550003,low,107.0,3.852,0.0,33.170002,train
dish_1551124116,,143.059998,low,164.0,7.399,11.892,7.489,train
dish_1562173200,,213.366608,low,259.0,7.265494,26.16419,13.126373,train
dish_1550708985,,28.800001,low,72.0,0.144,6.48,1.44,train
dish_1561575908,,106.360001,low,40.0,3.76,13.400001,4.48,train
dish_1551232973,,107.599998,low,7975.0,1.393,20.700001,4.993,train
dish_1565724087,,230.61496,low,160.0,12.252845,4.755569,25.147102,train
dish_1550771796,,14.28,low,42.0,0.294,2.856,0.294,train
dish_1565811025,,361.050018,low,277.0,7.668,4.36,65.377998,train
dish_1561062237,,182.259399,low,110.0,8.210912,8.149249,17.376198,train
dish_1563811611,,195.360001,low,132.0,14.52,2.112,13.2,train
dish_1568315001,,504.709412,medium,364.0,30.381466,19.98134,39.580326,train
dish_1566590987,,639.911865,medium,370.0,25.690851,8.976191,86.361153,train
dish_1551233573,,33.799999,low,65.0,0.13,9.1,0.195,train
dish_1562776497,,291.832458,low,292.0,13.205418,32.771591,11.634132,train
dish_1565123816,,250.916733,low,110.0,12.352043,13.950899,19.241669,train
dish_1562690917,,69.061707,low,122.0,1.301829,14.426828,1.461342,train
dish_1559589902,,16.368,low,76.0,0.184,2.64,2.158,train
dish_1551566781,,142.630005,low,132.0,2.962,8.96,19.308001,train
dish_1558113255,,30.6,low,90.0,0.18,7.2,0.72,train
dish_1558723015,,31.16,low,76.0,0.152,7.6,0.684,train
dish_1574280383,,0.0,low,113.0,0.0,0.0,0.0,train
dish_1551392654,,125.589996,low,111.0,7.965,8.582,7.713,train
dish_1574281837,,0.0,low,42.0,0.0,0.0,0.0,train
dish_1558028007,,54.669998,low,71.0,0.071,12.07,1.42,train
dish_1551377874,,223.309998,low,213.0,8.291,34.719997,4.805,train
dish_1558638216,,55.899998,low,43.0,0.129,12.04,1.161,train
dish_1563568263,,119.654999,low,45.0,4.23,15.075001,5.04,train
dish_1560369146,,474.832947,medium,359.0,28.112362,16.167395,39.061409,train
dish_1550712315,,8.12,low,29.0,0.116,1.537,0.638,train
dish_1558116146,,76.589996,low,111.0,0.222,19.980001,0.777,train
dish_1558379273,,227.436005,low,66.0,18.018,2.772,12.738,train
dish_1551139535,,13.6,low,34.0,0.068,3.06,0.68,train
dish_1567798511,,22.220085,low,18.0,2.111439,0.724734,0.431973,train
dish_1561741090,,161.540009,low,221.0,5.977,11.469999,15.538,train
dish_1550778172,,136.839996,low,182.0,8.895,5.528,8.724999,train
dish_1560367952,,414.733154,medium,221.0,21.073912,45.956913,24.938904,train
dish_1562180025,,798.913696,medium,256.0,55.475594,12.93051,59.066467,train
dish_1551317998,,28.67,low,47.0,0.235,7.05,0.517,train
dish_1573579439,,0.0,low,216.0,0.0,0.0,0.0,train
dish_1560455030,,20.59,low,103.0,0.148,4.625,0.956,train
dish_1567526738,,225.159988,low,433.0,0.866,3.031,43.299999,train
dish_1563813833,,256.865997,low,207.0,14.235001,3.234,25.443001,train
dish_1551390474,,37.23,low,51.0,2.448,0.969,4.08,train
dish_1560543525,,83.43,low,187.0,3.887,10.716001,3.249,train
dish_1551222558,,82.379997,low,128.0,1.197,15.042,3.849,train
dish_1565898659,,576.704529,medium,537.0,11.448723,16.11227,97.243431,train
dish_1562872223,,306.862701,low,468.0,8.376755,10.477843,47.902866,train
dish_1558113941,,296.890015,low,78.0,24.862,12.834001,11.816001,train
dish_1574711451,,0.0,low,91.0,0.0,0.0,0.0,train
dish_1558027057,,80.665001,low,65.0,0.13,19.110001,1.04,train
dish_1561147944,,42.371025,low,34.0,3.643008,2.258935,0.820393,train
dish_1564601600,,600.798035,medium,434.0,34.061848,39.35067,36.421764,train
dish_1559239369,,130.919998,low,276.0,0.612,31.919998,3.068,train
dish_1560526514,,183.252747,low,224.0,8.398129,26.031246,3.418025,train
dish_1550769483,,113.610001,low,21.0,8.82,0.294,7.77,train
dish_1558718906,,282.580017,low,247.0,14.228001,36.890999,9.815001,train
dish_1558637865,,71.086998,low,67.0,1.608,14.74,2.077,train
dish_1550861950,,31.49,low,67.0,0.067,8.04,0.603,train
dish_1551323969,,98.220001,low,202.0,0.612,14.752001,13.335,train
dish_1550793621,,253.049988,low,198.0,9.804,20.650002,19.611998,train
dish_1561577146,,154.23642,low,99.0,7.909346,14.019524,7.927969,train
dish_1551564480,,102.800003,low,140.0,6.094,13.247999,1.204,train
dish_1568145177,,379.179016,low,296.0,13.668357,21.766396,41.487545,train
dish_1560961385,,249.519989,low,293.0,11.830999,23.794003,12.781,train
dish_1551222833,,75.970001,low,104.0,0.749,16.02,3.554,train
dish_1572988741,,0.0,low,54.0,0.0,0.0,0.0,train
dish_1561752563,,373.507965,low,367.0,18.29771,24.707659,29.35907,train
dish_1561579576,,78.00235,low,267.0,2.036824,14.455882,3.650353,train
dish_1562785132,,211.542679,low,192.0,24.6008,10.392798,28.955555,train
dish_1559319902,,8.5,low,17.0,0.017,2.21,0.085,train
dish_1559061675,,24.900002,low,83.0,0.166,6.308,0.498,train
dish_1561741063,,132.300003,low,135.0,5.805,4.59,14.85,train
dish_1560976044,,124.670006,low,137.0,0.685,26.167,5.754,train
dish_1565123783,,93.064995,low,35.0,3.29,11.725,3.92,train
dish_1550710612,,261.01001,low,43.0,23.220001,9.03,8.6,train
dish_1561405864,,197.121201,low,106.0,5.344729,12.694054,23.070551,train
dish_1568666230,,55.800003,low,268.0,0.692,10.969999,4.532,train
dish_1575404926,,0.0,low,89.0,0.0,0.0,0.0,train
dish_1561749778,,334.527893,low,340.0,15.126814,15.89182,32.941494,train
dish_1551228630,,80.660004,low,37.0,1.073,16.65,2.22,train
dish_1563475788,,39.0,low,78.0,0.078,10.139999,0.39,train
dish_1559246053,,251.04599,low,494.0,0.822,63.925999,3.73,train
dish_1561578603,,180.514832,low,96.0,9.961771,7.509113,13.929778,train
dish_1551227435,,37.41,low,87.0,0.261,7.83,2.958,train
dish_1564429894,,498.769836,medium,566.0,11.819027,73.531738,25.254065,train
dish_1551375747,,145.819992,low,166.0,6.952,7.116,13.907999,train
dish_1565981848,,147.410431,low,198.0,11.091943,8.199256,15.093219,train
dish_1558723742,,375.109985,low,264.0,22.268999,40.23,13.325,train
dish_1566936266,,220.955551,low,146.0,9.865667,3.423139,27.754599,train
dish_1560456814,,318.333374,low,283.0,23.540922,31.46323,28.815844,train
dish_1551563824,,70.949997,low,43.0,1.548,0.0,13.33,train
dish_1565724552,,108.80024,low,298.0,4.671976,15.722977,4.621049,train
dish_1551233491,,17.75,low,71.0,0.213,3.55,1.278,train
dish_1561062320,,307.868378,low,202.0,11.824565,28.927616,20.03928,train
dish_1550785697,,6.44,low,23.0,0.092,1.219,0.506,train
dish_1562945393,,319.388367,low,401.0,10.646932,31.424669,24.703182,train
dish_1565203015,,663.939575,medium,397.0,19.142382,8.94381,107.055565,train
dish_1560539396,,384.044525,low,417.0,27.839884,36.360641,25.778503,train
dish_1551381829,,2.652,low,13.0,0.013,0.507,0.286,train
dish_1562688552,,235.820007,low,304.0,8.75,30.278002,11.736,train
dish_1566850031,,616.771973,medium,662.0,19.197001,25.780001,84.644997,train
dish_1561666923,,539.63855,medium,425.0,22.059612,55.690098,34.942749,train
dish_1551492702,,28.5,low,114.0,0.342,5.7,2.052,train
dish_1558373159,,1013.337036,high,334.0,79.117996,30.505001,60.625,train
dish_1550860858,,175.660004,low,227.0,8.477,17.389999,8.487,train
dish_1562094621,,10.54,low,34.0,0.034,2.38,0.612,train
dish_1558547068,,2.53,low,11.0,0.044,0.396,0.319,train
dish_1558723123,,51.988998,low,49.0,1.176,10.78,1.519,train
dish_1558380058,,208.115997,low,36.0,17.82,8.172,8.064,train
dish_1551303285,,79.299995,low,61.0,0.183,17.08,1.647,train
dish_1558381708,,16.43,low,53.0,0.053,3.71,0.954,train
dish_1563900205,,262.261963,low,301.0,14.248585,21.506342,12.863122,train
dish_1563478751,,950.395081,high,545.0,45.303986,54.133282,74.772202,train
dish_1551237079,,312.910004,low,245.0,9.708,9.18,46.257999,train
dish_1559842326,,334.483002,low,106.0,26.394001,18.921,12.296,train
dish_1562007866,,497.861359,medium,465.0,15.249501,62.604572,28.075634,train
dish_1551492056,,77.907997,low,85.0,5.34,3.795,4.896,train
dish_1565811091,,504.400024,medium,371.0,17.632,9.06,74.731003,train
dish_1566414891,,213.994171,low,163.0,15.956649,16.049046,3.587757,train
dish_1566332268,,567.580994,medium,595.0,31.404999,22.379,54.752998,train
dish_1551487158,,94.299995,low,82.0,8.774,5.166,0.656,train
dish_1551566922,,24.09,low,33.0,1.584,0.627,2.64,train
dish_1568217325,,304.676147,low,106.0,25.899073,4.295527,13.315328,train
dish_1551224751,,15.91,low,37.0,0.111,3.33,1.258,train
dish_1559062082,,387.869995,low,311.0,21.615999,22.046001,25.468,train
dish_1558031019,,206.442001,low,197.0,6.553999,30.423998,7.313,train
dish_1551135767,,89.879997,low,140.0,9.608999,5.446,13.893,train
dish_1563468776,,370.0,low,250.0,27.5,4.0,25.0,train
dish_1551392519,,56.210003,low,77.0,3.696,1.463,6.16,train
dish_1566590566,,186.959702,low,142.0,8.816879,8.613251,17.35244,train
dish_1563382953,,249.919525,low,170.0,16.234716,12.476491,12.876415,train
dish_1563897837,,118.470001,low,304.0,0.709,29.568001,1.925,train
dish_1563812570,,369.08429,low,320.0,17.96558,11.348774,37.687,train
dish_1563217804,,492.934601,medium,459.0,25.171036,22.654509,44.78577,train
dish_1564691450,,542.326721,medium,366.0,35.475227,28.016935,32.657883,train
dish_1558718088,,219.419983,low,405.0,2.887,50.610001,5.57,train
dish_1558379588,,74.360001,low,143.0,0.286,0.429,20.02,train
dish_1550792194,,24.48,low,72.0,0.144,5.76,0.576,train
dish_1574702473,,0.0,low,161.0,0.0,0.0,0.0,train
dish_1566242298,,709.369019,medium,558.0,21.716002,17.345001,106.701996,train
dish_1562691674,,376.976868,low,435.0,11.33825,42.573318,26.482393,train
dish_1550785404,,37.310001,low,91.0,0.182,9.1,0.819,train
dish_1563567722,,645.323669,medium,576.0,50.287819,55.290188,40.357468,train
dish_1558629517,,263.218994,low,167.0,19.945,16.404999,10.336,train
dish_1562946075,,557.884033,medium,297.0,41.737999,11.836,32.509998,train
dish_1558376801,,4.2,low,15.0,0.06,0.795,0.33,train
dish_1551225948,,6.15,low,15.0,0.03,1.5,0.135,train
dish_1558725193,,763.092041,medium,132.0,65.340004,29.964001,29.568001,train
dish_1562602918,,265.622253,low,417.0,5.792155,34.749252,19.446213,train
dish_1558549086,,73.150002,low,95.0,0.095,16.15,1.9,train
dish_1562615360,,331.481995,low,191.0,20.402439,20.033928,17.89061,train
dish_1558463429,,42.09,low,61.0,0.122,10.98,0.427,train
dish_1551563773,,92.800003,low,64.0,3.84,0.96,13.44,train
dish_1564428144,,205.212921,low,171.0,14.074488,16.700045,5.11141,train
dish_1550708556,,99.160004,low,67.0,7.37,1.072,6.7,train
dish_1560799615,,332.749847,low,283.0,17.999836,32.516449,11.012909,train
dish_1551378762,,55.630001,low,153.0,0.352,12.295,2.976,train
dish_1559245920,,14.25,low,57.0,0.171,2.85,1.026,train
dish_1550795455,,218.110001,low,391.0,0.719,55.329998,3.106,train
dish_1565195493,,406.998535,medium,291.0,21.026194,20.198807,30.984879,train
dish_1562008842,,355.759705,low,294.0,24.022318,17.568413,19.549057,train
dish_1564171996,,519.50116,medium,484.0,21.996632,37.141384,43.830639,train
dish_1550862399,,201.37999,low,292.0,0.798,51.060001,2.806,train
dish_1568061174,,232.553268,low,287.0,7.069138,34.983978,7.866788,train
dish_1574443234,,0.0,low,129.0,0.0,0.0,0.0,train
dish_1566934366,,87.746994,low,33.0,3.102,11.055,3.696,train
dish_1576258613,,0.0,low,35.0,0.0,0.0,0.0,train
dish_1559849497,,521.433044,medium,340.0,30.552,58.438999,15.014,train
dish_1550791214,,175.940002,low,194.0,5.658,22.68,9.922,train
dish_1560369080,,55.050571,low,49.0,5.116934,2.069475,0.990234,train
dish_1560368395,,49.320004,low,137.0,0.137,12.330001,0.685,train
dish_1550771869,,37.619999,low,66.0,0.198,9.24,0.462,train
dish_1560367980,,421.465118,medium,254.0,21.106911,47.243912,25.664904,train
dish_1565637504,,28.0,low,56.0,0.056,7.28,0.28,train
dish_1563216659,,190.057999,low,173.0,5.090516,4.554782,29.822712,train
dish_1564686702,,307.944977,low,130.0,12.545,36.75,11.96,train
dish_1550779388,,452.588013,medium,288.0,30.136002,22.596001,23.92,train
dish_1566317711,,123.760002,low,182.0,2.548,21.84,4.368,train
dish_1562184604,,211.380005,low,78.0,14.82,0.0,19.5,train
dish_1561737271,,762.381958,medium,520.0,45.844997,46.548996,40.999001,train
dish_1562775047,,284.880005,low,461.0,3.594,60.52,6.644,train
dish_1560444756,,150.779999,low,418.0,0.588,38.239998,2.26,train
dish_1573763118,,0.0,low,167.0,0.0,0.0,0.0,train
dish_1551142589,,189.929993,low,216.0,4.171,23.194998,15.785,train
dish_1563308353,,51.465488,low,140.0,1.002588,10.880392,1.31949,train
dish_1561481634,,462.057007,medium,228.0,27.153999,27.759998,25.482,train
dish_1551492023,,27.550001,low,19.0,1.14,0.285,3.99,train
dish_1575307466,,0.0,low,82.0,0.0,0.0,0.0,train
dish_1564690138,,190.499496,low,181.0,6.844433,24.872919,10.031026,train
dish_1560444967,,197.377884,low,252.0,10.071443,23.811623,4.947491,train
dish_1563567626,,291.838776,low,248.0,20.734053,26.722198,6.39573,train
dish_1573851651,,0.0,low,420.0,0.0,0.0,0.0,train
dish_1558029518,,137.751007,low,111.0,0.222,32.633999,1.776,train
dish_1563812508,,112.839996,low,217.0,0.434,1.519,21.700001,train
dish_1566242234,,289.309998,low,363.0,5.446,15.791,43.513992,train
dish_1562784266,,131.804001,low,76.0,4.16,20.240002,4.884,train
dish_1565726887,,174.015305,low,172.0,11.514614,15.960674,3.668133,train
dish_1550770265,,20.74,low,61.0,0.427,4.148,0.427,train
dish_1551490399,,165.408005,low,48.0,13.104,2.016,9.264,train
dish_1571934494,,0.0,low,232.0,0.0,0.0,0.0,train
dish_1558031302,,56.98,low,74.0,0.074,12.58,1.48,train
dish_1559849466,,467.613037,medium,262.0,30.396,44.398998,14.468,train
dish_1559238481,,59.689999,low,127.0,0.127,15.24,1.143,train
dish_1559238993,,61.559998,low,108.0,0.324,15.12,0.756,train
dish_1551227280,,4.9,low,49.0,0.0,0.98,0.49,train
dish_1558717886,,73.839996,low,142.0,0.284,19.879999,0.426,train
dish_1565640914,,774.291992,medium,457.0,53.178001,20.476,55.195,train
dish_1562774475,,320.963989,low,128.0,22.848999,13.518001,14.556001,train
dish_1561578898,,442.549774,medium,267.0,19.157742,51.731304,17.11825,train
dish_1568141871,,292.48999,low,110.0,10.339999,36.850002,12.320001,train
dish_1561752996,,848.655762,high,415.0,42.90057,36.336651,76.788078,train
dish_1563897981,,243.540009,low,138.0,18.279999,2.188,16.5,train
dish_1551567731,,42.549999,low,37.0,3.959,2.331,0.296,train
dish_1564502063,,497.719971,medium,92.0,38.639999,1.288,34.040001,train
dish_1559846099,,206.938995,low,114.0,14.642001,15.712999,7.688,train
dish_1551389218,,135.804001,low,108.0,10.511,3.913,7.322,train
dish_1567537457,,297.765015,low,361.0,12.137429,36.091728,12.930025,train
dish_1561739649,,208.233551,low,388.0,3.843097,39.756126,8.455999,train
dish_1561666619,,35.880001,low,52.0,0.104,9.360001,0.364,train
dish_1561392512,,42.75,low,75.0,0.225,10.5,0.525,train
dish_1558636483,,80.079994,low,154.0,0.308,21.559999,0.462,train
dish_1560270630,,120.560005,low,215.0,0.18,29.436001,1.646,train
dish_1559149650,,26.24,low,64.0,0.128,6.4,0.576,train
dish_1561996813,,150.470001,low,159.0,5.806,9.84,14.141001,train
dish_1565987081,,268.069977,low,288.0,5.62,3.804,48.795998,train
dish_1567628069,,107.433014,low,73.0,7.180391,10.049737,2.344513,train
dish_1565896039,,352.529205,low,384.0,14.546413,36.577454,20.687317,train
dish_1565210037,,291.816223,low,346.0,8.348126,42.821316,14.077192,train
dish_1551565909,,97.769997,low,178.0,4.593,17.257,1.676,train
dish_1550770802,,168.580002,low,254.0,9.564,11.199999,9.996,train
dish_1550705288,,77.0,low,100.0,0.1,17.0,2.0,train
dish_1558549150,,45.540001,low,66.0,0.132,11.88,0.462,train
dish_1563813501,,694.123352,medium,414.0,46.640221,27.803967,40.463898,train
dish_1561492161,,48.309685,low,43.0,4.490371,1.81607,0.868981,train
dish_1558631932,,214.931992,low,355.0,3.174,49.670998,4.735,train
dish_1562775574,,242.477127,low,387.0,3.534756,36.081387,17.561642,train
dish_1551567471,,71.050003,low,49.0,2.94,0.735,10.29,train
dish_1565641885,,254.215988,low,139.0,8.695,32.653,11.338,train
dish_1558632080,,72.148003,low,68.0,1.632,14.96,2.108,train
dish_1568313487,,13.72,low,49.0,0.196,2.597,1.078,train
dish_1558639089,,19.32,low,28.0,0.056,5.04,0.196,train
dish_1560456833,,351.583435,low,378.0,23.920921,38.113228,31.095846,train
dish_1551399100,,156.169998,low,145.0,6.042,7.536,19.712002,train
dish_1567542986,,605.856323,medium,498.0,24.521738,62.959728,34.741642,train
dish_1563565805,,157.493027,low,360.0,13.148071,10.194366,14.375502,train
dish_1562615128,,397.568329,low,244.0,25.728844,14.190873,28.213522,train
dish_1560454488,,48.244003,low,42.0,4.500726,1.893843,0.63549,train
dish_1557853314,,115.413002,low,93.0,0.186,27.341999,1.488,train
dish_1558638246,,32.98,low,97.0,0.194,7.76,0.776,train
dish_1566931650,,610.869019,medium,488.0,33.803001,23.139999,58.401997,train
dish_1560798656,,287.171997,low,108.0,10.151999,36.18,12.096001,train
dish_1565640427,,195.761993,low,42.0,12.096,20.916,2.604,train
dish_1560961012,,191.699997,low,71.0,5.68,28.613001,6.6172,train
dish_1565036953,,586.944702,medium,443.0,26.309841,46.808929,40.449074,train
dish_1551565996,,303.248016,low,88.0,24.024,3.696,16.984001,train
dish_1559845018,,302.425995,low,175.0,18.065001,29.681999,10.208,train
dish_1566844803,,249.819977,low,227.0,11.004,27.212,12.808001,train
dish_1560270537,,24.0,low,48.0,0.048,6.24,0.24,train
dish_1565721855,,479.034454,medium,450.0,15.635769,23.092735,59.862839,train
dish_1572032323,,0.0,low,75.0,0.0,0.0,0.0,train
dish_1571931623,,0.0,low,151.0,0.0,0.0,0.0,train
dish_1558640294,,42.400002,low,184.0,0.368,9.554,1.598,train
dish_1566488981,,279.328308,low,486.0,2.897561,22.355442,35.227028,train
dish_1564415172,,243.093658,low,266.0,10.345511,11.417489,23.167805,train
dish_1551234252,,15.4,low,44.0,0.176,3.08,1.056,train
dish_1551390341,,147.100006,low,165.0,2.513,12.76,19.107,train
dish_1574269685,,0.0,low,149.0,0.0,0.0,0.0,train
dish_1566316757,,448.382874,medium,819.0,4.36961,34.209389,59.50024,train
dish_1559244546,,469.942139,medium,281.0,13.549142,6.330505,75.774841,train
dish_1551227380,,87.146004,low,102.0,1.29,14.039,5.149,train
dish_1558547008,,73.919998,low,96.0,0.096,16.32,1.92,train
dish_1566849327,,551.702026,medium,362.0,31.255999,14.87,55.122002,train
dish_1562959517,,91.140381,low,74.0,7.215058,5.974161,1.629955,train
dish_1564689078,,72.360779,low,55.0,6.584693,2.958964,1.450291,train
dish_1551319895,,60.630001,low,129.0,0.129,15.48,1.161,train
dish_1551395512,,25.5,low,51.0,0.051,6.63,0.255,train
dish_1558109864,,213.897003,low,37.0,18.315001,8.399,8.288,train
dish_1559845290,,66.220001,low,86.0,0.086,14.62,1.72,train
dish_1558724766,,83.719994,low,161.0,0.322,22.540001,0.483,train
dish_1561997299,,410.366089,medium,282.0,29.604389,9.542391,26.441219,train
dish_1551227050,,196.180008,low,198.0,16.852999,18.18,25.248001,train
dish_1560787817,,292.229004,low,165.0,8.621,44.568001,9.818601,train
dish_1566402160,,458.716125,medium,697.0,8.670679,41.691624,47.006603,train
dish_1561737776,,375.299988,low,139.0,11.120001,56.017002,12.954802,train
dish_1556575386,,103.299995,low,152.0,6.882,10.618,2.868,train
dish_1564429843,,395.729828,low,474.0,11.635026,52.371742,21.758062,train
dish_1551395233,,139.410004,low,113.0,2.094,5.964,24.362,train
dish_1559581378,,705.734741,medium,372.0,52.459366,11.82625,44.451256,train
dish_1558458903,,115.620003,low,20.0,9.9,4.54,4.48,train
dish_1551323219,,26.230001,low,43.0,0.215,6.45,0.473,train
dish_1568315088,,582.370361,medium,423.0,34.555084,28.770144,41.3022,train
dish_1551323381,,153.990005,low,142.0,5.899,25.85,2.013,train
dish_1551226101,,223.330002,low,165.0,2.745,46.409996,7.531,train
dish_1560802006,,35.926495,low,44.0,1.404505,3.688562,2.727821,train
dish_1551381555,,189.799988,low,77.0,9.259999,16.177999,10.700001,train
dish_1564778057,,575.185059,medium,377.0,33.986801,35.539471,31.990742,train
dish_1566317801,,275.399994,low,420.0,4.0,56.984001,7.258,train
dish_1558550218,,230.001999,low,206.0,11.258,32.433998,5.648,train
dish_1558641253,,116.709999,low,110.0,2.64,24.200001,3.41,train
dish_1551389176,,94.720001,low,64.0,7.04,1.024,6.4,train
dish_1561662458,,124.815498,low,119.0,4.855837,21.055183,3.202388,train
dish_1563477701,,179.424591,low,150.0,7.053355,9.112096,19.491802,train
dish_1550770222,,22.4,low,64.0,0.256,4.48,1.536,train
dish_1558031526,,76.942001,low,62.0,0.124,18.228001,0.992,train
dish_1551381404,,50.399998,low,36.0,0.216,8.639999,3.24,train
dish_1566416421,,313.741882,low,367.0,18.395054,36.646526,12.292887,train
dish_1565972384,,432.243896,medium,706.0,4.748146,30.064856,57.15366,train
dish_1561061630,,186.683746,low,150.0,11.299298,17.850639,6.371217,train
dish_1561392459,,395.225983,low,275.0,28.110001,11.667999,23.690001,train
dish_1562875159,,260.680023,low,98.0,9.506001,32.34,10.78,train
dish_1567110519,,100.944618,low,100.0,9.542274,3.697084,1.362099,train
dish_1566417516,,385.402527,low,425.0,36.516472,23.505039,33.699574,train
dish_1561665452,,624.853943,medium,431.0,20.266373,27.939386,81.354126,train
dish_1551492866,,26.879999,low,28.0,0.42,5.88,0.952,train
dish_1566933454,,121.741409,low,154.0,8.774585,9.049747,3.66512,train
dish_1551378898,,31.609999,low,109.0,0.327,9.81,1.199,train
dish_1550775472,,67.639999,low,76.0,0.228,17.48,0.836,train
dish_1559668272,,512.140015,medium,239.0,36.080002,30.879999,17.313999,train
dish_1563464389,,91.970001,low,17.0,7.14,0.238,6.29,train
dish_1564415335,,164.880005,low,136.0,7.4,16.02,8.36,train
dish_1558377105,,389.39801,low,113.0,30.849001,4.746,21.809,train
dish_1565724235,,256.22879,low,209.0,8.484778,8.118172,36.216827,train
dish_1562872662,,133.21582,low,122.0,15.02996,5.005394,15.617198,train
dish_1572886987,,0.0,low,43.0,0.0,0.0,0.0,train
dish_1562099102,,210.065002,low,127.0,8.22177,16.309809,16.903831,train
dish_1564073716,,214.527802,low,295.0,6.074293,11.192709,24.807318,train
dish_1559061752,,192.819992,low,124.0,13.02,1.488,15.5,train
dish_1567526888,,479.179993,medium,816.0,7.59,51.193001,47.294998,train
dish_1560887408,,324.52002,low,122.0,11.834001,40.260002,13.42,train
dish_1560801883,,512.111267,medium,315.0,22.146605,34.629459,42.559067,train
dish_1563208129,,426.711243,medium,291.0,26.187735,27.697926,19.36132,train
dish_1560368691,,140.755188,low,112.0,11.999318,7.191059,2.918753,train
dish_1562873187,,64.216751,low,255.0,2.404025,9.26375,4.02645,train
dish_1560441529,,66.419998,low,152.0,0.325,16.469999,1.009,train
dish_1567714839,,521.709961,medium,379.0,26.028999,13.081,60.203995,train
dish_1551323866,,40.59,low,41.0,0.123,0.082,9.84,train
dish_1562009934,,434.914429,medium,369.0,15.623594,62.24358,12.707417,train
dish_1558639979,,520.290039,medium,90.0,44.549999,20.43,20.16,train
dish_1568056046,,88.080002,low,189.0,3.694,13.921,1.757,train
dish_1576100046,,0.0,low,123.0,0.0,0.0,0.0,train
dish_1561049409,,317.779999,low,197.0,22.307001,8.418,20.341999,train
dish_1550705370,,122.5,low,49.0,7.35,0.0,12.74,train
dish_1566587958,,398.49588,low,224.0,20.217819,8.818713,41.598316,train
dish_1550710318,,182.169998,low,158.0,3.366,8.179999,28.638,train
dish_1565207815,,40.848213,low,80.0,1.023567,7.094023,2.678475,train
dish_1550707850,,17.200001,low,43.0,0.086,3.87,0.86,train
dish_1562010440,,247.625168,low,191.0,13.528273,15.163752,16.824301,train
dish_1559667994,,445.299988,medium,213.0,25.459999,35.803001,18.3964,train
dish_1565884833,,497.739014,medium,643.0,12.989,40.578999,49.141998,train
dish_1550795361,,54.669998,low,71.0,0.071,12.07,1.42,train
dish_1550777713,,21.08,low,62.0,0.124,4.96,0.496,train
dish_1558637932,,248.286987,low,393.0,2.309,60.889999,4.282,train
dish_1551225714,,67.580002,low,31.0,0.899,13.95,1.86,train
dish_1551377737,,96.480003,low,18.0,6.3,9.539999,1.26,train
dish_1566414342,,846.367065,high,552.0,31.578682,53.343304,83.57795,train
dish_1562787983,,56.760002,low,149.0,1.457,9.663,2.656,train
dish_1566417398,,56.892494,low,46.0,5.357862,2.088042,0.792647,train
dish_1550771267,,20.299999,low,58.0,0.232,4.06,1.392,train
dish_1565196260,,74.360001,low,143.0,0.286,1.001,14.3,train
dish_1550863309,,173.87999,low,218.0,0.582,45.09,2.103,train
dish_1563479596,,104.373558,low,151.0,5.351235,12.756775,3.778007,train
dish_1551567084,,16.24,low,56.0,0.168,5.04,0.616,train
dish_1574109245,,0.0,low,122.0,0.0,0.0,0.0,train
dish_1560368990,,211.92131,low,119.0,9.981677,14.39169,14.986163,train
dish_1568233444,,275.840027,low,68.0,30.152,2.014,0.836,train
dish_1550710845,,18.0,low,36.0,0.036,4.68,0.18,train
dish_1563550950,,183.169998,low,93.0,13.9,1.458,12.33,train
dish_1567628157,,373.190979,low,355.0,36.018696,25.867041,37.479683,train
dish_1563391333,,23.443058,low,81.0,1.038718,2.716646,0.719112,train
dish_1551122614,,33.540001,low,78.0,0.234,7.02,2.652,train
dish_1551228669,,118.559998,low,98.0,5.828,17.475,9.618999,train
dish_1559844479,,83.449997,low,133.0,0.318,21.34,0.983,train
dish_1551307394,,170.399994,low,164.0,8.739,14.922001,10.362,train
dish_1562785369,,440.577881,medium,232.0,27.266018,17.102179,31.90546,train
dish_1559239256,,60.16,low,128.0,0.128,15.36,1.152,train
dish_1558724005,,31.620001,low,93.0,0.186,7.44,0.744,train
dish_1550778355,,16.4,low,41.0,0.082,3.69,0.82,train
dish_1565118096,,656.429932,medium,588.0,13.032,49.997002,82.443001,train
dish_1551381730,,39.360001,low,41.0,0.615,8.61,1.394,train
dish_1563304925,,874.46106,high,508.0,29.339449,11.255851,133.227585,train
dish_1565379320,,404.011017,medium,247.0,17.782284,26.480633,33.431751,train
dish_1558458438,,3.22,low,14.0,0.056,0.504,0.406,train
dish_1565109637,,172.644882,low,253.0,2.610683,17.620319,16.817074,train
dish_1562168471,,312.665558,low,490.0,5.737881,50.066841,17.219376,train
dish_1550793673,,253.049988,low,198.0,9.804,20.650002,19.611998,train
dish_1560888817,,47.939999,low,34.0,2.312,6.12,0.714,train
dish_1560455179,,103.320847,low,150.0,5.987522,12.081323,1.908316,train
dish_1558640979,,59.279999,low,169.0,0.359,13.95,1.615,train
dish_1558722398,,83.719994,low,161.0,0.322,22.540001,0.483,train
dish_1551318377,,151.470001,low,95.0,6.68,22.99,2.829,train
dish_1550788591,,165.189987,low,272.0,9.641999,26.720001,14.0,train
dish_1551235946,,3.36,low,12.0,0.048,0.636,0.264,train
dish_1565204855,,53.613285,low,105.0,1.343432,9.310905,3.515498,train
dish_1568060501,,548.655457,medium,413.0,22.456875,46.391014,40.01326,train
dish_1562776465,,173.432449,low,212.0,4.405418,31.491592,3.634132,train
dish_1559590202,,316.725983,low,311.0,5.983,22.757,41.438,train
dish_1558028492,,20.74,low,61.0,0.122,4.88,0.488,train
dish_1563393403,,103.154633,low,216.0,7.439952,10.219167,10.354001,train
dish_1563393217,,49.230003,low,228.0,0.467667,9.802668,2.865667,train
dish_1558550079,,73.839996,low,142.0,0.284,19.879999,0.426,train
dish_1551567508,,9170.099609,high,7974.0,853.218018,502.362,63.792004,train
dish_1551314967,,142.099991,low,139.0,7.113,15.960001,7.775,train
dish_1551375027,,149.529999,low,164.0,6.168,18.822001,7.158,train
dish_1559842274,,306.393005,low,53.0,26.235001,12.031,11.872001,train
dish_1563309398,,655.986816,medium,604.0,20.217884,23.338593,93.24395,train
dish_1562691032,,419.681702,medium,415.0,22.039829,39.058826,17.94734,train
dish_1563294465,,116.949997,low,237.0,0.391,30.293999,1.414,train
dish_1551391438,,25.74,low,26.0,0.078,0.052,6.24,train
dish_1558381943,,13.8,low,60.0,0.24,2.16,1.74,train
dish_1551306647,,121.860001,low,168.0,0.72,21.153999,8.594,train
dish_1561577119,,128.312988,low,78.0,5.446,13.174001,7.424,train
dish_1561492182,,250.165695,low,171.0,7.306371,40.08807,6.884981,train
dish_1559678330,,169.694122,low,150.0,16.186766,5.269608,3.199019,train
dish_1567525637,,153.264771,low,81.0,15.801381,3.077018,0.798218,train
dish_1558632198,,16.796001,low,26.0,0.884,0.832,1.586,train
dish_1551318504,,17.0,low,68.0,0.204,3.4,1.224,train
dish_1551566499,,56.099998,low,34.0,1.224,0.0,10.54,train
dish_1558115047,,203.699997,low,212.0,10.382,7.566,25.578001,train
dish_1558630488,,29.92,low,88.0,0.176,7.04,0.704,train
dish_1562008429,,94.465088,low,69.0,5.511408,1.765067,9.056995,train
dish_1562775488,,91.239998,low,145.0,0.158,12.433001,8.56,train
dish_1558376364,,48.990002,low,71.0,0.142,12.780001,0.497,train
dish_1551228551,,5.5,low,25.0,0.075,0.825,0.775,train
dish_1563811439,,137.319992,low,289.0,0.578,7.279,22.276001,train
dish_1558635546,,60.839996,low,117.0,0.234,16.379999,0.351,train
dish_1557937335,,47.158001,low,38.0,0.076,11.172,0.608,train
dish_1564000202,,396.190979,low,149.0,14.006,49.915001,16.688,train
dish_1568318480,,1119.280029,high,587.0,67.208,9.174999,117.905998,train
dish_1558030435,,246.940002,low,221.0,11.115,24.954,11.915,train
dish_1576171237,,0.0,low,339.0,0.0,0.0,0.0,train
dish_1551493723,,179.192001,low,52.0,14.196,2.184,10.036,train
dish_1571945939,,0.0,low,97.0,0.0,0.0,0.0,train
dish_1551379852,,58.960003,low,11.0,3.85,5.83,0.77,train
dish_1558113304,,247.070999,low,175.0,15.633,23.957001,8.042,train
dish_1574728229,,0.0,low,233.0,0.0,0.0,0.0,train
dish_1559581333,,415.946747,medium,234.0,30.925364,4.350251,27.957258,train
dish_1558549214,,239.190002,low,361.0,0.722,53.875004,5.712,train
dish_1564691420,,212.347305,low,226.0,13.716616,22.601648,4.469414,train
dish_1566590536,,25.070757,low,51.0,0.60339,5.030649,0.453124,train
dish_1551226049,,223.330002,low,165.0,2.745,46.409996,7.531,train
dish_1562860073,,357.809998,low,259.0,21.688,20.958,20.001999,train
dish_1565369938,,167.709991,low,31.0,13.02,0.434,11.47,train
dish_1565641943,,510.889587,medium,307.0,15.704393,45.636108,44.918285,train
dish_1560874667,,100.550003,low,83.0,4.836,10.234,4.574,train
dish_1551392557,,64.32,low,12.0,4.2,6.36,0.84,train
dish_1560356566,,676.799988,medium,213.0,51.949997,3.224,46.139999,train
dish_1551487735,,4.08,low,20.0,0.02,0.78,0.44,train
dish_1568061202,,256.551605,low,334.0,7.670484,39.151718,9.440392,train
dish_1551565720,,122.25,low,131.0,2.79,13.64,10.773,train
dish_1561662926,,288.335541,low,213.0,9.284704,11.059766,39.169025,train
dish_1565627800,,167.18927,low,261.0,2.134098,13.966903,19.602438,train
dish_1565813446,,202.676971,low,230.0,15.872236,5.9888,14.168726,train
dish_1561739188,,97.089996,low,143.0,0.183,23.299999,1.247,train
dish_1560453150,,152.320267,low,141.0,12.962943,8.12033,3.441845,train
dish_1560543729,,219.529907,low,213.0,7.758307,20.830944,16.744329,train
dish_1561739238,,274.190002,low,257.0,9.785,37.556999,9.465,train
dish_1567023184,,191.507187,low,195.0,8.071156,10.141688,20.305752,train
dish_1565972363,,289.639984,low,557.0,1.114,3.899,55.700001,train
dish_1550709129,,370.170013,low,149.0,27.834,15.09,19.259998,train
dish_1567023132,,59.200001,low,84.0,4.324,5.028,1.024,train
dish_1559841163,,357.043518,low,335.0,18.222002,27.539,21.153002,train
dish_1558028606,,19.5,low,65.0,0.065,4.94,0.39,train
dish_1558457665,,273.204987,low,325.0,11.987,24.532001,16.386999,train
dish_1562945445,,362.168335,low,463.0,10.770931,42.584671,25.137182,train
dish_1551322577,,37.130001,low,79.0,0.079,9.48,0.711,train
dish_1560541706,,110.802574,low,140.0,9.221268,6.250251,2.981884,train
dish_1565117962,,379.915985,low,304.0,5.538,6.21,72.322998,train
dish_1560455442,,457.578918,medium,293.0,24.777534,49.60775,23.515823,train
dish_1561578394,,276.044403,low,185.0,13.940609,19.464626,17.828014,train
dish_1562959379,,57.066452,low,85.0,4.411607,3.778441,1.451472,train
dish_1551135297,,25.5,low,75.0,0.525,5.1,0.525,train
dish_1550706639,,22.25,low,89.0,0.267,4.45,1.602,train
dish_1550795497,,218.110001,low,391.0,0.719,55.330002,3.106,train
dish_1567020054,,122.001411,low,145.0,11.540041,7.937456,14.210079,train
dish_1564086658,,260.852997,low,230.0,8.653,38.712002,11.198001,train
dish_1551566277,,41.420002,low,19.0,0.551,8.55,1.14,train
dish_1564773847,,238.027573,low,161.0,15.737777,5.8212,17.603327,train
dish_1565117934,,352.315979,low,235.0,5.4,0.0,70.943001,train
dish_1566317775,,237.399994,low,410.0,4.0,47.183998,7.248,train
dish_1551378151,,326.838013,low,136.0,27.217001,17.208,11.199,train
dish_1558628760,,231.314499,low,198.0,5.757,38.595001,6.879,train
dish_1564516454,,311.142975,low,266.0,20.709892,9.269392,43.553997,train
dish_1550873788,,418.819977,medium,189.0,21.198,3.078,52.360001,train
dish_1564690038,,92.339996,low,81.0,0.324,16.200001,7.29,train
dish_1563475826,,74.279999,low,176.0,0.176,18.959999,0.88,train
dish_1565208562,,40.48,low,92.0,1.932,3.956,2.944,train
dish_1550712913,,46.720001,low,64.0,3.072,1.216,5.12,train
dish_1551390594,,113.979996,low,215.0,3.137,19.119001,6.314,train
dish_1564688969,,239.309998,low,90.0,8.46,30.150002,10.08,train
dish_1565727851,,406.473999,medium,305.0,21.754999,13.028001,41.220005,train
dish_1562872981,,268.319641,low,288.0,15.604352,32.493454,20.539215,train
dish_1565986761,,576.629456,medium,457.0,37.222809,49.026115,47.39481,train
dish_1562777037,,215.273514,low,171.0,15.01899,5.570336,14.505756,train
dish_1559235815,,352.39502,low,268.0,16.284,31.334002,19.628799,train
dish_1558640418,,14.349999,low,35.0,0.07,3.5,0.315,train
dish_1562701956,,6.84,low,38.0,0.076,1.482,0.342,train
dish_1565898361,,370.671448,low,202.0,18.842781,7.620061,38.950523,train
dish_1571934124,,0.0,low,98.0,0.0,0.0,0.0,train
dish_1565986733,,387.929382,low,287.0,35.692814,9.92611,42.974815,train
dish_1551236495,,297.248016,low,112.0,4.704,47.375999,15.120001,train
dish_1567023296,,107.181221,low,92.0,9.341188,4.171472,2.684054,train
dish_1560456370,,258.382751,low,186.0,7.644188,14.921614,30.939077,train
dish_1562788816,,506.603485,medium,320.0,24.274418,44.322498,37.731705,train
dish_1559242221,,659.033997,medium,114.0,56.43,25.878,25.536001,train
dish_1561580406,,203.281494,low,171.0,7.524766,17.318661,17.090221,train
dish_1565033189,,578.099976,medium,507.0,22.564999,17.355999,76.664001,train
dish_1551567896,,17.85,low,51.0,0.204,3.57,1.224,train
dish_1568404850,,157.699997,low,100.0,2.2,29.9,4.7,train
dish_1568664931,,67.877647,low,60.0,6.474706,2.107843,1.279608,train
dish_1561580278,,23.32,low,53.0,1.113,2.279,1.696,train
dish_1558641108,,96.62999,low,243.0,0.486,24.771,1.485,train
dish_1561492228,,648.180298,medium,488.0,34.085533,54.370659,58.203133,train
dish_1551567937,,14.0,low,56.0,0.168,2.8,1.008,train
dish_1557937615,,6.93,low,21.0,0.063,1.68,0.147,train
dish_1563218959,,267.939667,low,131.0,14.862059,4.849844,26.745079,train
dish_1562872746,,242.363983,low,203.0,23.447695,12.912596,17.217421,train
dish_1565811423,,240.057129,low,290.0,9.221428,22.184019,18.778894,train
dish_1568315988,,50.370003,low,69.0,3.312,1.311,5.52,train
dish_1561576737,,357.472565,low,519.0,13.912635,20.959461,39.046108,train
dish_1562788032,,137.238892,low,214.0,6.001858,12.60999,9.557199,train
dish_1551564084,,153.570007,low,150.0,8.064,11.067,10.498,train
dish_1567022114,,13.320001,low,74.0,0.148,2.886,0.666,train
dish_1551235868,,83.659996,low,178.0,0.178,21.359999,1.602,train
dish_1561575506,,562.043274,medium,393.0,30.339838,23.645262,45.891098,train
dish_1564415365,,231.959991,low,265.0,7.658,16.923,21.26,train
dish_1562704528,,148.903992,low,56.0,5.264,18.76,6.272,train
dish_1564415077,,152.040009,low,189.0,6.426,1.827,18.9,train
dish_1568144828,,76.748177,low,152.0,4.168533,10.369692,1.329856,train
dish_1558116436,,91.970001,low,17.0,7.14,0.238,6.29,train
dish_1565813414,,139.720078,low,179.0,9.889826,3.935386,12.944803,train
dish_1550859544,,70.330002,low,13.0,5.46,0.182,4.81,train
dish_1559158263,,40.73682,low,33.0,3.870972,1.328679,0.79195,train
dish_1558114484,,151.479996,low,28.0,11.759999,0.392,10.360001,train
dish_1562086564,,286.809998,low,287.0,14.985,25.362,14.44,train
dish_1557853429,,330.152985,low,276.0,13.586999,33.413998,17.637001,train
dish_1550708702,,273.339996,low,175.0,18.665001,11.264,15.575001,train
dish_1566331868,,453.66507,medium,372.0,13.206176,40.116787,44.296608,train
dish_1565035830,,340.127991,low,414.0,6.475,14.785001,54.717999,train
dish_1551567992,,104.299995,low,167.0,7.113,10.339,2.736,train
dish_1550792734,,17.0,low,50.0,0.35,3.4,0.35,train
dish_1551228715,,118.559998,low,98.0,5.828,17.475,9.618999,train
dish_1551397591,,99.278008,low,166.0,3.446,14.054999,6.404,train
dish_1562702044,,44.034069,low,177.0,1.102068,7.411408,2.278431,train
dish_1565023182,,638.714844,medium,308.0,47.469677,9.244903,41.584,train
dish_1558723777,,74.360001,low,143.0,0.286,20.02,0.429,train
dish_1565972715,,657.545837,medium,510.0,46.845226,15.662046,43.166805,train
dish_1568666089,,276.424072,low,335.0,9.80298,33.010952,16.691326,train
dish_1561060613,,323.673248,low,304.0,11.623275,30.939053,25.286839,train
dish_1550862349,,201.37999,low,292.0,0.798,51.060001,2.806,train
dish_1551134208,,194.339996,low,272.0,9.782999,17.922001,9.641,train
dish_1563464543,,386.369995,low,319.0,22.577999,27.534,18.902,train
dish_1568132521,,159.914001,low,156.0,6.584,19.441999,7.340001,train
dish_1551233982,,78.480003,low,36.0,1.044,16.199999,2.16,train
dish_1563564760,,341.852448,low,243.0,16.774696,27.887177,23.540035,train
dish_1562169840,,739.663696,medium,389.0,53.890759,21.785473,41.75605,train
dish_1565118029,,595.140015,medium,453.0,12.827999,34.517002,81.492004,train
dish_1563221602,,447.893616,medium,306.0,19.033884,36.09898,33.676075,train
dish_1563913588,,180.811996,low,68.0,6.392,22.780001,7.616,train
dish_1551567650,,4.896,low,24.0,0.024,0.936,0.528,train
dish_1567007848,,100.300003,low,243.0,0.58,24.836,1.655,train
dish_1558115169,,151.479996,low,28.0,11.759999,0.392,10.360001,train
dish_1551492369,,214.849991,low,199.0,9.45,6.88,26.086,train
dish_1559850338,,307.117004,low,130.0,23.438,19.129,11.725,train
dish_1563565720,,84.662781,low,149.0,7.843437,4.980221,11.324039,train
dish_1565711570,,603.827271,medium,324.0,41.255486,34.236149,26.61869,train
dish_1563908996,,269.916046,low,293.0,10.461833,15.449356,29.324974,train
dish_1551566316,,228.690002,low,91.0,15.832,12.204,10.049001,train
dish_1565021640,,304.581451,low,500.0,3.283805,20.698196,40.79512,train
dish_1551135896,,24.940001,low,58.0,0.174,5.22,1.972,train
dish_1567020394,,176.15863,low,265.0,12.666015,16.685022,13.626102,train
dish_1562787783,,114.013741,low,76.0,6.586968,12.592723,2.312764,train
dish_1561576680,,307.862427,low,455.0,9.968476,18.281359,37.214157,train
dish_1558720097,,30.34,low,74.0,0.148,7.4,0.666,train
dish_1559845513,,222.152008,low,379.0,0.563,55.181995,3.221,train
dish_1563302345,,265.855438,low,215.0,7.567317,5.092874,43.001171,train
dish_1566923004,,158.820007,low,153.0,9.309,10.313999,8.745001,train
dish_1572464354,,0.0,low,73.0,0.0,0.0,0.0,train
dish_1565382833,,396.63858,low,228.0,17.709755,44.098686,17.446737,train
dish_1565119418,,324.39798,low,122.0,11.467999,40.870003,13.664001,train
dish_1561580370,,126.795876,low,124.0,4.96353,16.20141,5.41,train
dish_1558630207,,670.596008,medium,116.0,57.420002,26.332001,25.984001,train
dish_1562168800,,237.524826,low,242.0,9.342677,36.314899,3.826,train
dish_1567020091,,236.805176,low,238.0,22.449144,11.681914,16.441938,train
dish_1550795423,,16.800001,low,42.0,0.084,3.78,0.84,train
dish_1550772270,,235.410004,low,239.0,10.299001,24.686001,11.17,train
dish_1561662216,,300.794281,low,193.0,12.387489,28.21829,18.63397,train
dish_1558114569,,26.91,low,39.0,0.078,7.02,0.273,train
dish_1571931809,,0.0,low,139.0,0.0,0.0,0.0,train
dish_1551222527,,15.0,low,60.0,0.18,3.0,1.08,train
dish_1565117892,,132.599991,low,102.0,0.612,0.0,29.58,train
dish_1564675193,,478.808777,medium,803.0,5.210829,46.038174,54.254734,train
dish_1551566851,,8.61,low,21.0,0.042,2.1,0.189,train
dish_1551314095,,21.15,low,45.0,0.045,5.4,0.405,train
dish_1561667430,,342.213593,low,166.0,15.668182,18.32616,30.282518,train
dish_1568319725,,111.637299,low,59.0,11.509647,2.241285,0.581418,train
dish_1566501067,,464.117981,medium,306.0,24.310999,12.239,49.618999,train
dish_1567525744,,679.264771,medium,298.0,53.001377,34.801022,18.316217,train
dish_1558459020,,10.98,low,61.0,0.122,2.379,0.549,train
dish_1563465805,,32.43,low,23.0,1.564,4.14,0.483,train
dish_1571931594,,0.0,low,66.0,0.0,0.0,0.0,train
dish_1551379566,,144.720001,low,36.0,11.88,0.468,9.0,train
dish_1559751801,,451.635986,medium,343.0,22.040001,32.778,29.228001,train
dish_1568305257,,837.147766,high,420.0,65.496887,9.31325,52.072983,train
dish_1562873814,,106.580215,low,134.0,8.689231,6.799564,2.057024,train
dish_1551399484,,275.179993,low,92.0,18.17,25.939999,6.84,train
dish_1573762582,,0.0,low,425.0,0.0,0.0,0.0,train
dish_1551123986,,15.98,low,47.0,0.329,3.196,0.329,train
dish_1558718680,,132.962997,low,23.0,11.385,5.221,5.152,train
dish_1550796152,,160.079987,low,305.0,0.606,41.360001,1.829,train
dish_1562689620,,183.411713,low,147.0,13.14683,4.286829,11.866342,train
dish_1563309237,,49.550003,low,62.0,3.589,4.689,0.844,train
dish_1565033110,,47.599998,low,147.0,0.588,9.355,3.418,train
dish_1559239985,,116.116005,low,203.0,0.203,30.855999,0.812,train
dish_1550860361,,77.0,low,100.0,0.1,17.0,2.0,train
dish_1560455343,,53.941677,low,41.0,4.908589,2.205773,1.081126,train
dish_1558544482,,38.189999,low,67.0,0.201,9.38,0.469,train
dish_1561662562,,368.485199,low,289.0,16.339729,34.568245,25.22802,train
dish_1566923060,,515.820007,medium,248.0,34.609001,33.981998,18.783001,train
dish_1550860631,,25.16,low,74.0,0.148,5.92,0.592,train
dish_1573161475,,0.0,low,91.0,0.0,0.0,0.0,train
dish_1561576212,,145.229996,low,103.0,7.004,18.540001,2.163,train
dish_1557937715,,20.669998,low,39.0,0.273,4.68,0.468,train
dish_1550710664,,7.1,low,71.0,0.0,1.42,0.71,train
dish_1561060503,,145.30899,low,138.0,3.984,22.781,5.407,train
dish_1550704750,,136.949997,low,83.0,2.988,0.0,25.73,train
dish_1565897680,,770.448853,medium,405.0,63.736893,16.571018,37.93084,train
dish_1565119464,,504.065033,medium,223.0,23.109737,44.41399,28.041883,train
dish_1565809080,,362.740021,low,485.0,1.734,21.946001,63.159996,train
dish_1562872498,,306.264984,low,320.0,9.317839,23.918306,35.153263,train
dish_1561654732,,242.360001,low,191.0,14.85,12.24,14.06,train
dish_1558641416,,59.416,low,56.0,1.344,12.32,1.736,train
dish_1562690886,,20.611706,low,37.0,1.046829,2.526829,0.866341,train
dish_1562959700,,315.413727,low,153.0,14.441155,16.89098,27.910999,train
dish_1561654346,,79.195488,low,84.0,3.691355,10.449209,2.744276,train
dish_1550859396,,56.98,low,74.0,0.074,12.58,1.48,train
dish_1551237016,,92.5,low,37.0,5.55,0.0,9.62,train
dish_1564589308,,227.009995,low,161.0,10.948001,28.980001,3.381,train
dish_1562183151,,108.392403,low,195.0,6.945024,9.697037,4.906251,train
dish_1563475953,,427.446991,medium,453.0,15.452144,37.594398,34.205318,train
dish_1561404924,,31.843937,low,39.0,1.244902,3.269407,2.417841,train
dish_1562096372,,346.713684,low,287.0,15.203942,6.515386,43.392502,train
dish_1558463113,,63.579998,low,139.0,0.321,14.696001,1.743,train
dish_1562959344,,5.54,low,44.0,0.019,1.146,0.383,train
dish_1558639167,,80.079994,low,154.0,0.308,21.559999,0.462,train
dish_1558376306,,372.167999,low,108.0,29.484001,4.536,20.844,train
dish_1560368506,,462.933777,medium,378.0,31.259737,22.382402,44.584641,train
dish_1573665056,,0.0,low,277.0,0.0,0.0,0.0,train
dish_1560444701,,51.000004,low,170.0,0.34,12.919999,1.02,train
dish_1558547124,,144.525009,low,25.0,12.375,5.675,5.6,train
dish_1560802853,,136.532196,low,118.0,3.307635,8.76357,16.906691,train
dish_1561999332,,260.530609,low,157.0,17.724403,12.260761,14.391317,train
dish_1551125258,,25.800001,low,60.0,0.18,5.4,2.04,train
dish_1562618000,,685.993896,medium,448.0,36.103981,30.821442,59.159676,train
dish_1551381496,,189.799988,low,77.0,9.259999,16.177999,10.700001,train
dish_1566332154,,401.049988,medium,425.0,17.644001,11.356,50.261002,train
dish_1551378584,,3.06,low,15.0,0.015,0.585,0.33,train
dish_1551391733,,33.580002,low,46.0,2.208,0.874,3.68,train
dish_1562959732,,374.663696,low,232.0,14.678156,31.110981,28.858997,train
dish_1551492908,,127.049995,low,77.0,2.772,0.0,23.870001,train
dish_1563304369,,457.172119,medium,326.0,16.765852,27.775938,47.262756,train
dish_1563205877,,56.0,low,35.0,3.5,1.05,4.9,train
dish_1566502271,,296.816895,low,359.0,10.505252,13.685196,37.940281,train
dish_1561576954,,345.343719,low,262.0,15.472434,8.670532,42.441227,train
dish_1550772168,,134.680008,low,91.0,10.01,1.456,9.1,train
dish_1564415538,,126.574638,low,159.0,4.127805,21.053659,2.425366,train
dish_1562691466,,319.870972,low,267.0,15.903902,27.777901,17.012196,train
dish_1563897938,,54.099998,low,10.0,4.2,0.14,3.7,train
dish_1563480505,,767.266785,medium,475.0,33.528202,29.452,79.754471,train
dish_1562788732,,57.292805,low,52.0,6.662716,2.814716,7.842129,train
dish_1551392752,,35.0,low,25.0,0.15,6.0,2.25,train
dish_1551374222,,181.779984,low,221.0,0.789,41.790001,3.259,train
dish_1568405466,,153.099411,low,189.0,9.094378,17.452278,2.526578,train
dish_1561575410,,16.0,low,64.0,0.192,3.2,1.152,train
dish_1566329049,,814.930786,high,575.0,28.273495,79.15834,60.86187,train
dish_1564687013,,330.840851,low,224.0,26.888262,14.725341,32.21138,train
dish_1572029300,,0.0,low,40.0,0.0,0.0,0.0,train
dish_1563206582,,229.248688,low,320.0,4.417208,16.967773,26.033964,train
dish_1551321757,,161.850006,low,223.0,0.663,34.739998,6.483,train
dish_1551237436,,35.879997,low,69.0,0.138,9.66,0.207,train
dish_1565378731,,154.358154,low,207.0,4.243155,27.449049,4.422395,train
dish_1550781280,,23.799999,low,68.0,0.272,4.76,1.632,train
dish_1566419635,,605.871704,medium,389.0,22.414907,50.75592,49.411755,train
dish_1562862550,,364.52002,low,257.0,19.189999,29.103001,18.829601,train
dish_1566419510,,273.876984,low,103.0,9.681999,34.505001,11.536,train
dish_1562703345,,154.279999,low,58.0,5.626,19.140001,6.38,train
dish_1560368815,,400.337677,medium,442.0,33.12727,21.281317,11.468402,train
dish_1550708366,,67.07,low,170.0,3.149,6.175,5.513,train
dish_1560874548,,41.040001,low,72.0,0.216,10.08,0.504,train
dish_1550712961,,32.98,low,97.0,0.679,6.596,0.679,train
dish_1568141915,,318.543915,low,163.0,10.967052,42.07793,12.790895,train
dish_1563379132,,232.050003,low,119.0,14.28,14.28,10.591001,train
dish_1561491210,,251.097473,low,276.0,18.868792,23.314337,22.313339,train
dish_1558115825,,42.779999,low,62.0,0.124,11.160001,0.434,train
dish_1563811490,,268.829376,low,390.0,6.521951,23.14505,25.826782,train
dish_1561741139,,108.199997,low,20.0,8.4,0.28,7.4,train
dish_1561663990,,181.4897,low,115.0,5.211059,3.293709,28.614527,train
dish_1562871488,,321.590912,low,393.0,6.790623,52.853836,13.790343,train
dish_1562184663,,600.540405,medium,271.0,50.940563,5.702527,56.024384,train
dish_1566416299,,44.9995,low,86.0,2.23385,5.8695,1.5093,train
dish_1550708638,,273.339996,low,175.0,18.665001,11.264,15.575001,train
dish_1572031580,,0.0,low,90.0,0.0,0.0,0.0,train
dish_1551566236,,155.070007,low,45.0,12.285,1.89,8.685,train
dish_1551379654,,230.139999,low,172.0,12.226,22.008001,10.314,train
dish_1551491413,,44.849998,low,39.0,4.173,2.457,0.312,train
dish_1551487472,,132.009995,low,139.0,10.805,7.763999,4.151,train
dish_1568044528,,145.463409,low,233.0,3.040878,29.163124,1.829951,train
dish_1566847483,,476.231934,medium,314.0,28.970854,24.980385,29.644312,train
dish_1563378051,,244.565094,low,332.0,5.441057,24.016302,21.790718,train
dish_1563551134,,246.919983,low,173.0,5.962,29.723001,16.8104,train
dish_1551233708,,108.814003,low,41.0,1.722,17.343,5.535,train
dish_1566332040,,14.95,low,65.0,0.26,2.34,1.885,train
dish_1572454041,,0.0,low,233.0,0.0,0.0,0.0,train
dish_1561575688,,607.892395,medium,362.0,36.413857,31.62764,36.771538,train
dish_1560367296,,184.383316,low,362.0,11.224784,18.360016,13.026852,train
dish_1565798617,,197.705719,low,311.0,7.669836,18.51827,14.063784,train
dish_1567785622,,30.779999,low,54.0,0.162,7.56,0.378,train
dish_1568143288,,129.120743,low,157.0,9.385862,10.058138,4.017772,train
dish_1568305225,,428.667786,medium,144.0,35.136887,4.897249,24.472982,train
dish_1559245801,,60.989998,low,107.0,0.321,14.98,0.749,train
dish_1566934085,,82.590729,low,259.0,5.281902,7.442439,4.01239,train
dish_1563378435,,652.463989,medium,254.0,33.71838,67.997681,18.908112,train
dish_1560441464,,28.5,low,50.0,0.15,7.0,0.35,train
dish_1559844490,,108.360001,low,180.0,0.459,27.450001,1.359,train
dish_1550706583,,249.149994,low,151.0,5.436,0.0,46.810001,train
dish_1562958445,,24.15,low,21.0,2.247,1.323,0.168,train
dish_1559841808,,73.110001,low,96.0,0.57,17.379999,1.29,train
dish_1558375833,,317.032013,low,92.0,25.116001,3.864,17.756001,train
dish_1550772753,,351.492004,low,102.0,27.846001,4.284,19.686001,train
dish_1551314927,,142.099991,low,139.0,7.113,15.960001,7.775,train
dish_1566333324,,608.104553,medium,476.0,22.253439,60.083378,43.063965,train
dish_1573491330,,0.0,low,123.0,0.0,0.0,0.0,train
dish_1551390979,,55.510002,low,91.0,0.455,13.650001,1.001,train
dish_1562873544,,193.61171,low,201.0,11.637623,18.182364,13.776482,train
dish_1562168648,,41.594833,low,32.0,2.229677,4.924903,1.024,train
dish_1558376938,,51.060001,low,74.0,0.148,13.320001,0.518,train
dish_1550861520,,183.955994,low,126.0,10.012,15.401999,8.137,train
dish_1562945900,,240.695312,low,281.0,6.314645,42.813194,6.927001,train
dish_1560802562,,8.853207,low,5.0,0.49063,0.966137,0.247945,train
dish_1561060531,,162.078995,low,177.0,4.101,26.291,6.733,train
dish_1562605352,,242.068939,low,195.0,16.78414,6.608414,16.307085,train
dish_1559845767,,236.23201,low,375.0,0.481,58.011997,3.648,train
dish_1566414611,,105.599998,low,64.0,2.304,0.0,19.84,train
dish_1562691064,,555.303711,medium,501.0,23.931829,64.772835,21.98934,train
dish_1560889008,,41.293011,low,84.0,0.993819,8.285774,0.746322,train
dish_1565728415,,194.42775,low,80.0,8.405299,16.724396,12.005533,train
dish_1558457468,,23.800001,low,70.0,0.14,5.6,0.56,train
dish_1561574368,,22.0,low,50.0,1.05,2.15,1.6,train
dish_1563305513,,606.251953,medium,228.0,21.431999,76.380005,25.536001,train
dish_1551306798,,107.200005,low,20.0,7.0,10.599999,1.4,train
dish_1550769827,,35.700001,low,105.0,0.21,8.4,0.84,train
dish_1551221935,,138.869995,low,174.0,7.127,20.15,12.066,train
dish_1560369294,,333.635681,low,342.0,28.545227,15.358673,39.330307,train
dish_1574184971,,0.0,low,50.0,0.0,0.0,0.0,train
dish_1565711498,,246.827271,low,229.0,15.955486,10.568151,16.580688,train
dish_1566502033,,136.217773,low,253.0,6.50283,19.129269,4.831683,train
dish_1564169958,,787.776489,medium,563.0,37.704697,46.740982,67.09317,train
dish_1557863104,,46.0,low,40.0,4.28,2.52,0.32,train
dish_1562950057,,320.100006,low,223.0,18.566,26.856001,11.082001,train
dish_1551236159,,281.720001,low,248.0,4.474,21.995998,38.446003,train
dish_1561060448,,109.018997,low,41.0,3.854,13.735001,4.592,train
dish_1563481030,,155.81044,low,129.0,11.399983,12.434071,2.348426,train
dish_1566328776,,901.810059,high,436.0,28.684999,78.293999,77.723999,train
dish_1572540238,,0.0,low,236.0,0.0,0.0,0.0,train
dish_1550707578,,345.671997,low,265.0,13.27,37.984001,18.243999,train
dish_1551564131,,32.639999,low,48.0,0.672,5.76,1.152,train
dish_1550776767,,81.149994,low,15.0,6.3,0.21,5.55,train
dish_1563303298,,170.760071,low,103.0,4.999781,2.042296,27.815535,train
dish_1566328929,,396.607422,low,165.0,17.54887,32.07058,25.493954,train
dish_1559242324,,18.9,low,54.0,0.216,3.78,1.296,train
dish_1558640849,,105.23999,low,238.0,0.534,27.059999,1.74,train
dish_1558642490,,61.950001,low,187.0,0.466,14.1,2.511,train
dish_1558719336,,24.25,low,97.0,0.291,4.85,1.746,train
dish_1550791644,,58.759998,low,113.0,0.226,15.82,0.339,train
dish_1562691613,,213.670166,low,300.0,2.879634,33.667633,13.199732,train
dish_1560975346,,326.338562,low,224.0,14.924776,4.475055,41.01273,train
dish_1559240510,,73.51651,low,213.0,1.063909,15.542887,3.126161,train
dish_1558638924,,6.25,low,25.0,0.075,1.25,0.45,train
dish_1563305005,,1003.948853,high,720.0,35.681553,23.725708,142.649384,train
dish_1551377052,,50.490002,low,51.0,0.153,0.102,12.24,train
dish_1561739973,,295.369995,low,280.0,16.279999,20.406,16.709999,train
dish_1561753021,,918.175781,high,573.0,46.218571,43.13065,81.844078,train
dish_1558722707,,19.26,low,107.0,0.214,4.173,0.963,train
dish_1551565570,,60.900002,low,42.0,2.52,0.63,8.82,train
dish_1559849097,,495.928009,medium,325.0,29.044003,55.626003,14.261001,train
dish_1561578570,,136.804855,low,65.0,7.853771,1.929112,13.278779,train
dish_1550778058,,15.3,low,45.0,0.315,3.06,0.315,train
dish_1560444892,,39.540001,low,90.0,0.09,10.139999,0.45,train
dish_1563295334,,228.540009,low,96.0,17.380001,1.492,15.540001,train
dish_1563811686,,319.428375,low,331.0,17.312544,25.879768,16.288153,train
dish_1562096973,,348.999664,low,350.0,34.642704,17.928936,39.411209,train
dish_1550774815,,32.489998,low,57.0,0.171,7.98,0.399,train
dish_1558461692,,231.240005,low,40.0,19.799999,9.08,8.96,train
dish_1558721636,,163.069992,low,299.0,2.578,35.818001,4.616,train
dish_1558723537,,14.5,low,58.0,0.174,2.9,1.044,train
dish_1550772960,,19.380001,low,57.0,0.399,3.876,0.399,train
dish_1550778312,,81.149994,low,15.0,6.3,0.21,5.55,train
dish_1562007739,,28.6,low,65.0,1.365,2.795,2.08,train
dish_1568665970,,202.182007,low,167.0,7.741,24.117001,9.984,train
dish_1558629644,,4.2,low,15.0,0.06,0.795,0.33,train
dish_1562698132,,128.096802,low,178.0,12.129619,7.157575,14.232164,train
dish_1563305047,,1032.31189,high,806.0,36.693317,28.700218,143.492493,train
dish_1551487117,,7.05,low,15.0,0.015,1.8,0.135,train
dish_1551321793,,161.849991,low,223.0,0.663,34.739998,6.483,train
dish_1558640267,,63.48,low,92.0,0.184,16.560001,0.644,train
dish_1562010821,,274.149384,low,134.0,16.411747,3.826643,26.255054,train
dish_1567021799,,93.81813,low,76.0,8.914966,3.059988,1.823886,train
dish_1563382911,,182.040009,low,123.0,13.53,1.968,12.3,train
dish_1550712622,,245.62001,low,148.0,19.544001,13.5,8.87,train
dish_1564761388,,54.599998,low,105.0,0.21,0.735,10.5,train
dish_1560888893,,213.164108,low,141.0,5.957534,17.087454,21.345922,train
dish_1561574456,,203.657364,low,217.0,9.303671,23.013418,9.027951,train
dish_1550874464,,36.899998,low,41.0,5.33,0.0,7.544,train
dish_1561492665,,81.950653,low,93.0,8.595007,4.689008,10.342231,train
dish_1551563890,,191.75,low,163.0,5.444,8.24,27.049999,train
dish_1564777960,,331.007507,low,147.0,16.715342,16.270294,26.4312,train
dish_1556575558,,103.300003,low,151.0,6.882,10.618,2.868,train
dish_1564775216,,530.596924,medium,340.0,33.648357,15.705273,40.410912,train
dish_1563824250,,17.200001,low,43.0,0.043,3.87,0.473,train
dish_1563568338,,631.706665,medium,371.0,29.600521,57.599113,38.704674,train
dish_1566330399,,265.190887,low,126.0,15.224232,3.739511,25.7404,train
dish_1558718587,,10.25,low,41.0,0.123,2.05,0.738,train
dish_1551314560,,123.020004,low,83.0,6.239,16.368999,2.387,train
dish_1558629677,,73.839996,low,142.0,0.284,19.879999,0.426,train
dish_1566849955,,147.169998,low,288.0,7.563,20.534,2.621,train
dish_1562702355,,68.882935,low,99.0,5.822042,3.473425,1.640872,train
dish_1567007814,,73.0,low,152.0,0.398,17.92,1.109,train
dish_1562097653,,116.16552,low,102.0,5.921285,14.058498,3.374529,train
dish_1567024252,,512.015808,medium,454.0,25.921192,49.058388,22.622,train
dish_1558026756,,183.860001,low,178.0,10.305,13.486,9.863,train
dish_1558379391,,604.062073,medium,223.0,45.939999,28.863998,26.037001,train
dish_1559245654,,115.544006,low,202.0,0.202,30.703999,0.808,train
dish_1561664977,,14.57,low,47.0,0.047,3.29,0.846,train
dish_1561492204,,488.636322,medium,334.0,15.686282,49.120712,37.193401,train
dish_1558382263,,356.629974,low,425.0,19.562,23.453999,27.487001,train
dish_1551313924,,132.080002,low,189.0,0.87,28.860001,5.724,train
dish_1551494178,,369.660004,low,230.0,14.521,36.071999,26.472002,train
dish_1567629129,,334.049988,low,294.0,11.084,46.143002,14.367001,train
dish_1557937079,,146.069992,low,27.0,11.339999,0.378,9.99,train
dish_1561146758,,232.5,low,93.0,1.395,45.57,9.393001,train
dish_1565894889,,257.812988,low,74.0,11.167999,33.294998,6.641,train
dish_1558459395,,208.115997,low,36.0,17.82,8.172,8.064,train
dish_1562086116,,290.65802,low,285.0,8.898999,44.028,9.855,train
dish_1551232782,,170.290009,low,199.0,12.664,7.755001,26.374001,train
dish_1566413321,,14.030001,low,61.0,0.244,2.196,1.769,train
dish_1573579470,,0.0,low,301.0,0.0,0.0,0.0,train
dish_1562184705,,635.19043,medium,376.0,51.203068,13.052526,58.229382,train
dish_1562183125,,88.552399,low,131.0,6.881025,5.217036,3.754251,train
dish_1568143612,,200.725418,low,166.0,7.031407,24.69297,11.097661,train
dish_1557936555,,149.279999,low,96.0,10.08,1.152,12.0,train
dish_1568400935,,11.76,low,42.0,0.168,2.226,0.924,train
dish_1563302391,,401.215424,medium,311.0,14.095317,22.372875,45.017166,train
dish_1558372525,,242.802002,low,42.0,20.790001,9.534,9.408,train
dish_1561666875,,443.862976,medium,359.0,17.977985,49.332958,26.684473,train
dish_1566847043,,434.877106,medium,483.0,24.615379,15.362316,35.713329,train
dish_1561146781,,300.100006,low,223.0,1.655,63.77,9.783001,train
dish_1558116298,,854.690979,high,368.0,62.372002,48.107002,35.868004,train
dish_1566500963,,5.75,low,25.0,0.1,0.9,0.725,train
dish_1562086702,,178.529999,low,33.0,13.86,0.462,12.21,train
dish_1563898722,,343.350006,low,303.0,23.472,9.870001,23.232,train
dish_1550860513,,207.320007,low,230.0,5.252,32.472,8.032,train
dish_1563389042,,30.478174,low,62.0,0.733533,6.115691,0.550856,train
dish_1565797699,,128.928864,low,171.0,5.043742,20.419321,2.852,train
dish_1560356523,,497.719971,medium,92.0,38.639999,1.288,34.040001,train
dish_1564073860,,492.309998,medium,91.0,38.219997,1.274,33.670002,train
dish_1551124637,,108.199997,low,20.0,8.4,0.28,7.4,train
dish_1564415022,,69.159996,low,133.0,0.266,0.931,13.3,train
dish_1563221443,,242.519989,low,86.0,10.32,27.519999,10.32,train
dish_1572034012,,0.0,low,271.0,0.0,0.0,0.0,train
dish_1562009810,,119.880005,low,108.0,0.972,24.84,2.808,train
dish_1566589933,,89.060005,low,122.0,5.856,2.318,9.76,train
dish_1551306375,,209.309982,low,106.0,8.570999,23.296001,9.622001,train
dish_1562173381,,389.39801,low,113.0,30.849001,4.746,21.809,train
dish_1566414291,,345.14212,low,244.0,14.794408,46.021748,7.035223,train
dish_1571944549,,0.0,low,283.0,0.0,0.0,0.0,train
dish_1550770866,,168.580002,low,256.0,9.564,11.199999,9.996,train
dish_1563909580,,544.311523,medium,361.0,20.122177,74.144119,18.481764,train
dish_1550710793,,350.384033,low,143.0,24.522001,23.563,13.495001,train
dish_1565799597,,258.311707,low,457.0,2.660439,20.559563,32.926975,train
dish_1566590007,,740.762024,medium,457.0,29.233101,57.950996,61.798248,train
dish_1551378635,,27.200001,low,80.0,0.16,6.4,0.64,train
dish_1566402123,,445.116119,medium,657.0,8.590679,38.491623,46.686604,train
dish_1561404438,,366.069214,low,169.0,23.856789,6.257735,32.327785,train
dish_1561480460,,285.402008,low,277.0,14.575,25.524,14.547001,train
dish_1560455090,,60.200001,low,155.0,0.966,5.679,7.683,train
dish_1558462228,,22.099998,low,17.0,0.051,4.76,0.459,train
dish_1568061320,,535.839905,medium,491.0,19.667326,48.117958,41.280106,train
dish_1559678629,,89.376663,low,80.0,8.445811,6.143951,9.622075,train
dish_1567021831,,252.435623,low,228.0,27.216339,8.228521,22.713125,train
dish_1551486680,,128.270004,low,127.0,8.976,13.306999,1.88,train
dish_1561567086,,142.754013,low,181.0,0.362,34.248001,2.026,train
dish_1561574394,,61.502373,low,82.0,4.80367,3.438416,2.367952,train
dish_1562950018,,200.220001,low,142.0,9.656,25.560001,2.982,train
dish_1564590288,,464.855835,medium,848.0,4.442219,57.084778,44.839493,train
dish_1551224283,,26.75,low,107.0,0.321,5.35,1.926,train
dish_1551224689,,4.2,low,42.0,0.0,0.84,0.42,train
dish_1558629444,,225.459,low,39.0,19.305,8.853,8.736,train
dish_1566931116,,35.5,low,142.0,0.426,7.1,2.556,train
dish_1566416339,,77.979889,low,186.0,3.410321,11.653813,2.489692,train
dish_1559838402,,222.759506,low,233.0,3.797,43.154999,5.249,train
dish_1551490701,,317.032013,low,92.0,25.116001,3.864,17.756001,train
dish_1567022212,,89.110001,low,197.0,4.069,13.351,2.332,train
dish_1563986062,,189.440002,low,128.0,14.08,2.048,12.8,train
dish_1560455224,,181.740845,low,244.0,6.249522,28.741323,5.392316,train
dish_1563476551,,1116.391113,high,750.0,51.413692,74.705963,85.498482,train
dish_1550876819,,68.339996,low,17.0,5.61,0.221,4.25,train
dish_1550874950,,138.209991,low,132.0,12.013,11.35,12.987999,train
dish_1562703447,,384.426239,low,259.0,17.95558,37.651039,18.510515,train
dish_1566838351,,190.009995,low,417.0,0.822,48.034,2.49,train
dish_1558114209,,30.6,low,90.0,0.18,7.2,0.72,train
dish_1551141670,,16.4,low,41.0,0.082,3.69,0.82,train
dish_1550792143,,22.4,low,56.0,0.112,5.04,1.12,train
dish_1568217372,,508.916168,medium,244.0,41.079079,6.503528,27.115328,train
dish_1563305653,,25.74,low,117.0,0.351,3.861,3.627,train
dish_1558723818,,113.527,low,107.0,2.568,23.539999,3.317,train
dish_1551384167,,100.084,low,205.0,0.374,24.844,1.826,train
dish_1550710542,,88.059998,low,201.0,3.861,9.103001,7.13,train
dish_1551228438,,90.619995,low,153.0,0.776,20.779999,1.852,train
dish_1561752509,,321.482025,low,224.0,16.378078,18.148424,25.445457,train
dish_1571944571,,0.0,low,344.0,0.0,0.0,0.0,train
dish_1556575446,,103.299995,low,152.0,6.882,10.618,2.868,train
dish_1561062586,,121.193924,low,89.0,3.318568,20.365366,2.566732,train
dish_1551237046,,312.910004,low,245.0,9.708,9.18,46.258003,train
dish_1564775182,,398.001526,low,277.0,26.036234,13.835518,27.54071,train
dish_1550861994,,14.559999,low,28.0,0.056,3.92,0.084,train
dish_1564685406,,367.6474,low,192.0,26.060642,7.318961,26.831778,train
dish_1551379881,,348.470001,low,166.0,27.412003,20.559999,11.422001,train
dish_1563984296,,436.337067,medium,871.0,3.53839,44.607613,51.177761,train
dish_1551138110,,44.5,low,89.0,0.089,11.57,0.445,train
dish_1572464692,,0.0,low,56.0,0.0,0.0,0.0,train
dish_1550862036,,117.089996,low,141.0,5.403,12.728,5.487,train
dish_1558457530,,16.0,low,64.0,0.192,3.2,1.152,train
dish_1557862783,,442.97998,medium,258.0,24.919001,3.85,50.416,train
dish_1551136814,,216.589996,low,112.0,12.497,12.812,12.425,train
dish_1550778007,,6.1,low,61.0,0.0,1.22,0.61,train
dish_1573232835,,0.0,low,27.0,0.0,0.0,0.0,train
dish_1565383159,,706.358948,medium,468.0,51.396999,14.009,50.022999,train
dish_1574711418,,0.0,low,55.0,0.0,0.0,0.0,train
dish_1561575977,,261.076172,low,102.0,13.06819,15.375612,19.122734,train
dish_1562945332,,246.650803,low,325.0,8.793273,18.078327,23.96172,train
dish_1561576887,,15.500784,low,47.0,0.552941,2.718627,0.460784,train
dish_1565638323,,467.824677,medium,274.0,20.744896,29.2488,38.302158,train
dish_1550788505,,165.189987,low,272.0,9.641999,26.720001,14.0,train
dish_1551392590,,5.06,low,23.0,0.069,0.759,0.713,train
dish_1550770511,,346.388,low,212.0,24.707001,12.323999,18.947001,train
dish_1573579406,,0.0,low,110.0,0.0,0.0,0.0,train
dish_1559678127,,108.642006,low,170.0,7.418569,9.871039,3.004627,train
dish_1563827132,,240.020004,low,302.0,8.043666,32.756668,11.456667,train
dish_1558642458,,23.0,low,92.0,0.276,4.6,1.656,train
dish_1561996579,,211.455994,low,131.0,13.604999,8.618,14.485001,train
dish_1568145136,,143.762177,low,154.0,6.775454,18.950802,3.13992,train
dish_1551567170,,244.298004,low,108.0,20.165001,13.473,8.39,train
dish_1551313896,,132.080002,low,189.0,0.87,28.860001,5.724,train
dish_1563898880,,643.618408,medium,441.0,47.548229,15.853503,38.581036,train
dish_1558721380,,19.26,low,107.0,0.214,4.173,0.963,train
dish_1558640671,,32.299999,low,95.0,0.19,7.6,0.76,train
dish_1566416455,,372.326599,low,403.0,20.356852,37.502293,21.239441,train
dish_1562945499,,454.508362,medium,625.0,11.256931,65.264664,26.271181,train
dish_1550873668,,418.820007,medium,195.0,21.198002,3.078,52.360001,train
dish_1563303350,,202.221436,low,167.0,5.756976,8.355268,28.384161,train
dish_1551124362,,141.350006,low,166.0,7.693,9.824,10.034,train
dish_1562691441,,263.870972,low,232.0,12.403903,26.727901,12.112195,train
dish_1563910171,,571.183777,medium,423.0,27.285721,24.938656,53.608376,train
dish_1562007842,,492.281372,medium,434.0,15.187502,61.395573,27.796635,train
dish_1565022062,,234.606583,low,366.0,2.846122,30.903877,19.271049,train
dish_1568319838,,607.506165,medium,312.0,30.928276,39.995754,39.863441,train
dish_1550778118,,136.839996,low,182.0,8.895,5.528,8.724999,train
dish_1551137431,,71.658005,low,27.0,1.134,11.421,3.645,train
dish_1551376850,,44.459999,low,78.0,0.234,10.92,0.546,train
dish_1550711688,,7.7,low,77.0,0.0,1.54,0.77,train
dish_1561753400,,354.682678,low,178.0,17.941113,13.896811,32.95927,train
dish_1551124267,,38.27,low,89.0,0.267,8.01,3.026,train
dish_1564082462,,905.354492,high,609.0,32.071827,40.532917,108.82251,train
dish_1562603895,,1268.157349,high,517.0,90.776642,68.637192,46.984001,train
dish_1563984140,,245.439987,low,472.0,0.944,3.304,47.200001,train
dish_1562947598,,87.720001,low,258.0,0.516,20.639999,2.064,train
dish_1558468401,,75.200005,low,47.0,7.05,4.23,0.94,train
dish_1565034605,,52.491199,low,52.0,4.961983,1.922484,0.708292,train
dish_1561481606,,354.089996,low,141.0,26.98,2.182,24.09,train
dish_1564169254,,161.75,low,201.0,6.802,20.425999,6.406,train
dish_1563382987,,277.639526,low,254.0,16.486717,19.196491,13.464416,train
dish_1562010891,,438.74292,medium,341.0,26.274799,23.483953,28.742785,train
dish_1562012048,,278.973877,low,248.0,5.299119,47.483944,10.388004,train
dish_1551304608,,269.530029,low,223.0,17.083,19.021999,11.917999,train
dish_1551139415,,21.42,low,63.0,0.126,5.04,0.504,train
dish_1564761457,,287.306,low,223.0,8.245,30.389,21.17,train
dish_1562961650,,555.712891,medium,312.0,32.363281,40.29348,45.515503,train
dish_1559238435,,115.544006,low,202.0,0.202,30.703999,0.808,train
dish_1551122493,,59.84,low,88.0,1.232,10.559999,2.112,train
dish_1551373647,,32.43,low,69.0,0.069,8.28,0.621,train
dish_1551488371,,42.050003,low,29.0,1.74,0.435,6.09,train
dish_1564689168,,352.946991,low,339.0,27.541552,17.726831,15.081212,train
dish_1562963704,,663.755798,medium,479.0,28.423254,66.054832,35.921761,train
dish_1551568200,,38.189999,low,67.0,0.201,9.38,0.469,train
dish_1558723512,,15.99,low,39.0,0.078,3.9,0.351,train
dish_1551225281,,122.084,low,46.0,1.932,19.458,6.21,train
dish_1561480391,,64.409996,low,113.0,0.339,15.82,0.791,train
dish_1564171970,,498.821136,medium,396.0,21.673965,33.298721,42.539974,train
dish_1551564577,,54.5,low,25.0,0.725,11.25,1.5,train
dish_1550707995,,116.589996,low,107.0,5.394,6.77,10.220999,train
dish_1562009098,,70.080002,low,96.0,4.608,1.824,7.68,train
dish_1563395510,,415.627411,medium,372.0,19.100136,33.541649,34.771233,train
dish_1565799617,,294.22171,low,520.0,2.849439,29.379562,33.367977,train
dish_1558641442,,103.386002,low,211.0,1.751,21.809999,3.946,train
dish_1561575274,,305.180023,low,145.0,17.519951,4.303404,29.621891,train
dish_1565727738,,2.52,low,9.0,0.036,0.477,0.198,train
dish_1558632921,,80.599998,low,155.0,0.31,21.700001,0.465,train
dish_1565119669,,55.965,low,229.0,1.0305,10.842,3.2725,train
dish_1561148042,,370.755463,low,245.0,19.9778,25.641567,22.726137,train
dish_1558379639,,385.952026,low,112.0,30.576,4.704,21.616001,train
dish_1551323433,,33.599998,low,24.0,0.144,5.76,2.16,train
dish_1559933834,,775.029236,medium,458.0,51.820778,22.731771,54.541294,train
dish_1574193218,,0.0,low,83.0,0.0,0.0,0.0,train
dish_1551492762,,103.279999,low,194.0,6.483,8.936,5.644,train
dish_1566245365,,257.255005,low,115.0,14.95,0.0,27.025,train
dish_1561392430,,208.746002,low,149.0,14.25,9.651999,11.09,train
dish_1564168739,,585.302002,medium,164.0,45.343998,15.394,27.478001,train
dish_1558628956,,9.044001,low,14.0,0.476,0.448,0.854,train
dish_1550773771,,40.040001,low,52.0,0.052,8.84,1.04,train
dish_1562774531,,379.824005,low,254.0,23.179001,28.085999,15.390001,train
dish_1563219056,,416.869659,medium,258.0,21.949057,21.629845,32.360081,train
dish_1563551432,,665.332642,medium,389.0,48.805744,14.590725,41.403397,train
dish_1562690144,,645.762329,medium,354.0,48.078743,8.460017,43.36623,train
dish_1551233007,,107.599998,low,205.0,1.393,20.700001,4.993,train
dish_1563910137,,131.283218,low,141.0,8.903819,11.986854,2.529557,train
dish_1562787956,,26.84,low,61.0,1.281,2.623,1.952,train
dish_1559319860,,70.330002,low,13.0,5.46,0.182,4.81,train
dish_1560889032,,246.868225,low,208.0,7.012973,10.744461,34.232979,train
dish_1561999706,,557.919983,medium,502.0,26.950001,50.18,27.07,train
dish_1566849862,,77.049995,low,67.0,7.169,4.221,0.536,train
dish_1551492666,,29.93,low,41.0,1.968,0.779,3.28,train
dish_1566501041,,279.317993,low,194.0,20.279001,12.239,14.899,train
dish_1561491154,,166.137466,low,158.0,18.455791,5.614334,18.301338,train
dish_1566591022,,860.101868,high,467.0,41.21085,11.78919,102.851151,train
dish_1565637548,,93.436127,low,102.0,2.244349,16.65864,2.245049,train
dish_1558549773,,2.3,low,10.0,0.04,0.36,0.29,train
dish_1564429184,,389.65799,low,202.0,22.018,18.786001,37.975998,train
dish_1558381840,,113.849998,low,69.0,2.484,0.0,21.389999,train
dish_1571946737,,0.0,low,145.0,0.0,0.0,0.0,train
dish_1564160043,,245.0,low,98.0,1.47,48.02,9.898001,train
dish_1560367926,,408.523132,medium,194.0,20.965912,44.984913,24.155903,train
dish_1562873790,,75.70845,low,75.0,7.156705,2.772813,1.021574,train
dish_1562958629,,208.970001,low,172.0,10.575,18.126001,13.015,train
dish_1551564053,,153.570007,low,150.0,8.064,11.066999,10.498,train
dish_1561997401,,194.141998,low,335.0,1.173,29.427999,17.969002,train
dish_1574702427,,0.0,low,114.0,0.0,0.0,0.0,train
dish_1550873952,,16.66,low,49.0,0.343,3.332,0.343,train
dish_1551135536,,63.899998,low,71.0,9.23,0.0,13.064,train
dish_1551563400,,317.886017,low,126.0,25.141001,6.766,16.000999,train
dish_1560887480,,668.084106,medium,374.0,30.156406,53.686604,43.585083,train
dish_1568320296,,226.014999,low,85.0,7.99,28.475,9.52,train
dish_1562008517,,401.729523,medium,370.0,11.505786,54.154385,21.236305,train
dish_1551399031,,48.239998,low,12.0,3.96,0.156,3.0,train
dish_1566844850,,491.235168,medium,345.0,25.456135,30.58173,35.928123,train
dish_1566838378,,286.210022,low,482.0,7.972,49.073997,8.990001,train
dish_1550862580,,32.93,low,37.0,0.111,8.51,0.407,train
dish_1562698276,,434.58316,medium,307.0,16.904676,35.99662,31.992001,train
dish_1562700718,,329.380035,low,255.0,17.849949,7.933404,33.031891,train
dish_1562784307,,158.518127,low,157.0,5.112942,24.925295,5.678117,train
dish_1562168450,,282.539978,low,431.0,4.983,44.834999,15.243999,train
dish_1563389693,,500.218018,medium,383.0,29.284,14.824001,45.544998,train
dish_1562784388,,465.636475,medium,358.0,20.243626,63.719742,11.464597,train
dish_1561997365,,98.951996,low,168.0,0.672,6.048,16.800001,train
dish_1562614088,,23.449999,low,67.0,0.268,4.69,1.608,train
dish_1565799565,,240.011719,low,396.0,2.538439,15.923562,32.560978,train
dish_1562949205,,80.220001,low,57.0,5.13,3.768,4.8,train
dish_1559841061,,96.389999,low,99.0,4.865,6.256,7.182,train
dish_1558724799,,142.669998,low,352.0,1.007,34.330002,4.593,train
dish_1550712585,,20.800001,low,52.0,0.104,4.68,1.04,train
dish_1551566208,,32.200001,low,28.0,2.996,1.764,0.224,train
dish_1562689519,,169.540009,low,173.0,7.439,5.882,19.030001,train
dish_1558632799,,20.159,low,19.0,0.456,4.18,0.589,train
dish_1551223023,,124.5,low,100.0,1.576,25.859999,3.936,train
dish_1565031283,,252.680466,low,116.0,14.387574,4.513725,23.91774,train
dish_1563551397,,365.53064,low,302.0,25.054745,10.936724,24.6124,train
dish_1562613918,,133.659988,low,207.0,6.603672,16.706305,4.750154,train
dish_1561665024,,100.570984,low,121.0,6.984664,8.948565,2.141329,train
dish_1551377316,,66.330002,low,67.0,0.201,0.134,16.08,train
dish_1558640882,,32.299999,low,95.0,0.19,7.6,0.76,train
dish_1550712654,,245.62001,low,148.0,19.544001,13.5,8.870001,train
dish_1567542914,,513.996338,medium,297.0,21.440739,49.357723,29.848644,train
dish_1562007763,,290.70047,low,298.0,6.343606,47.406929,11.839698,train
dish_1558457577,,172.604996,low,111.0,11.655,1.332,13.875,train
dish_1550788398,,21.73,low,53.0,0.106,5.3,0.477,train
dish_1559242155,,116.116005,low,203.0,0.203,30.855999,0.812,train
dish_1564675380,,87.331001,low,23.0,6.463,0.713,6.693,train
dish_1567801468,,86.239998,low,196.0,4.116,8.428,6.272,train
dish_1560444570,,168.720001,low,114.0,12.54,1.824,11.400001,train
dish_1562008780,,180.846405,low,195.0,14.93047,9.853951,4.773051,train
dish_1551314496,,26.84,low,44.0,0.22,6.6,0.484,train
dish_1563207301,,187.929993,low,173.0,6.234,24.168999,8.0,train
dish_1566316726,,409.522888,medium,685.0,4.10161,25.365391,57.490242,train
dish_1550773284,,264.620026,low,151.0,20.615002,15.776,9.215,train
dish_1559678457,,624.236084,medium,465.0,37.50322,29.983656,43.010422,train
dish_1551564352,,31.02,low,66.0,0.066,7.92,0.594,train
dish_1560357297,,942.454041,high,492.0,71.887001,10.706,59.336998,train
dish_1563308386,,155.805481,low,214.0,6.034588,24.200394,2.87349,train
dish_1562011794,,514.643005,medium,364.0,23.744835,32.783588,42.119415,train
dish_1561405912,,270.881866,low,196.0,11.174254,18.056519,24.140146,train
dish_1561749061,,302.860138,low,360.0,16.033365,21.472082,19.745497,train
dish_1551224447,,83.699997,low,93.0,12.089999,0.0,17.112,train
dish_1551389387,,28.800001,low,18.0,2.7,1.62,0.36,train
dish_1567629106,,292.549988,low,211.0,11.000999,35.353001,13.952,train
dish_1551142459,,97.150002,low,67.0,4.02,1.005,14.07,train
dish_1573073666,,0.0,low,15.0,0.0,0.0,0.0,train
dish_1551225021,,19.0,low,76.0,0.228,3.8,1.368,train
dish_1560888930,,224.931168,low,151.0,7.066031,17.505606,21.53792,train
dish_1563913675,,282.693146,low,228.0,12.514251,31.848915,12.170398,train
dish_1561405356,,206.645203,low,176.0,4.198396,7.496847,33.413628,train
dish_1558639662,,16.02,low,89.0,0.178,3.471,0.801,train
dish_1566590056,,815.647644,high,519.0,34.712166,63.927059,62.926941,train
dish_1561491180,,236.347488,low,217.0,18.691792,20.364334,21.251337,train
dish_1551567573,,9485.81543,high,159.0,875.541016,506.078979,87.785004,train
dish_1550790252,,45.899998,low,51.0,6.63,0.0,9.384,train
dish_1551381321,,108.100006,low,173.0,1.354,24.34,3.979,train
dish_1550712079,,73.239998,low,210.0,0.986,15.141,3.254,train
dish_1559593646,,55.385956,low,37.0,4.106483,4.05874,1.123272,train
dish_1551235240,,317.286011,low,111.0,15.404,26.206001,18.022999,train
dish_1551567848,,72.449997,low,63.0,6.741,3.969,0.504,train
dish_1561576320,,494.797546,medium,383.0,24.312891,27.520807,41.561111,train
dish_1563996596,,39.599998,low,90.0,1.89,3.87,2.88,train
dish_1559678367,,192.444122,low,215.0,16.446766,9.819608,4.75902,train
dish_1559590031,,402.746216,medium,269.0,19.749413,42.538006,15.597241,train
dish_1564687046,,374.793854,low,308.0,29.070162,20.45834,33.685577,train
dish_1562007817,,444.121399,medium,391.0,15.101501,51.505577,26.162634,train
dish_1558457415,,60.799999,low,80.0,0.0,14.400001,0.8,train
dish_1573159903,,0.0,low,180.0,0.0,0.0,0.0,train
dish_1568666357,,751.679993,medium,603.0,42.484001,21.300001,72.937004,train
dish_1562170236,,169.360001,low,333.0,0.737,42.478001,2.069,train
dish_1562700931,,164.234955,low,312.0,10.135185,16.253616,4.613582,train
dish_1562602860,,165.182281,low,258.0,5.622155,20.834251,10.206213,train
dish_1560454970,,9.900001,low,55.0,0.11,2.145,0.495,train
dish_1564761488,,327.986023,low,336.0,8.358,40.558998,21.735001,train
dish_1551235600,,83.659996,low,178.0,0.178,21.359999,1.602,train
dish_1562603569,,121.679504,low,62.0,7.050731,8.625269,5.648293,train
dish_1558459115,,271.540009,low,298.0,10.487999,43.459003,6.616,train
dish_1573763139,,0.0,low,216.0,0.0,0.0,0.0,train
dish_1551378099,,18.85,low,65.0,0.195,5.85,0.715,train
dish_1574359199,,0.0,low,329.0,0.0,0.0,0.0,train
dish_1563998210,,148.089218,low,91.0,4.958992,2.163187,22.614895,train
dish_1562871297,,124.973,low,47.0,4.418,15.745001,5.264,train
dish_1551493123,,40.260002,low,66.0,0.33,9.900001,0.726,train
dish_1567628193,,492.683044,medium,439.0,40.014809,42.993248,41.068039,train
dish_1562611824,,192.566193,low,109.0,11.998874,16.74655,5.932549,train
dish_1563216625,,171.53511,low,109.0,4.269801,2.408296,29.254524,train
dish_1551493749,,270.802002,low,162.0,20.455,12.198,10.977,train
dish_1559233445,,24.5,low,49.0,0.049,6.37,0.245,train
dish_1550705939,,95.0,low,38.0,5.7,0.0,9.879999,train
dish_1559241099,,201.346771,low,382.0,0.93439,51.246647,2.417124,train
dish_1575997268,,0.0,low,136.0,0.0,0.0,0.0,train
dish_1567107049,,107.202995,low,23.0,6.624,11.454,1.426,train
dish_1550712143,,73.239998,low,211.0,0.986,15.141,3.254,train
dish_1567711356,,337.362854,low,207.0,23.64171,29.009785,25.219334,train
dish_1550773200,,264.619995,low,151.0,20.615002,15.776001,9.215,train
dish_1551493916,,421.286011,medium,175.0,31.874001,9.452,23.579,train
dish_1551490544,,178.904007,low,97.0,13.17,4.942,10.156,train
dish_1550861703,,251.519989,low,278.0,10.964,30.615997,10.466001,train
dish_1551322714,,32.639999,low,34.0,0.51,7.14,1.156,train
dish_1566329234,,262.625214,low,457.0,10.797179,21.224293,23.129114,train
dish_1558722473,,149.649994,low,379.0,0.837,37.523003,3.156,train
dish_1568665012,,327.420563,low,268.0,15.353144,15.197391,32.789753,train
dish_1558114937,,13.72,low,49.0,0.196,2.597,1.078,train
dish_1567538263,,70.70092,low,56.0,4.997894,5.491088,1.873404,train
dish_1560368162,,41.639214,low,178.0,0.927059,7.774373,2.394216,train
dish_1563219035,,410.209686,medium,221.0,21.875057,20.186846,32.027081,train
dish_1551222311,,155.820007,low,136.0,1.929,32.470001,4.608,train
dish_1559320019,,196.820007,low,205.0,5.714,30.732002,6.408,train
dish_1551306491,,15.5,low,62.0,0.186,3.1,1.116,train
dish_1551488103,,7.79,low,19.0,0.038,1.9,0.171,train
dish_1574097587,,0.0,low,118.0,0.0,0.0,0.0,train
dish_1572625763,,0.0,low,156.0,0.0,0.0,0.0,train
dish_1564601528,,142.740997,low,163.0,6.193,19.923,2.401,train
dish_1565640601,,411.151825,medium,333.0,18.675562,13.240899,46.487823,train
dish_1551492534,,6.38,low,29.0,0.087,0.957,0.899,train
dish_1571931457,,0.0,low,44.0,0.0,0.0,0.0,train
dish_1562876531,,66.066925,low,85.0,2.410626,3.079953,8.375736,train
dish_1550797094,,16.799999,low,48.0,0.192,3.36,1.152,train
dish_1562602803,,121.742279,low,120.0,5.278155,10.074251,9.310214,train
dish_1550773162,,224.590012,low,37.0,19.980001,7.77,7.4,train
dish_1551378018,,4.488,low,22.0,0.022,0.858,0.484,train
dish_1550797031,,20.059999,low,59.0,0.413,4.012,0.413,train
dish_1558546918,,70.199997,low,54.0,0.162,15.12,1.458,train
dish_1562690950,,109.061714,low,202.0,1.381829,24.826828,1.861341,train
dish_1561574848,,182.258301,low,155.0,10.234437,4.81575,18.055315,train
dish_1561996535,,11.56,low,34.0,0.068,2.72,0.272,train
dish_1551392347,,32.489998,low,57.0,0.171,7.98,0.399,train
dish_1558027001,,20.400002,low,68.0,0.068,5.168,0.408,train
dish_1550712459,,257.119995,low,141.0,11.606,1.862,34.788002,train
dish_1562703382,,203.869995,low,145.0,5.887001,31.320002,6.989,train
dish_1558639306,,40.59,low,99.0,0.198,9.900001,0.891,train
dish_1558723073,,16.200001,low,90.0,0.18,3.51,0.81,train
dish_1558030724,,18.300001,low,61.0,0.061,4.636,0.366,train
dish_1551237463,,14.349999,low,41.0,0.164,2.87,0.984,train
dish_1562859116,,145.040009,low,98.0,10.78,1.568,9.8,train
dish_1550769882,,200.12999,low,192.0,9.096,19.914,9.93,train
dish_1564590226,,220.535858,low,376.0,3.554219,46.892776,2.959488,train
dish_1563221495,,365.269897,low,164.0,13.375453,29.243366,31.254427,train
dish_1560441288,,165.200012,low,72.0,10.983,5.668,10.455,train
dish_1560369313,,392.135712,low,387.0,28.680227,27.958673,40.545307,train
dish_1551306290,,25.92,low,27.0,0.405,5.67,0.918,train
dish_1565640365,,720.890137,medium,623.0,22.447601,54.556591,75.069046,train
dish_1558640941,,21.73,low,53.0,0.106,5.3,0.477,train
dish_1550710207,,150.149994,low,91.0,3.276,0.0,28.210001,train
dish_1561575347,,554.760071,medium,327.0,27.43395,37.903404,36.771889,train
dish_1563221025,,245.445801,low,123.0,12.988835,4.359616,25.94677,train
dish_1558635618,,220.253998,low,334.0,2.439,49.700001,5.606,train
dish_1561996369,,401.080017,medium,271.0,29.809999,4.336,27.1,train
dish_1559934477,,25.08,low,57.0,1.197,2.451,1.824,train
dish_1550711314,,302.820007,low,335.0,11.538,36.132,14.016,train
dish_1563468199,,53.5,low,107.0,0.107,13.91,0.535,train
dish_1558030832,,89.352005,low,72.0,0.144,21.167999,1.152,train
dish_1563897047,,66.040001,low,127.0,0.254,0.889,12.7,train
dish_1572541487,,0.0,low,199.0,0.0,0.0,0.0,train
dish_1562961588,,178.220001,low,67.0,6.499,22.110001,7.37,train
dish_1557862345,,103.949997,low,63.0,2.268,0.0,19.530001,train
dish_1551376575,,315.340027,low,147.0,20.365002,27.02,10.205,train
dish_1550791884,,206.660004,low,272.0,0.778,47.32,4.515,train
dish_1573849852,,0.0,low,182.0,0.0,0.0,0.0,train
dish_1550776957,,213.109985,low,100.0,10.728,24.049999,7.226,train
dish_1564589025,,48.810734,low,51.0,1.243902,8.956099,0.497561,train
dish_1551222363,,62.099998,low,45.0,0.945,11.25,2.025,train
dish_1561999355,,463.290619,medium,294.0,32.794403,14.452762,28.091318,train
dish_1551233313,,5.28,low,24.0,0.072,0.792,0.744,train
dish_1551122952,,190.139999,low,160.0,9.438,16.685999,10.151999,train
dish_1563555072,,165.76001,low,112.0,12.32,1.792,11.2,train
dish_1565808998,,74.919998,low,228.0,0.4,16.746,3.242,train
dish_1551375596,,29.700001,low,30.0,0.09,0.06,7.2,train
dish_1550788957,,25.84,low,76.0,0.532,5.168,0.532,train
dish_1558631872,,16.02,low,89.0,0.178,3.471,0.801,train
dish_1566317742,,154.720001,low,254.0,2.908,28.464001,5.376,train
dish_1564170283,,646.588135,medium,301.0,32.647552,31.982321,55.615635,train
dish_1566332193,,527.450012,medium,504.0,29.494001,18.466,51.841,train
dish_1551221801,,40.5,low,45.0,5.85,0.0,8.28,train
dish_1558635962,,52.028999,low,9.0,4.455,2.043,2.016,train
dish_1563824155,,455.727905,medium,361.0,23.568178,27.650078,34.405872,train
dish_1562007789,,302.954895,low,322.0,6.650677,49.535133,12.64324,train
dish_1565119642,,26.52,low,78.0,0.351,4.953,1.989,train
dish_1562172643,,734.269958,medium,457.0,42.559998,17.648001,62.869999,train
dish_1563564707,,143.991699,low,150.0,4.091075,24.55752,6.571747,train
dish_1559841781,,45.019997,low,43.0,0.411,10.49,0.866,train
dish_1561753649,,164.010803,low,196.0,7.950614,6.39206,15.585461,train
dish_1563897338,,29.92,low,88.0,0.176,7.04,0.704,train
dish_1560456853,,405.703369,medium,501.0,26.503923,43.402229,35.031845,train
dish_1559934645,,24.639999,low,56.0,1.176,2.408,1.792,train
dish_1573060410,,0.0,low,152.0,0.0,0.0,0.0,train
dish_1563208412,,62.400002,low,39.0,3.9,1.17,5.46,train
dish_1566246972,,445.577026,medium,200.0,18.292635,32.858715,36.084476,train
dish_1563827162,,319.539948,low,354.0,9.728971,34.357613,25.044996,train
dish_1551379252,,20.65,low,59.0,0.236,4.13,1.416,train
dish_1550705888,,71.610001,low,93.0,0.093,15.81,1.86,train
dish_1562691409,,225.98999,low,164.0,10.48,22.084,10.52,train
dish_1566316558,,490.288025,medium,263.0,40.265041,5.577225,25.660692,train
dish_1559751458,,152.643005,low,123.0,0.246,36.161999,1.968,train
dish_1562963648,,252.588776,low,247.0,9.243377,33.273422,10.225956,train
dish_1558115601,,85.470001,low,111.0,0.111,18.870001,2.22,train
dish_1563550614,,132.824387,low,205.0,1.753415,11.551586,15.085366,train
dish_1573232461,,0.0,low,352.0,0.0,0.0,0.0,train
dish_1551564456,,102.800003,low,140.0,6.094,13.247999,1.204,train
dish_1558628515,,31.92,low,56.0,0.168,7.84,0.392,train
dish_1559841891,,163.962006,low,272.0,0.343,43.332001,1.301,train
dish_1558719298,,265.925995,low,46.0,22.77,10.441999,10.304,train
dish_1566413469,,459.663025,medium,379.0,25.563999,17.134001,44.223003,train
dish_1562702469,,541.730286,medium,529.0,28.22797,32.923893,39.216187,train
dish_1551373738,,239.389984,low,188.0,10.893001,28.936001,9.589001,train
dish_1551567805,,77.445999,low,119.0,4.043,11.067,1.124,train
dish_1563984199,,322.679993,low,670.0,1.278,22.243999,48.598003,train
dish_1565640576,,307.28656,low,267.0,16.090178,11.782665,28.774073,train
dish_1566847454,,346.747437,low,210.0,16.620152,20.658922,27.281824,train
dish_1551568285,,128.26001,low,267.0,1.69,30.049999,3.742,train
dish_1551382179,,782.096008,medium,134.0,4.372,150.31601,75.929993,train
dish_1563218987,,383.559662,low,172.0,19.782057,17.969845,31.665079,train
dish_1572376802,,0.0,low,150.0,0.0,0.0,0.0,train
dish_1550770616,,125.800003,low,85.0,9.35,1.36,8.5,train
dish_1562702007,,24.784069,low,100.0,0.871068,3.561408,0.892431,train
dish_1567110631,,252.613922,low,260.0,14.578888,27.507641,6.725035,train
dish_1550706237,,132.699997,low,50.0,2.1,21.15,6.75,train
dish_1562009120,,95.610138,low,146.0,5.247729,6.257764,9.354047,train
dish_1567024187,,334.945831,low,235.0,12.615192,38.525391,16.733999,train
dish_1572280018,,0.0,low,261.0,0.0,0.0,0.0,train
dish_1563206601,,293.797668,low,337.0,9.194207,17.494774,30.980963,train
dish_1576171118,,0.0,low,53.0,0.0,0.0,0.0,train
dish_1551232686,,71.050003,low,49.0,2.94,0.735,10.29,train
dish_1565107211,,523.634644,medium,799.0,13.528048,49.041954,47.71722,train
dish_1563305321,,32.936092,low,67.0,0.792689,6.608891,0.59528,train
dish_1558641007,,23.369999,low,57.0,0.114,5.7,0.513,train
dish_1558724031,,358.710999,low,303.0,25.801001,25.789999,14.067,train
dish_1562775456,,50.16,low,66.0,0.0,11.88,0.66,train
dish_1561392593,,354.044922,low,325.0,24.260466,19.139467,16.3906,train
dish_1560454562,,318.821899,low,299.0,26.924074,24.92885,26.887257,train
dish_1565637123,,229.710007,low,114.0,13.566,19.722,6.726,train
dish_1551563723,,28.0,low,56.0,0.056,7.28,0.28,train
dish_1559846528,,322.726013,low,267.0,17.159,40.509998,9.188,train
dish_1562605384,,306.192841,low,262.0,18.418285,18.374268,16.960743,train
dish_1573851615,,0.0,low,227.0,0.0,0.0,0.0,train
dish_1564601470,,15.841,low,73.0,0.073,3.723,0.511,train
dish_1551397543,,45.990002,low,63.0,3.024,1.197,5.04,train
dish_1551237498,,176.639999,low,128.0,2.688,32.0,5.76,train
dish_1559668016,,469.059998,medium,279.0,25.525999,41.743,18.7264,train
dish_1564516429,,178.982971,low,186.0,17.829895,9.269392,18.674,train
dish_1551377674,,40.470001,low,71.0,0.213,9.94,0.497,train
dish_1566851198,,463.047455,medium,342.0,21.119635,42.903687,25.897209,train
dish_1568060646,,31.48,low,97.0,0.28,6.473001,1.738,train
dish_1572035359,,0.0,low,218.0,0.0,0.0,0.0,train
dish_1559751744,,227.329987,low,188.0,13.007999,10.704,15.712,train
dish_1551374712,,14.75,low,59.0,0.177,2.95,1.062,train
dish_1564082212,,707.941284,medium,425.0,23.036888,18.467739,100.636749,train
dish_1551389506,,59.52,low,62.0,0.93,13.02,2.108,train
dish_1551374502,,34.34,low,101.0,0.202,8.08,0.808,train
dish_1567022147,,34.920002,low,128.0,0.256,7.746,1.746,train
dish_1551390802,,44.18,low,94.0,0.094,11.28,0.846,train
dish_1551492935,,105.850006,low,73.0,4.38,1.095,15.33,train
dish_1550771606,,194.240005,low,32.0,17.280001,6.72,6.4,train
dish_1564601638,,712.456421,medium,541.0,46.945045,42.989044,51.12669,train
dish_1565627751,,68.909271,low,72.0,1.756098,12.643903,0.702439,train
dish_1551565425,,15.75,low,45.0,0.18,3.15,1.08,train
dish_1564169878,,732.513428,medium,341.0,36.986099,36.232471,63.006413,train
dish_1562617416,,200.949997,low,168.0,8.242,23.620001,9.872,train
dish_1558462036,,2.99,low,13.0,0.052,0.468,0.377,train
dish_1560526530,,245.280746,low,242.0,13.31213,26.787249,6.892025,train
dish_1551136043,,59.450001,low,41.0,2.46,0.615,8.61,train
dish_1551236712,,32.43,low,69.0,0.069,8.28,0.621,train
dish_1568401018,,587.709961,medium,447.0,12.476,7.196,106.168007,train
dish_1568666263,,93.400002,low,348.0,0.852,19.77,7.172,train
dish_1550793192,,37.959999,low,73.0,0.146,10.22,0.219,train
dish_1562615153,,468.202423,medium,286.0,29.068731,15.152088,36.833271,train
dish_1560961261,,192.519989,low,218.0,11.830999,10.294001,12.031,train
dish_1551233180,,52.200001,low,36.0,2.16,0.54,7.56,train
dish_1559233570,,16.83,low,51.0,0.153,4.08,0.357,train
dish_1550860041,,211.430008,low,222.0,10.358999,19.532001,10.605,train
dish_1551391672,,22.039999,low,76.0,0.228,6.84,0.836,train
dish_1558640074,,60.32,low,116.0,0.232,16.24,0.348,train
dish_1563827188,,369.359955,low,377.0,12.975754,35.209259,29.444637,train
dish_1565810146,,36.445538,low,29.0,3.106966,1.861971,0.755749,train
dish_1559934679,,160.845459,low,146.0,7.257577,4.518153,18.901001,train
dish_1551222638,,39.240002,low,18.0,0.522,8.099999,1.08,train
dish_1550778469,,103.649994,low,115.0,6.381999,5.12,6.98,train
dish_1563464480,,229.490005,low,213.0,10.918,25.838001,8.302,train
dish_1550712839,,618.472046,medium,173.0,51.18,15.851999,28.148001,train
dish_1566851584,,286.294983,low,222.0,10.867,34.366001,13.904001,train
dish_1560441487,,41.419998,low,88.0,0.226,10.04,0.654,train
dish_1561577848,,413.34787,medium,254.0,13.841578,6.037907,63.12289,train
dish_1551125305,,4.48,low,16.0,0.064,0.848,0.352,train
dish_1565726915,,196.879501,low,251.0,12.527685,18.610243,4.369489,train
dish_1562949162,,64.919998,low,12.0,5.04,0.168,4.44,train
dish_1560443474,,172.779999,low,317.0,0.725,43.25,1.993,train
dish_1566244904,,334.130554,low,389.0,18.642048,15.464586,29.36895,train
dish_1564170474,,39.480003,low,168.0,0.616,7.336,2.464,train
dish_1551314810,,81.149994,low,15.0,6.3,0.21,5.55,train
dish_1560788349,,78.925995,low,134.0,0.536,4.824,13.400001,train
dish_1561577947,,623.204285,medium,424.0,33.782948,12.882619,67.202637,train
dish_1551322804,,88.620003,low,178.0,0.784,22.469999,2.582,train
dish_1564588859,,183.586426,low,257.0,4.754447,9.571161,23.436096,train
dish_1562959485,,45.242737,low,36.0,3.856924,2.311412,0.938171,train
dish_1558725760,,83.719994,low,161.0,0.322,22.540001,0.483,train
dish_1564775147,,327.810303,low,151.0,22.471354,5.23064,24.590466,train
dish_1560798928,,485.038239,medium,399.0,21.99024,52.308964,23.906652,train
dish_1562688524,,215.359985,low,242.0,8.564,25.318001,11.302,train
dish_1558372650,,57.27,low,83.0,0.166,14.940001,0.581,train
dish_1568320383,,437.124115,medium,196.0,18.984426,37.518093,26.864243,train
dish_1551493311,,417.876007,medium,198.0,26.646,24.012001,20.226,train
dish_1568146942,,350.720001,low,274.0,7.496,3.922,63.627998,train
dish_1558630176,,73.839996,low,142.0,0.284,19.879999,0.426,train
dish_1565031376,,319.490448,low,308.0,16.745577,13.420726,28.759739,train
dish_1558549806,,781.958008,medium,203.0,58.674999,48.146,28.747002,train
dish_1566316496,,121.098083,low,64.0,12.485043,2.431224,0.630691,train
dish_1551562881,,43.700001,low,38.0,4.066,2.394,0.304,train
dish_1563391647,,27.390959,low,22.0,2.612649,0.914156,0.499757,train
dish_1551379922,,348.470032,low,166.0,27.412001,20.560001,11.422,train
dish_1563555160,,268.832642,low,287.0,14.444396,21.797338,13.773809,train
dish_1563205982,,316.239502,low,469.0,4.363,54.792,16.148998,train
dish_1565637578,,197.301407,low,168.0,4.829733,18.116875,19.958797,train
dish_1561662869,,284.34552,low,192.0,9.242703,10.282766,38.791027,train
dish_1550792864,,159.940002,low,155.0,5.672,15.639999,10.889999,train
dish_1565898489,,46.0,low,40.0,4.28,2.52,0.32,train
dish_1567542813,,316.638611,low,145.0,10.95192,39.940449,13.850355,train
dish_1559925174,,88.349998,low,155.0,0.465,21.700001,1.085,train
dish_1566242111,,58.419998,low,109.0,4.418,5.211,0.941,train
dish_1561576652,,91.424408,low,322.0,2.720721,15.119776,4.161612,train
dish_1558640917,,5.25,low,21.0,0.063,1.05,0.378,train
dish_1560800836,,479.399994,medium,170.0,20.4,54.399998,20.4,train
dish_1550711094,,106.5,low,102.0,4.466001,8.28,8.52,train
dish_1551563511,,10.73,low,37.0,0.111,3.33,0.407,train
dish_1551323309,,85.760002,low,16.0,5.6,8.48,1.12,train
dish_1550778922,,182.100006,low,30.0,16.200001,6.3,6.0,train
dish_1551391034,,48.959999,low,72.0,1.008,8.639999,1.728,train
dish_1550711385,,302.820007,low,335.0,11.537999,36.132,14.016001,train
dish_1558110436,,85.629005,low,69.0,0.138,20.285999,1.104,train
dish_1565711183,,460.42337,medium,461.0,20.747547,20.976871,44.718552,train
dish_1564689108,,203.66246,low,159.0,15.866496,13.156699,4.929469,train
dish_1561494001,,162.687851,low,216.0,13.844637,7.95715,3.520412,train
dish_1563908923,,49.279999,low,112.0,2.352,4.816,3.584,train
dish_1558115282,,74.879997,low,144.0,0.288,0.432,20.16,train
dish_1561392570,,149.804916,low,187.0,9.080466,16.931465,2.5906,train
dish_1551392833,,13.76,low,32.0,0.096,2.88,1.088,train
dish_1559846034,,11.2,low,32.0,0.128,2.24,0.768,train
dish_1561578156,,31.990978,low,97.0,1.141176,5.610784,0.95098,train
dish_1566316587,,646.768066,medium,311.0,50.825043,20.937225,26.908691,train
dish_1565986702,,211.343994,low,204.0,24.373022,6.954482,27.831074,train
dish_1550873486,,144.720001,low,36.0,11.88,0.468,9.0,train
dish_1563389719,,529.817993,medium,457.0,29.358,21.484001,46.358997,train
dish_1558721533,,18.700001,low,55.0,0.11,4.4,0.44,train
dish_1563824065,,15.51,low,66.0,0.242,2.882,0.968,train
dish_1566501473,,413.942017,medium,371.0,14.89,18.319,52.967999,train
dish_1563222745,,135.360001,low,48.0,5.76,15.36,5.76,train
dish_1568060542,,583.376404,medium,481.0,23.326906,52.420933,42.289955,train
dish_1550859694,,33.630001,low,59.0,0.177,8.26,0.413,train
dish_1563998513,,757.505066,medium,599.0,38.736301,51.552532,54.239513,train
dish_1565896662,,19.380001,low,57.0,0.2565,3.6195,1.4535,train
dish_1562959799,,498.765594,medium,363.0,21.28801,46.103294,30.849312,train
dish_1568401233,,490.393372,medium,418.0,22.600721,32.332966,38.631962,train
dish_1558630649,,190.009995,low,355.0,0.71,49.419998,2.005,train
dish_1551123072,,19.040001,low,56.0,0.112,4.48,0.448,train
dish_1559235639,,33.990002,low,103.0,0.309,8.24,0.721,train
dish_1563555510,,193.880005,low,131.0,14.41,2.096,13.1,train
dish_1562614952,,548.106018,medium,403.0,28.563108,18.39809,54.80373,train
dish_1559172356,,313.103912,low,176.0,15.885429,6.928988,32.684391,train
dish_1550777025,,54.290001,low,61.0,0.183,14.030001,0.671,train
dish_1558549605,,97.5,low,75.0,0.225,21.0,2.025,train
dish_1566246513,,436.955017,medium,265.0,17.884998,4.43,61.169998,train
dish_1567020366,,111.459381,low,203.0,5.200981,14.576805,5.105492,train
dish_1562699570,,24.42,low,22.0,0.198,5.06,0.572,train
dish_1564083508,,276.261993,low,225.0,18.447001,6.015,22.819998,train
dish_1550711598,,22.75,low,91.0,0.273,4.55,1.638,train
dish_1550874640,,35.419998,low,46.0,0.046,7.82,0.92,train
dish_1573848236,,0.0,low,41.0,0.0,0.0,0.0,train
dish_1565895966,,214.544357,low,287.0,9.93185,16.800755,16.543627,train
dish_1550874918,,55.799999,low,62.0,8.059999,0.0,11.408,train
dish_1566502573,,821.510193,high,487.0,43.20623,60.718185,51.18927,train
dish_1551134987,,116.800003,low,73.0,10.950001,6.57,1.46,train
dish_1550797169,,82.099991,low,189.0,0.779,19.552002,1.826,train
dish_1558722780,,142.838989,low,367.0,1.872,31.532999,4.845,train
dish_1561749392,,416.778564,medium,210.0,21.084249,16.09301,38.888771,train
dish_1551378829,,6.324,low,31.0,0.031,1.209,0.682,train
dish_1561662948,,293.605499,low,230.0,9.301705,12.249766,39.475029,train
dish_1558109945,,74.360001,low,143.0,0.286,0.429,20.02,train
dish_1568144803,,66.128174,low,93.0,4.050533,8.068691,0.798856,train
dish_1558719514,,433.285004,medium,430.0,24.713001,49.695995,14.859,train
dish_1562008695,,18.0,low,72.0,0.216,3.6,1.296,train
dish_1565725047,,77.659996,low,110.0,4.84,9.372,0.946,train
dish_1551237854,,338.779999,low,158.0,13.132001,30.9,23.555,train
dish_1551134442,,30.1,low,70.0,0.21,6.3,2.38,train
dish_1566329257,,321.025208,low,537.0,14.637179,22.744293,29.529112,train
dish_1572453753,,0.0,low,317.0,0.0,0.0,0.0,train
dish_1561577598,,813.452026,high,393.0,46.151894,26.876921,67.191734,train
dish_1566933401,,27.052683,low,79.0,2.080976,1.69561,1.156098,train
dish_1550862681,,68.089996,low,124.0,0.565,16.658001,0.892,train
dish_1550778435,,103.649994,low,115.0,6.381999,5.12,6.98,train
dish_1551233403,,27.23,low,105.0,0.292,5.182,2.334,train
dish_1560526552,,359.240814,low,319.0,21.782129,28.019247,14.592025,train
dish_1551317350,,145.399994,low,187.0,0.43,32.5,4.22,train
dish_1565194852,,428.59549,medium,759.0,5.04372,51.367619,40.800117,train
dish_1559235690,,172.604996,low,111.0,11.655,1.332,13.875,train
dish_1558115867,,132.962997,low,23.0,11.385,5.221,5.152,train
dish_1561578323,,114.336998,low,43.0,4.042,14.405001,4.816,train
dish_1563824406,,474.136047,medium,387.0,28.472,17.138,39.376999,train
dish_1573506378,,0.0,low,78.0,0.0,0.0,0.0,train
dish_1558721959,,11.160001,low,62.0,0.124,2.418,0.558,train
dish_1562613285,,111.744507,low,84.0,7.762758,9.66468,2.126515,train
dish_1566413510,,751.383057,medium,412.0,58.564003,17.134001,44.223,train
dish_1563897492,,339.673645,low,662.0,3.469512,34.759487,38.647804,train
dish_1561746970,,303.636078,low,363.0,8.662106,34.998116,24.098282,train
dish_1559062051,,56.239998,low,74.0,0.0,13.320001,0.74,train
dish_1562875273,,495.910278,medium,306.0,17.108229,39.235752,44.831676,train
dish_1561749818,,340.027893,low,395.0,15.126814,16.991819,33.491497,train
dish_1551379045,,122.933998,low,263.0,2.108,26.019001,4.881,train
dish_1566246902,,236.650986,low,89.0,8.366,29.815001,9.968,train
dish_1571932448,,0.0,low,334.0,0.0,0.0,0.0,train
dish_1564427455,,354.26004,low,218.0,23.956001,4.212,31.222,train
dish_1550789321,,76.889999,low,156.0,5.904,8.178,8.924,train
dish_1551375297,,31.35,low,55.0,0.165,7.7,0.385,train
dish_1567711402,,397.013336,low,321.0,26.602861,36.790283,27.220034,train
dish_1564685482,,851.396545,high,337.0,49.484638,63.400967,40.429775,train
dish_1560974009,,482.983063,medium,409.0,20.768675,30.18502,45.270073,train
dish_1561661850,,648.975952,medium,264.0,25.375412,67.575478,35.485809,train
dish_1561577083,,98.382996,low,37.0,3.478,12.395,4.144,train
dish_1566502437,,74.564041,low,64.0,6.415376,3.824625,1.711664,train
dish_1551381921,,135.752014,low,96.0,1.875,28.466999,4.26,train
dish_1559581198,,236.359985,low,152.0,15.959999,1.824,19.0,train
dish_1573073699,,0.0,low,85.0,0.0,0.0,0.0,train
dish_1551567004,,70.650002,low,85.0,5.157,4.806,3.093,train
dish_1558630867,,73.839996,low,142.0,0.284,19.879999,0.426,train
dish_1562788506,,114.587997,low,108.0,2.592,23.76,3.348,train
dish_1551373181,,78.32,low,88.0,0.264,20.24,0.968,train
dish_1563813806,,81.119995,low,156.0,0.312,1.092,15.6,train
dish_1551142001,,151.919998,low,163.0,9.546,7.274,9.392,train
dish_1560368738,,174.248901,low,225.0,13.005788,13.16204,4.392478,train
dish_1563984835,,603.979248,medium,461.0,38.404388,22.673515,42.219002,train
dish_1561737293,,801.822021,high,636.0,46.077,55.828995,41.927002,train
dish_1562173247,,290.550018,low,149.0,17.879999,17.879999,13.261001,train
dish_1562096933,,312.659607,low,314.0,31.207481,16.597986,38.920853,train
dish_1561661377,,306.333679,low,294.0,8.972795,11.854835,43.735157,train
dish_1565884766,,469.609009,medium,546.0,12.795,34.176998,47.687,train
dish_1551397752,,84.150002,low,51.0,1.836,0.0,15.81,train
dish_1561663914,,257.398834,low,205.0,10.54297,20.362743,21.90077,train
dish_1558381032,,115.620003,low,20.0,9.9,4.54,4.48,train
dish_1551568240,,128.259995,low,267.0,1.69,30.049999,3.742,train
dish_1550773839,,45.029999,low,79.0,0.237,11.06,0.553,train
dish_1550789814,,106.599998,low,82.0,0.246,22.960001,2.214,train
dish_1566244815,,29.375999,low,144.0,0.144,5.616,3.168,train
dish_1551123633,,100.5,low,188.0,1.185,21.57,2.501,train
dish_1551564857,,115.349998,low,112.0,4.987,17.073999,2.98,train
dish_1550771191,,81.149994,low,15.0,6.3,0.21,5.55,train
dish_1550789186,,15.05,low,43.0,0.172,3.01,1.032,train
dish_1563302420,,435.626282,medium,381.0,14.9235,29.277687,45.639103,train
dish_1568666303,,443.199982,medium,560.0,8.483999,19.77,72.892006,train
dish_1562873264,,503.60022,medium,595.0,35.514572,66.933792,33.333626,train
dish_1550773995,,223.019989,low,285.0,0.754,55.550003,3.298,train
dish_1563220171,,465.47464,medium,363.0,13.715989,34.069401,50.018417,train
dish_1566846997,,343.709656,low,168.0,20.575924,4.797582,32.916782,train
dish_1571931763,,0.0,low,70.0,0.0,0.0,0.0,train
dish_1565020755,,43.279999,low,8.0,3.36,0.112,2.96,train
dish_1561576483,,209.595428,low,371.0,8.536117,17.269756,18.4142,train
dish_1561061593,,42.458584,low,52.0,1.65987,4.35921,3.223788,train
dish_1565726812,,36.209755,low,65.0,1.839024,4.439024,1.521951,train
dish_1562963084,,375.127289,low,424.0,33.556896,26.34886,34.572639,train
dish_1558115641,,584.526001,medium,331.0,34.696999,41.082001,27.196001,train
dish_1563208459,,186.485947,low,161.0,8.039566,22.543018,6.94117,train
dish_1572365415,,0.0,low,289.0,0.0,0.0,0.0,train
dish_1551139831,,134.400009,low,84.0,12.6,7.56,1.68,train
dish_1551317743,,138.800003,low,181.0,0.642,30.68,5.33,train
dish_1558722207,,83.199997,low,160.0,0.32,22.4,0.48,train
dish_1558722871,,15.0,low,60.0,0.18,3.0,1.08,train
dish_1566244863,,56.870998,low,261.0,0.573,10.725,4.884,train
dish_1563568025,,244.986359,low,247.0,16.967199,28.967131,19.446245,train
dish_1564686740,,399.804565,low,221.0,21.22847,40.114349,13.19951,train
dish_1551304741,,269.529999,low,223.0,17.083,19.021999,11.918,train
dish_1571934154,,0.0,low,288.0,0.0,0.0,0.0,train
dish_1558721323,,31.620001,low,93.0,0.186,7.44,0.744,train
dish_1551222587,,82.379997,low,128.0,1.197,15.042,3.849,train
dish_1563553735,,114.385803,low,88.0,6.131613,13.543484,2.816,train
dish_1562874282,,427.879974,medium,469.0,44.081676,21.052488,46.001808,train
dish_1564689219,,506.847046,medium,474.0,28.081553,44.726837,27.231215,train
dish_1563550922,,48.689999,low,9.0,3.78,0.126,3.33,train
dish_1560802048,,47.213894,low,83.0,1.904628,4.996577,3.07406,train
dish_1561663891,,247.168854,low,172.0,10.509971,18.052742,21.306768,train
dish_1550779014,,253.920013,low,109.0,21.240002,7.848,11.13,train
dish_1550862648,,16.119999,low,31.0,0.062,4.34,0.093,train
dish_1551381208,,17.75,low,71.0,0.213,3.55,1.278,train
dish_1565797723,,202.928879,low,221.0,10.543742,21.219322,7.852,train
dish_1551314337,,33.5,low,67.0,0.067,8.71,0.335,train
dish_1563389153,,346.454468,low,224.0,5.393479,69.070702,11.697627,train
dish_1551377521,,210.039993,low,128.0,9.546,8.548,23.465,train
dish_1551566159,,360.958008,low,206.0,24.142,18.605999,17.746,train
dish_1562180089,,851.298767,high,437.0,57.796677,19.00104,60.67337,train
dish_1551395766,,90.68,low,118.0,0.212,20.57,1.964,train
dish_1565898544,,181.954498,low,182.0,9.618723,8.612269,15.368443,train
dish_1565898193,,291.914032,low,268.0,14.644992,12.845702,26.551004,train
dish_1563207364,,309.269989,low,271.0,13.774,30.657,15.01,train
dish_1558640604,,60.839996,low,117.0,0.234,16.379999,0.351,train
dish_1551141747,,134.779999,low,148.0,8.978,15.190001,14.114,train
dish_1565204931,,391.326447,low,515.0,13.301519,49.572693,22.7292,train
dish_1568144879,,127.808182,low,278.0,4.360533,22.369692,2.583857,train
dish_1558380527,,385.952026,low,112.0,30.576,4.704,21.616001,train
dish_1551136264,,115.200005,low,72.0,10.8,6.48,1.44,train
dish_1558028690,,23.76,low,66.0,0.066,5.94,0.33,train
dish_1564605293,,404.167999,medium,152.0,14.287999,50.920002,17.024,train
dish_1551493854,,399.736023,low,116.0,31.667999,4.872,22.388,train
dish_1558636388,,24.0,low,96.0,0.288,4.8,1.728,train
dish_1561665422,,571.39386,medium,385.0,15.953769,24.421902,80.548927,train
dish_1566415558,,169.100739,low,234.0,14.586706,12.861994,14.924493,train
dish_1572974428,,0.0,low,74.0,0.0,0.0,0.0,train
dish_1572901583,,0.0,low,143.0,0.0,0.0,0.0,train
dish_1565035858,,375.227997,low,531.0,6.709,23.677,55.419998,train
dish_1551307258,,43.200001,low,45.0,0.675,9.45,1.53,train
dish_1565030391,,609.333923,medium,313.0,37.047943,12.058959,52.597542,train
dish_1563911156,,140.448929,low,96.0,4.935409,5.319837,17.850359,train
dish_1558723894,,757.612976,medium,405.0,50.550999,68.302002,26.312002,train
dish_1568405306,,421.239746,medium,336.0,24.294468,15.891708,35.916676,train
dish_1567537252,,464.459564,medium,303.0,25.214239,17.229736,39.963154,train
dish_1565195398,,135.37854,low,126.0,4.812195,18.777807,4.224878,train
dish_1551395987,,52.32,low,24.0,0.696,10.799999,1.44,train
dish_1551488691,,32.330002,low,53.0,0.265,7.95,0.583,train
dish_1575997210,,0.0,low,3.0,0.0,0.0,0.0,train
dish_1566923030,,396.799988,low,226.0,25.368999,33.673996,10.643001,train
dish_1561667238,,268.80484,low,165.0,12.344784,15.250226,23.481403,train
dish_1568060746,,778.819946,medium,395.0,53.007999,12.233,64.398003,train
dish_1563393341,,27.965,low,119.0,0.436333,5.196334,1.745333,train
dish_1558629013,,26.400002,low,80.0,0.24,6.4,0.56,train
dish_1565811588,,348.484161,low,263.0,21.454355,7.568845,31.213434,train
dish_1563305883,,83.052505,low,77.0,7.017997,4.055908,2.14745,train
dish_1575923893,,0.0,low,115.0,0.0,0.0,0.0,train
dish_1551488737,,22.559999,low,48.0,0.048,5.76,0.432,train
dish_1550771984,,66.299995,low,142.0,0.564,15.336,1.476,train
dish_1562687527,,203.221603,low,210.0,13.594805,18.88726,3.396128,train
dish_1558116201,,313.585999,low,91.0,24.843,3.822,17.563,train
dish_1564170071,,14.0,low,35.0,0.035,3.15,0.385,train
dish_1562687554,,409.334595,medium,281.0,23.747805,42.104256,9.005127,train
dish_1558639907,,10.440001,low,58.0,0.116,2.262,0.522,train
dish_1565119698,,222.235489,low,308.0,10.575852,13.186614,19.411322,train
dish_1560975601,,233.935638,low,253.0,8.421075,17.945927,22.794699,train
dish_1550791160,,40.559998,low,78.0,0.156,10.92,0.234,train
dish_1551236011,,281.720001,low,307.0,4.474,21.995998,38.446003,train
dish_1558721587,,95.489998,low,90.0,2.16,19.799999,2.79,train
dish_1558723047,,31.620001,low,93.0,0.186,7.44,0.744,train
dish_1562777068,,236.723511,low,236.0,15.213988,10.770336,14.960756,train
dish_1559846363,,154.262009,low,286.0,0.488,39.681999,1.996,train
dish_1562603598,,175.259506,low,156.0,7.332731,21.785269,6.306293,train
dish_1550860747,,39.5,low,79.0,0.079,10.27,0.395,train
dish_1550778856,,64.919998,low,12.0,5.04,0.168,4.44,train
dish_1562700760,,370.130035,low,418.0,18.338949,16.083405,35.965889,train
dish_1551378179,,326.838013,low,136.0,27.217001,17.208,11.199,train
dish_1572887017,,0.0,low,274.0,0.0,0.0,0.0,train
dish_1563480476,,517.897095,medium,332.0,21.6411,15.248222,60.135342,train
dish_1550790874,,87.5,low,35.0,5.25,0.0,9.099999,train
dish_1562947436,,282.382019,low,242.0,14.62,28.053999,11.22,train
dish_1551222759,,14.8,low,37.0,0.074,3.33,0.74,train
dish_1559240089,,202.821503,low,385.0,0.969884,51.542568,2.443778,train
dish_1575481406,,0.0,low,27.0,0.0,0.0,0.0,train
dish_1551222877,,104.639999,low,48.0,1.392,21.599998,2.88,train
dish_1551236949,,43.860001,low,102.0,0.306,9.18,3.468,train
dish_1557862696,,19.25,low,77.0,0.231,3.85,1.386,train
dish_1563824339,,85.339996,low,175.0,4.087,12.075,2.098,train
dish_1551221853,,24.25,low,97.0,0.291,4.85,1.746,train
dish_1563997386,,215.884918,low,238.0,15.762681,18.095463,4.212677,train
dish_1572033988,,0.0,low,202.0,0.0,0.0,0.0,train
dish_1566587102,,213.599411,low,146.0,7.505935,8.090585,27.147421,train
dish_1560801041,,432.244263,medium,292.0,10.663426,63.245892,25.670122,train
dish_1550775393,,402.750031,medium,166.0,30.093002,28.189999,12.973,train
dish_1551222935,,6.56,low,16.0,0.032,1.6,0.144,train
dish_1565797645,,21.0,low,70.0,0.14,5.32,0.42,train
dish_1550873303,,205.649994,low,225.0,8.244,14.31,20.150002,train
dish_1564083534,,309.061981,low,307.0,18.611,13.395,24.459997,train
dish_1562615388,,360.182037,low,273.0,20.730438,25.77393,19.85861,train
dish_1568649312,,44.459999,low,78.0,0.234,10.92,0.546,train
dish_1562875870,,256.946411,low,233.0,17.797087,26.566978,21.725405,train
dish_1561664013,,280.443024,low,163.0,9.741618,8.592841,37.370922,train
dish_1561061123,,399.430664,low,357.0,20.405451,26.884327,31.093739,train
dish_1565972674,,613.592834,medium,426.0,44.663322,9.929046,41.692604,train
dish_1558638292,,190.309982,low,356.0,0.755,46.080002,3.179,train
dish_1562172600,,263.599976,low,370.0,6.02,16.43,30.68,train
dish_1566328961,,605.81781,medium,308.0,24.900572,39.994911,52.083549,train
dish_1561752680,,465.324982,medium,175.0,16.449999,58.625,19.6,train
dish_1568320427,,450.764099,medium,240.0,19.028429,40.598091,27.65624,train
dish_1551491048,,90.829994,low,118.0,6.606,5.945,4.48,train
dish_1550793582,,67.599998,low,52.0,0.156,14.56,1.404,train
dish_1559667948,,153.900009,low,57.0,4.56,22.971003,5.3124,train
dish_1568405183,,72.402832,low,64.0,6.906353,2.248366,1.364915,train
dish_1561578676,,212.034836,low,224.0,10.345771,13.637113,16.441778,train
dish_1566247003,,499.257019,medium,322.0,20.854633,38.104717,39.988472,train
dish_1551565845,,27.84,low,96.0,0.288,8.64,1.056,train
dish_1558114441,,258.450012,low,75.0,20.475,3.15,14.475,train
dish_1560787696,,37.869999,low,7.0,2.94,0.098,2.59,train
dish_1565382995,,23.210001,low,158.0,0.228,4.072,2.663,train
dish_1567613057,,406.68631,medium,749.0,4.968488,45.862511,40.6982,train
dish_1558029278,,146.069992,low,27.0,11.339999,0.378,9.99,train
dish_1558116001,,569.807007,medium,223.0,39.426998,27.921001,28.353001,train
dish_1561405887,,213.343475,low,139.0,5.735158,15.94918,23.363749,train
dish_1565119439,,465.412231,medium,189.0,19.563423,42.858475,27.351355,train
dish_1558460908,,151.999985,low,302.0,0.62,39.632,1.834,train
dish_1560801773,,13.5,low,54.0,0.162,2.7,0.972,train
dish_1558380014,,92.459999,low,134.0,0.268,24.120001,0.938,train
dish_1550712877,,618.472046,medium,172.0,51.18,15.851999,28.148001,train
dish_1558546558,,254.364014,low,44.0,21.780001,9.988,9.856,train
dish_1550710279,,9.02,low,22.0,0.044,2.2,0.198,train
dish_1558719994,,768.873047,medium,133.0,65.834999,30.191,29.792002,train
dish_1550773917,,137.949997,low,155.0,0.465,35.650002,1.705,train
dish_1551379605,,230.139999,low,172.0,12.226,22.007999,10.313999,train
dish_1551396678,,4.488,low,22.0,0.022,0.858,0.484,train
dish_1566402197,,480.946136,medium,736.0,8.78768,47.151623,47.279602,train
dish_1558635933,,33.32,low,98.0,0.196,7.84,0.784,train
dish_1564691352,,75.331001,low,71.0,1.704,15.62,2.201,train
dish_1558372695,,148.178009,low,43.0,11.739,1.806,8.299,train
dish_1550861605,,73.839996,low,142.0,0.284,19.879999,0.426,train
dish_1550791822,,124.799995,low,96.0,0.288,26.880001,2.592,train
dish_1551389684,,6.732,low,33.0,0.033,1.287,0.726,train
dish_1567714813,,389.459991,low,264.0,13.723999,5.836,59.284,train
dish_1558640477,,59.416,low,56.0,1.344,12.32,1.736,train
dish_1560456348,,210.282761,low,149.0,7.533189,4.561613,29.940079,train
dish_1572376754,,0.0,low,60.0,0.0,0.0,0.0,train
dish_1558636868,,46.248001,low,8.0,3.96,1.816,1.792,train
dish_1566851115,,81.554428,low,70.0,7.016817,4.183183,1.872132,train
dish_1566590946,,405.611877,medium,228.0,20.578852,8.976191,42.341148,train
dish_1563391681,,154.317169,low,143.0,16.664272,5.759966,16.284445,train
dish_1563563467,,40.750244,low,119.0,3.134634,2.554147,1.741463,train
dish_1563389413,,34.649998,low,99.0,0.396,6.93,2.376,train
dish_1550773591,,175.199997,low,122.0,11.85,5.644,11.54,train
dish_1561579902,,406.397736,medium,247.0,24.016941,9.004458,37.768024,train
dish_1563984729,,495.720032,medium,321.0,33.59,7.544,38.98,train
dish_1558373352,,69.0,low,100.0,0.2,18.0,0.7,train
dish_1559844113,,312.955017,low,356.0,12.968,49.254997,7.371,train
dish_1551489885,,43.5,low,30.0,1.8,0.45,6.3,train
dish_1558639045,,116.709999,low,110.0,2.64,24.200001,3.41,train
dish_1563295292,,119.019997,low,22.0,9.24,0.308,8.14,train
dish_1561739954,,276.119995,low,225.0,16.059999,16.556,15.39,train
dish_1562010929,,457.265839,medium,405.0,27.095516,25.63044,29.310972,train
dish_1562011727,,372.352112,low,182.0,22.290583,5.197382,35.659843,train
dish_1558550181,,28.98,low,42.0,0.084,7.56,0.294,train
dish_1559848929,,189.292007,low,321.0,0.494,49.501999,1.697,train
dish_1565118782,,557.521606,medium,353.0,34.1091,17.046598,43.740959,train
dish_1563812615,,402.784088,medium,386.0,18.810022,17.201342,39.896744,train
dish_1551377473,,210.039993,low,128.0,9.546,8.548,23.465,train
dish_1558381206,,342.388,low,153.0,24.582998,17.737,15.674,train
dish_1562700593,,385.773926,low,384.0,29.806803,18.611984,37.046314,train
dish_1562613403,,398.703369,low,315.0,25.434467,19.955114,24.512461,train
dish_1563218031,,419.769562,medium,426.0,17.155958,17.798939,47.788559,train
dish_1551566974,,70.650002,low,85.0,5.157,4.806,3.093,train
dish_1565640723,,15.12,low,54.0,0.216,2.862,1.188,train
dish_1564690167,,251.781372,low,207.0,10.885319,25.878613,15.266026,train
dish_1560444914,,62.340004,low,166.0,0.242,15.915999,0.906,train
dish_1571932341,,0.0,low,45.0,0.0,0.0,0.0,train
dish_1562789268,,569.511536,medium,350.0,22.733551,64.756828,32.585655,train
dish_1560529804,,15.3,low,51.0,0.102,3.876,0.306,train
dish_1574269354,,0.0,low,109.0,0.0,0.0,0.0,train
dish_1564000459,,485.186493,medium,217.0,16.882004,44.995647,36.453865,train
dish_1561662532,,166.455505,low,191.0,7.089837,23.749184,7.350388,train
dish_1561061658,,226.000137,low,227.0,12.284481,24.678637,8.949248,train
dish_1558639440,,60.32,low,116.0,0.232,16.24,0.348,train
dish_1551563925,,59.450001,low,41.0,2.46,0.615,8.61,train
dish_1551323794,,25.809999,low,89.0,0.267,8.01,0.979,train
dish_1560441339,,280.679993,low,154.0,18.092001,11.053999,17.479,train
dish_1563389786,,640.137939,medium,564.0,37.556004,30.394001,48.338997,train
dish_1551134824,,119.019997,low,150.0,1.113,23.689999,5.065,train
dish_1559589873,,11.88,low,54.0,0.162,1.782,1.674,train
dish_1565797671,,39.239998,low,102.0,0.236,9.799999,0.644,train
dish_1560961107,,352.820007,low,320.0,6.124001,67.513,8.6632,train
dish_1551566642,,5.74,low,14.0,0.028,1.4,0.126,train
dish_1572550690,,0.0,low,169.0,0.0,0.0,0.0,train
dish_1560442226,,83.790001,low,147.0,0.441,20.58,1.029,train
dish_1562010394,,188.610443,low,116.0,12.935694,3.708065,14.15958,train
dish_1559841979,,39.289997,low,85.0,0.287,9.13,1.192,train
dish_1563566810,,392.292175,low,331.0,18.451838,51.255371,9.994014,train
dish_1559243974,,431.21994,medium,306.0,25.580051,47.433929,12.482895,train
dish_1566242066,,46.0,low,40.0,4.28,2.52,0.32,train
dish_1550710917,,16.0,low,40.0,0.08,3.6,0.8,train
dish_1564685450,,623.007507,medium,288.0,35.372643,38.998962,37.391777,train
dish_1550705669,,148.050003,low,191.0,2.703,8.34,22.830002,train
dish_1565898402,,384.799225,low,229.0,19.544107,9.462811,39.424374,train
dish_1559933818,,115.066795,low,154.0,6.580434,12.20121,5.03466,train
dish_1550708221,,41.610001,low,57.0,2.736,1.083,4.56,train
dish_1562096343,,6.2,low,62.0,0.0,1.24,0.62,train
dish_1562184628,,444.01001,medium,121.0,32.879997,0.602,35.41,train
dish_1565036865,,434.854675,medium,199.0,19.686844,27.427927,34.376076,train
dish_1560444592,,244.421005,low,175.0,12.662,19.757999,12.376,train
dish_1562614158,,453.931671,medium,301.0,30.739628,14.829063,31.99674,train
dish_1561751897,,354.020905,low,199.0,17.961365,7.834482,36.95565,train
dish_1563206562,,98.208679,low,68.0,3.913208,15.203773,0.833962,train
dish_1565640894,,464.892029,medium,422.0,18.178001,20.476002,55.195004,train
dish_1565811390,,205.092285,low,266.0,7.622345,21.70455,14.384672,train
dish_1558639412,,32.98,low,97.0,0.194,7.76,0.776,train
dish_1561663068,,332.892792,low,168.0,15.890169,35.715992,12.027848,train
dish_1560366389,,46.909065,low,38.0,4.457482,1.529994,0.911943,train
dish_1561663035,,263.240997,low,99.0,9.306,33.165001,11.088,train
dish_1566851704,,461.160156,medium,348.0,18.996983,46.817013,26.711891,train
dish_1551374560,,96.049995,low,195.0,0.52,23.23,2.338,train
dish_1561404458,,410.311737,medium,259.0,24.921593,15.13535,33.127415,train
dish_1558373284,,389.39801,low,113.0,30.849001,4.746,21.809,train
dish_1563218201,,352.872009,low,156.0,23.244001,0.156,35.256001,train
dish_1561494032,,185.437851,low,307.0,14.117637,12.507152,5.158412,train
dish_1550704903,,30.4,low,76.0,0.152,6.84,1.52,train
dish_1558122740,,260.149994,low,304.0,7.703,22.625002,28.618999,train
dish_1567019993,,28.083149,low,55.0,0.703702,4.87714,1.841452,train
dish_1562947020,,533.117126,medium,333.0,40.118572,5.280429,35.67857,train
dish_1561577177,,234.606445,low,156.0,11.785346,24.279522,9.124969,train
dish_1558547205,,291.174988,low,186.0,12.676999,37.510998,9.297001,train
dish_1558717604,,73.839996,low,142.0,0.284,19.879999,0.426,train
dish_1558544427,,160.164993,low,103.0,10.815,1.236,12.875,train
dish_1566316525,,223.888092,low,83.0,20.465044,2.697224,7.660691,train
dish_1561393550,,172.480011,low,176.0,7.568,5.984,19.360001,train
dish_1562702379,,100.882935,low,227.0,6.206042,9.873425,3.944872,train
dish_1551322934,,7.48,low,34.0,0.102,1.122,1.054,train
dish_1567024224,,354.945831,low,315.0,12.855191,42.525387,18.173998,train
dish_1562958809,,511.673645,medium,389.0,24.147148,44.695526,28.865578,train
dish_1551491216,,97.68,low,66.0,7.26,1.056,6.6,train
dish_1560801797,,25.655659,low,96.0,0.700594,4.108631,1.344873,train
dish_1551493883,,6.15,low,15.0,0.03,1.5,0.135,train
dish_1564073641,,49.767807,low,52.0,1.268293,9.131708,0.507317,train
dish_1558632959,,16.02,low,89.0,0.178,3.471,0.801,train
dish_1551228876,,6.97,low,17.0,0.034,1.7,0.153,train
dish_1565894910,,537.113037,medium,179.0,21.353001,67.945007,18.191,train
dish_1551226442,,87.440002,low,126.0,0.976,18.01,4.374,train
dish_1558628888,,111.959999,low,72.0,7.56,0.864,9.0,train
dish_1567537352,,50.792469,low,73.0,4.293021,2.561213,1.209936,train
dish_1560798744,,357.152008,low,220.0,14.164,39.889,19.320002,train
dish_1565195436,,340.958527,low,164.0,20.772194,19.309807,18.284878,train
dish_1561580552,,22.25,low,89.0,0.267,4.45,1.602,train
dish_1561578188,,57.990978,low,201.0,1.453176,10.810784,2.82298,train
dish_1561493975,,130.851608,low,106.0,12.434031,4.267878,2.54384,train
dish_1562775549,,174.977127,low,252.0,3.399757,18.531387,16.886642,train
dish_1567785739,,168.576462,low,177.0,9.348528,21.464273,1.382379,train
dish_1563898688,,32.549999,low,93.0,0.372,6.51,2.232,train
dish_1558628921,,24.6,low,60.0,0.12,6.0,0.54,train
dish_1562612974,,8.96,low,32.0,0.128,1.696,0.704,train
dish_1564518454,,164.858002,low,62.0,5.828,20.77,6.944,train
dish_1567537185,,402.981781,medium,185.0,22.945698,7.198614,38.144672,train
dish_1566230258,,357.959961,low,585.0,3.924,24.834,47.400002,train
dish_1565726949,,451.546997,medium,372.0,27.147779,22.201359,29.088448,train
dish_1563307519,,574.115173,medium,335.0,30.811615,18.411123,51.720291,train
dish_1565884692,,212.159988,low,408.0,0.816,2.856,40.799999,train
dish_1563389446,,117.787598,low,173.0,8.123614,10.055328,3.871456,train
dish_1560798785,,379.652008,low,310.0,14.433999,44.389,20.939999,train
dish_1561753238,,298.034393,low,333.0,13.71139,14.026631,28.881098,train
dish_1558633221,,176.878998,low,449.0,1.417,42.901001,4.438,train
dish_1563813308,,224.982895,low,76.0,16.446194,3.901661,15.332276,train
dish_1551488807,,194.5,low,125.0,12.733001,18.540001,5.615,train
dish_1561062555,,47.093922,low,32.0,3.147569,4.405365,1.027732,train
dish_1575307819,,0.0,low,114.0,0.0,0.0,0.0,train
dish_1562787745,,85.357742,low,58.0,5.704968,7.984723,1.862764,train
dish_1550793525,,30.449999,low,87.0,0.348,6.09,2.088,train
dish_1558641954,,18.360001,low,102.0,0.204,3.978,0.918,train
dish_1559675146,,19.07,low,45.0,0.121,4.19,1.18,train
dish_1566502505,,454.517365,medium,275.0,22.45969,33.146801,31.874937,train
dish_1573665080,,0.0,low,340.0,0.0,0.0,0.0,train
dish_1565896745,,368.540344,low,244.0,25.222511,10.737839,27.187071,train
dish_1565898723,,603.390259,medium,588.0,12.773447,19.593021,98.138496,train
dish_1566414686,,646.176697,medium,407.0,22.089535,20.808079,86.652031,train
dish_1559848882,,143.062012,low,254.0,0.36,37.441998,1.228,train
dish_1566933498,,318.482666,low,284.0,17.559082,12.097746,28.37812,train
dish_1550863285,,146.849991,low,165.0,0.495,37.950001,1.815,train
dish_1560801829,,256.89563,low,178.0,10.540594,30.348633,11.184874,train
dish_1573232499,,0.0,low,474.0,0.0,0.0,0.0,train
dish_1561662160,,41.838322,low,36.0,3.37508,2.752816,0.63016,train
dish_1573233271,,0.0,low,122.0,0.0,0.0,0.0,train
dish_1560455000,,12.800001,low,84.0,0.11,2.725,0.785,train
dish_1558376437,,13.26,low,39.0,0.078,3.12,0.312,train
dish_1568666061,,260.434052,low,253.0,9.43398,29.812946,15.994325,train
dish_1550707156,,645.002014,medium,335.0,43.278999,26.605999,35.140999,train
dish_1557862738,,319.779999,low,118.0,22.42,0.0,29.5,train
dish_1566920304,,296.399994,low,570.0,1.14,3.99,57.0,train
dish_1562876732,,350.566833,low,291.0,13.169589,36.560165,27.639404,train
dish_1551487288,,30.66,low,42.0,2.016,0.798,3.36,train
dish_1561492628,,13.64,low,31.0,0.651,1.333,0.992,train
dish_1551393161,,484.329987,medium,190.0,34.821003,31.131001,18.821001,train
dish_1560442279,,333.769989,low,222.0,17.103998,28.882,16.717001,train
dish_1559849412,,352.641022,low,61.0,30.195,13.847,13.664001,train
dish_1566329021,,792.680847,medium,486.0,28.006495,74.708344,59.259876,train
dish_1566402095,,421.11615,medium,577.0,8.430679,32.411625,46.206608,train
dish_1564685360,,304.052368,low,129.0,20.049007,4.989798,25.973656,train
dish_1550863078,,60.310001,low,115.0,0.212,15.21,0.816,train
dish_1565207662,,145.937561,low,128.0,11.480614,12.175006,14.462402,train
dish_1564415140,,199.893661,low,239.0,7.645512,10.607489,19.387804,train
dish_1551382060,,44.200001,low,65.0,0.91,7.8,1.56,train
dish_1563813436,,418.75946,medium,242.0,25.918316,25.07654,22.035324,train
dish_1557861605,,35.099998,low,39.0,5.07,0.0,7.176,train
dish_1558380804,,7.56,low,27.0,0.108,1.431,0.594,train
dish_1551391083,,191.339996,low,282.0,7.175,24.550999,12.249,train
dish_1559593746,,156.962936,low,186.0,12.440333,9.556887,3.499168,train
dish_1565194684,,196.559998,low,378.0,0.756,2.646,37.799999,train
dish_1551564282,,104.510002,low,153.0,3.572,14.605,6.124,train
dish_1564590190,,194.015839,low,298.0,3.398219,40.652782,2.335488,train
dish_1551224089,,6.38,low,29.0,0.087,0.957,0.899,train
dish_1568313527,,48.920002,low,71.0,3.496,4.577,1.518,train
dish_1550772367,,162.299988,low,30.0,12.599999,0.42,11.1,train
dish_1560360148,,587.794006,medium,317.0,33.510998,41.481003,29.463799,train
dish_1565711527,,484.807251,medium,302.0,32.015488,33.92815,18.478689,train
dish_1562960437,,97.290001,low,69.0,4.692,12.42,1.449,train
dish_1566332085,,24.75,low,163.0,0.26,4.3,2.865,train
dish_1565119493,,529.144897,medium,280.0,24.306738,46.864986,29.865883,train
dish_1557936599,,22.049999,low,63.0,0.252,4.41,1.512,train
dish_1559059954,,108.199997,low,20.0,8.4,0.28,7.4,train
dish_1560443437,,116.279999,low,204.0,0.612,28.559999,1.428,train
dish_1564000417,,340.35199,low,128.0,12.032,42.880001,14.336,train
dish_1551377438,,112.559998,low,28.0,9.240001,0.364,7.0,train
dish_1559844611,,55.889999,low,81.0,0.162,14.580001,0.567,train
dish_1563480608,,886.946472,high,650.0,40.421227,42.644722,83.222633,train
dish_1565021011,,211.919006,low,73.0,10.439,23.871,5.767,train
dish_1562961609,,423.541779,medium,186.0,17.73101,35.247433,29.078554,train
dish_1562180157,,1009.176697,high,557.0,72.163277,25.456959,63.837643,train
dish_1572538461,,0.0,low,167.0,0.0,0.0,0.0,train
dish_1562700885,,29.25,low,117.0,0.351,5.85,2.106,train
dish_1559751775,,309.235992,low,254.0,13.139999,30.107998,16.768,train
dish_1561575445,,35.458431,low,123.0,0.886118,6.612745,1.730431,train
dish_1551563119,,32.489998,low,57.0,0.171,7.98,0.399,train
dish_1561739212,,134.01001,low,214.0,0.325,23.797001,8.347,train
dish_1558636813,,60.720001,low,88.0,0.176,15.84,0.616,train
dish_1560357792,,145.150009,low,50.0,7.150001,16.35,3.95,train
dish_1567785654,,51.779999,low,96.0,0.204,13.02,0.588,train
dish_1573491305,,0.0,low,70.0,0.0,0.0,0.0,train
dish_1558468632,,169.949997,low,103.0,3.708,0.0,31.93,train
dish_1563811662,,245.733765,low,254.0,15.434496,12.357816,15.536933,train
dish_1550711746,,96.150009,low,255.0,4.593,7.8,9.608,train
dish_1566850142,,464.951172,medium,284.0,31.75317,9.052546,35.226067,train
dish_1561578623,,208.514832,low,208.0,10.297771,13.109113,15.945778,train
dish_1557853154,,18.810001,low,57.0,0.171,4.56,0.399,train
dish_1561664042,,285.042999,low,209.0,9.741618,9.51284,37.830917,train
dish_1551323073,,241.319992,low,198.0,10.554,23.33,12.352,train
dish_1566328988,,747.747803,medium,398.0,26.880571,66.904915,56.313553,train
dish_1551226840,,109.799995,low,122.0,15.86,0.0,22.448,train
dish_1551375142,,46.739998,low,82.0,0.246,11.48,0.574,train
dish_1550792023,,27.559999,low,53.0,0.106,7.42,0.159,train
dish_1563565761,,88.662773,low,159.0,7.853437,5.880221,11.434039,train
dish_1550861458,,183.955994,low,126.0,10.012,15.402,8.137,train
dish_1560368764,,207.098907,low,270.0,15.165788,14.017039,7.992478,train
dish_1558641358,,24.25,low,97.0,0.291,4.85,1.746,train
dish_1558723096,,16.5,low,66.0,0.198,3.3,1.188,train
dish_1565727875,,485.674011,medium,365.0,22.055,27.248001,46.559998,train
dish_1560367116,,108.409973,low,211.0,6.256616,12.151617,9.205687,train
dish_1562603536,,75.739998,low,14.0,5.88,0.196,5.18,train
dish_1559578551,,124.429993,low,23.0,9.66,0.322,8.51,train
dish_1563911185,,159.809174,low,133.0,5.896484,7.845087,18.49971,train
dish_1551318603,,84.32,low,124.0,1.736,14.88,2.976,train
dish_1550708440,,37.5,low,75.0,0.075,9.75,0.375,train
dish_1550778694,,160.119995,low,164.0,3.792,29.779999,2.936,train
dish_1562686664,,119.129997,low,209.0,0.627,29.26,1.463,train
dish_1563567978,,118.96312,low,114.0,13.726029,3.8764,15.666928,train
dish_1551224928,,67.079994,low,129.0,0.258,18.059999,0.387,train
dish_1551304571,,121.360001,low,82.0,9.02,1.312,8.2,train
dish_1566934057,,66.090729,low,193.0,5.083902,4.142439,2.82439,train
dish_1551486571,,31.679998,low,33.0,0.495,6.93,1.122,train
dish_1561737200,,478.582001,medium,262.0,32.230999,5.929,37.081001,train
dish_1558639849,,23.369999,low,57.0,0.114,5.7,0.513,train
dish_1550775318,,333.850006,low,55.0,29.700001,11.549999,11.0,train
dish_1566414642,,219.809998,low,145.0,7.812,14.580001,21.541,train
dish_1560529825,,52.919998,low,117.0,0.3,13.115999,0.768,train
dish_1563389079,,50.428173,low,119.0,0.961533,10.105691,1.918856,train
dish_1566413356,,183.979996,low,164.0,3.952,2.196,33.699001,train
dish_1551381050,,217.880005,low,102.0,8.707001,27.549,9.472,train
dish_1576171204,,0.0,low,252.0,0.0,0.0,0.0,train
dish_1551124407,,141.350006,low,166.0,7.693,9.824,10.034,train
dish_1550861388,,33.110001,low,43.0,0.043,7.31,0.86,train
dish_1561663786,,46.683998,low,44.0,1.056,9.68,1.364,train
dish_1563304301,,190.950912,low,151.0,8.933062,23.621746,4.687849,train
dish_1566246946,,342.789398,low,138.0,15.283058,31.629374,19.341145,train
dish_1565974409,,688.649963,medium,228.0,50.0,5.48,51.470001,train
dish_1560367676,,430.621216,medium,198.0,25.719105,6.42366,40.699318,train
dish_1551227628,,81.309998,low,243.0,0.701,16.920002,5.846,train
dish_1551323262,,42.0,low,84.0,0.084,10.92,0.42,train
dish_1550773430,,90.279999,low,61.0,6.71,0.976,6.1,train
dish_1551234214,,2.9,low,29.0,0.0,0.58,0.29,train
dish_1562181285,,796.922119,medium,324.0,57.774529,17.129475,51.892128,train
dish_1551390872,,124.290001,low,206.0,1.132,27.68,3.996,train
dish_1550777860,,89.679993,low,178.0,0.401,19.720001,3.068,train
dish_1564590146,,141.005844,low,205.0,3.119219,27.632782,1.684488,train
dish_1551122914,,190.139999,low,160.0,9.438,16.685999,10.151999,train
dish_1561663580,,432.063416,medium,307.0,9.844143,31.344984,51.432281,train
dish_1565798531,,61.576214,low,61.0,5.820787,2.255222,0.83088,train
dish_1568061234,,290.692169,low,358.0,8.81223,44.044918,10.465634,train
dish_1562169762,,262.330139,low,210.0,18.239729,6.993764,17.674047,train
dish_1565118999,,200.386719,low,288.0,16.936852,10.10451,4.773446,train
dish_1558723926,,19.26,low,107.0,0.214,4.173,0.963,train
dish_1558724607,,54.720001,low,152.0,0.152,13.68,0.76,train
dish_1557863012,,3.1,low,31.0,0.0,0.62,0.31,train
dish_1551236417,,68.150002,low,47.0,2.82,0.705,9.87,train
dish_1559843052,,53.5,low,130.0,0.39,13.049999,0.963,train
dish_1565984345,,210.357925,low,353.0,9.083899,20.663086,14.688022,train
dish_1551306860,,59.509998,low,11.0,4.62,0.154,4.07,train
dish_1562099053,,98.382996,low,37.0,3.478,12.395,4.144,train
dish_1550876619,,10.2,low,30.0,0.21,2.04,0.21,train
dish_1565031338,,296.240448,low,215.0,16.466574,8.770726,27.085739,train
dish_1565898511,,57.16,low,102.0,4.404,4.938,0.878,train
dish_1562690074,,263.402344,low,104.0,21.608747,3.018018,14.246227,train
dish_1573848859,,0.0,low,277.0,0.0,0.0,0.0,train
dish_1550711244,,118.32,low,174.0,2.436,20.879999,4.176,train
dish_1563824304,,75.800003,low,122.0,3.981,10.008,1.621,train
dish_1558379182,,323.736023,low,56.0,27.720001,12.712,12.544001,train
dish_1558722125,,497.166016,medium,86.0,42.57,19.521999,19.264,train
dish_1572625859,,0.0,low,250.0,0.0,0.0,0.0,train
dish_1565728562,,354.982239,low,262.0,14.151336,25.374428,29.570669,train
dish_1567711272,,188.860001,low,71.0,6.887,23.43,7.81,train
dish_1561751958,,381.226379,low,293.0,19.166792,10.987133,37.790176,train
dish_1558113430,,7.84,low,28.0,0.112,1.484,0.616,train
dish_1564518512,,270.70752,low,163.0,10.088751,26.596989,17.808199,train
dish_1562947885,,215.970001,low,313.0,0.626,56.340004,2.191,train
dish_1565974375,,459.849976,medium,85.0,35.700001,1.19,31.450001,train
dish_1565379827,,150.530945,low,235.0,4.162645,27.104969,2.631936,train
dish_1550774895,,219.75,low,175.0,6.777,40.98,2.781,train
dish_1564429702,,39.5,low,158.0,0.474,7.9,2.844,train
dish_1561060703,,538.466736,medium,445.0,23.648355,44.77372,37.730045,train
dish_1572453675,,0.0,low,38.0,0.0,0.0,0.0,train
dish_1550776854,,64.32,low,12.0,4.2,6.36,0.84,train
dish_1567789256,,792.218384,medium,319.0,64.688202,9.403199,41.4034,train
dish_1559846504,,126.172005,low,233.0,0.329,32.792,1.572,train
dish_1563464651,,312.0,low,130.0,9.2,46.645,10.868001,train
dish_1568144855,,100.748169,low,212.0,4.228533,15.769691,1.989856,train
dish_1559844323,,518.369995,medium,161.0,39.761997,32.740002,18.487,train
dish_1560526408,,67.098175,low,51.0,6.105806,2.743767,1.344815,train
dish_1565981769,,23.104424,low,47.0,0.556065,4.636088,0.417585,train
dish_1551222791,,75.970001,low,104.0,0.749,16.02,3.554,train
dish_1558640450,,80.079994,low,154.0,0.308,21.559999,0.462,train
dish_1566835641,,312.766815,low,546.0,2.569756,14.950245,48.643902,train
dish_1551135590,,10.0,low,25.0,0.05,2.25,0.5,train
dish_1558380181,,374.936005,low,313.0,18.373999,32.721001,29.021999,train
dish_1550775219,,48.950001,low,55.0,0.165,12.650001,0.605,train
dish_1564171888,,345.125885,low,194.0,17.510075,7.637636,36.027115,train
dish_1565724196,,45.68,low,82.0,2.32,5.6,1.92,train
dish_1550788827,,36.0,low,40.0,5.2,0.0,7.36,train
dish_1551566753,,142.630005,low,132.0,2.962,8.96,19.307999,train
dish_1560455203,,115.100845,low,188.0,6.025522,14.741324,2.592316,train
dish_1559842047,,153.690002,low,285.0,0.487,39.529999,1.992,train
dish_1550777256,,115.450005,low,209.0,0.477,28.809999,1.887,train
dish_1565107119,,426.374634,medium,562.0,13.054049,24.603952,45.55122,train
dish_1551373253,,128.639999,low,32.0,10.56,0.416,8.0,train
dish_1565724620,,473.953308,medium,535.0,18.355673,38.361485,40.729763,train
dish_1566934455,,528.042908,medium,395.0,43.884827,39.282497,49.670044,train
dish_1550777418,,169.960007,low,28.0,15.120001,5.88,5.6,train
dish_1551381877,,135.751999,low,96.0,1.875,28.466999,4.26,train
dish_1562704564,,292.022888,low,124.0,13.480252,20.778149,20.163645,train
dish_1563555605,,537.809998,medium,403.0,31.371,39.622002,24.804001,train
dish_1565798591,,148.115723,low,224.0,7.408836,6.33827,13.454783,train
dish_1561577219,,308.891754,low,216.0,14.285876,26.319092,19.739084,train
dish_1551122567,,45.43,low,59.0,0.059,10.03,1.18,train
dish_1562687299,,180.821609,low,196.0,12.194806,18.46726,1.436127,train
dish_1574711517,,0.0,low,158.0,0.0,0.0,0.0,train
dish_1561654707,,199.800003,low,135.0,14.85,2.16,13.5,train
dish_1550708152,,20.059999,low,59.0,0.413,4.012,0.413,train
dish_1561665747,,486.296082,medium,314.0,16.732693,68.086182,19.934381,train
dish_1561574600,,32.980392,low,100.0,1.176471,5.784314,0.980392,train
dish_1561393715,,17.15,low,49.0,0.196,3.43,1.176,train
dish_1566501382,,283.529999,low,330.0,4.0,12.261001,47.963997,train
dish_1563826223,,301.086548,low,139.0,19.621857,5.146894,26.589127,train
dish_1567525712,,510.544769,medium,184.0,40.46138,32.97702,6.916218,train
dish_1550875347,,217.380005,low,159.0,18.417999,7.188,18.688,train
dish_1563220767,,265.894379,low,130.0,14.748608,4.812823,26.540918,train
dish_1559841571,,18.799999,low,5.0,0.335,3.65,0.6,train
dish_1551397714,,23.779999,low,82.0,0.246,7.38,0.902,train
dish_1563909507,,117.925575,low,151.0,9.166178,8.186116,2.891765,train
dish_1561407249,,73.879166,low,56.0,3.48629,2.528108,7.992981,train
dish_1551391795,,158.410004,low,142.0,10.415999,7.98,11.546,train
dish_1563207406,,372.070038,low,443.0,14.062,46.752998,15.986001,train
dish_1562699699,,372.112732,low,217.0,19.35306,20.778339,26.857891,train
dish_1551235109,,156.585999,low,59.0,2.478,24.957001,7.965,train
dish_1551382255,,7.344,low,36.0,0.036,1.404,0.792,train
dish_1565117463,,435.312988,medium,248.0,15.939,53.588001,19.696001,train
dish_1564170173,,79.880005,low,176.0,3.677,11.610001,2.095,train
dish_1551139576,,59.099998,low,150.0,0.362,13.14,3.088,train
dish_1558459602,,2.07,low,9.0,0.036,0.324,0.261,train
dish_1562784242,,85.120003,low,32.0,3.104,10.56,3.52,train
dish_1572889151,,0.0,low,174.0,0.0,0.0,0.0,train
dish_1551389551,,2400.780029,high,133.0,27.552002,732.300049,90.181999,train
dish_1558378634,,874.966003,high,315.0,64.777,44.301998,37.979,train
dish_1551488485,,92.75,low,78.0,6.03,4.155,6.5,train
dish_1551123023,,48.959999,low,72.0,1.008,8.639999,1.728,train
dish_1564516732,,26.545507,low,54.0,0.638884,5.326569,0.479778,train
dish_1550712024,,29.92,low,88.0,0.616,5.984,0.616,train
dish_1558381084,,36.57,low,53.0,0.106,9.54,0.371,train
dish_1551323662,,173.690002,low,192.0,1.655,16.837999,23.303999,train
dish_1560368712,,146.875183,low,142.0,12.029318,8.361059,3.578753,train
dish_1562096608,,176.712036,low,163.0,13.218136,14.911697,13.094923,train
dish_1559578599,,229.97998,low,193.0,9.825,25.422001,10.045,train
dish_1562086037,,68.970001,low,121.0,0.363,16.940001,0.847,train
dish_1562947469,,392.362,low,320.0,19.924,42.094002,12.858,train
dish_1551141628,,63.48,low,46.0,0.966,11.5,2.07,train
dish_1568314951,,496.129456,medium,325.0,30.264463,18.69434,38.371338,train
dish_1563553780,,557.728821,medium,167.0,42.536613,23.808483,25.768,train
dish_1561739160,,34.77,low,61.0,0.183,8.54,0.427,train
dish_1562700906,,59.639149,low,222.0,1.697486,9.371578,3.038182,train
dish_1563997327,,157.878067,low,120.0,14.366603,6.455922,3.164272,train
dish_1563897870,,169.320007,low,249.0,3.486,29.879999,5.976,train
dish_1551568059,,35.669998,low,123.0,0.369,11.070001,1.353,train
dish_1566230300,,401.849976,medium,662.0,4.155,35.613998,47.939003,train
dish_1551393021,,50.370003,low,69.0,3.312,1.311,5.52,train
dish_1550793245,,157.119995,low,220.0,0.517,36.419998,2.768,train
dish_1565725244,,573.546021,medium,590.0,19.376999,28.073997,72.006996,train
dish_1564518488,,248.09465,low,117.0,9.544518,22.05954,17.399502,train
dish_1568141951,,361.81897,low,216.0,12.658842,46.520969,16.076679,train
dish_1560454513,,54.444004,low,62.0,4.520726,3.293843,0.99549,train
dish_1563998279,,565.005005,medium,296.0,31.652304,21.402533,47.960518,train
dish_1558723719,,231.240005,low,40.0,19.799999,9.08,8.96,train
dish_1566245437,,566.311646,medium,462.0,31.866903,15.820466,53.885963,train
dish_1565726848,,102.105309,low,121.0,8.046616,6.780674,2.597133,train
dish_1566938088,,494.496582,medium,381.0,18.896538,44.580452,36.300964,train
dish_1562613974,,416.196686,medium,375.0,19.963217,20.551165,39.229145,train
dish_1560441247,,2.21,low,17.0,0.034,0.374,0.255,train
dish_1558641989,,13.75,low,55.0,0.165,2.75,0.99,train
dish_1562789207,,146.244995,low,55.0,5.17,18.425001,6.16,train
dish_1565637608,,422.28891,medium,278.0,17.309324,22.189262,42.416496,train
dish_1551222188,,9.02,low,22.0,0.044,2.2,0.198,train
dish_1563378344,,419.475006,medium,119.0,19.278,53.193001,8.33,train
dish_1562010130,,638.187561,medium,376.0,37.53344,28.654207,47.262806,train
dish_1565022027,,178.176575,low,267.0,2.549122,17.043879,18.578049,train
dish_1567625294,,51.200001,low,32.0,4.8,2.88,0.64,train
dish_1558110245,,29.07,low,51.0,0.153,7.14,0.357,train
dish_1568320470,,521.038635,medium,341.0,24.96809,44.141685,29.330261,train
dish_1550707110,,645.002014,medium,334.0,43.278999,26.605999,35.141003,train
dish_1558373449,,416.231995,medium,72.0,35.639999,16.344,16.128,train
dish_1573679065,,0.0,low,90.0,0.0,0.0,0.0,train
dish_1551141849,,125.800003,low,85.0,9.35,1.36,8.5,train
dish_1567789154,,382.506012,low,111.0,30.302999,4.662,21.423,train
dish_1562876674,,289.192596,low,157.0,10.211315,30.065914,23.770454,train
dish_1551225764,,105.32,low,117.0,1.098,23.455,2.821,train
dish_1563813221,,19.402905,low,38.0,0.486194,3.369661,1.272276,train
dish_1551486217,,141.419998,low,140.0,6.837,11.493,10.365,train
dish_1568319899,,627.65625,medium,377.0,30.993277,44.54575,41.033432,train
dish_1562097673,,345.657349,low,307.0,29.935171,24.260704,32.70406,train
dish_1562788845,,529.483459,medium,372.0,25.366417,46.558498,39.395699,train
dish_1566934152,,305.065247,low,396.0,15.832462,11.562181,29.805676,train
dish_1565987116,,393.419983,low,397.0,17.283001,10.671,49.667999,train
dish_1551390429,,61.0,low,100.0,0.5,15.000001,1.1,train
dish_1558031133,,136.51001,low,110.0,0.22,32.34,1.76,train
dish_1566333167,,344.544495,low,140.0,14.501362,31.633934,20.294445,train
dish_1561996401,,611.600037,medium,548.0,29.809999,54.195999,29.870001,train
dish_1563216440,,403.786346,medium,352.0,6.472354,39.857891,44.691349,train
dish_1563216717,,246.007996,low,332.0,5.636517,16.284782,33.06871,train
dish_1563898019,,343.977386,low,237.0,22.634478,10.499256,24.180925,train
dish_1566501352,,75.529999,low,170.0,3.04,12.261001,1.564,train
dish_1558630600,,73.839996,low,142.0,0.284,19.879999,0.426,train
dish_1551306958,,4.84,low,22.0,0.066,0.726,0.682,train
dish_1574193262,,0.0,low,203.0,0.0,0.0,0.0,train
dish_1561060976,,265.507263,low,266.0,11.454553,14.35657,28.171125,train
dish_1575997241,,0.0,low,50.0,0.0,0.0,0.0,train
dish_1550769948,,200.12999,low,192.0,9.096,19.914,9.93,train
dish_1558628711,,129.064499,low,129.0,0.129,30.573,1.677,train
dish_1563205927,,160.269501,low,181.0,3.733,15.642001,14.367001,train
dish_1563998323,,634.505066,medium,574.0,32.486301,35.302532,52.964516,train
dish_1559674866,,125.660004,low,303.0,2.329,24.91,4.267,train
dish_1563304881,,739.407654,medium,446.0,21.649536,8.843342,120.443954,train
dish_1558030971,,17.640001,low,49.0,0.049,4.41,0.245,train
dish_1561492703,,113.130577,low,134.0,9.258422,10.046018,11.278057,train
dish_1561654326,,59.79258,low,46.0,3.205161,7.079548,1.472,train
dish_1563395480,,370.521423,low,329.0,14.106581,31.81958,29.161797,train
dish_1558630737,,22.25,low,89.0,0.267,4.45,1.602,train
dish_1551221892,,138.869995,low,174.0,7.127,20.15,12.066,train
dish_1560368972,,196.840424,low,107.0,8.696033,13.621221,14.67344,train
dish_1561661449,,237.075684,low,115.0,10.854464,12.695836,20.978855,train
dish_1558373074,,73.839996,low,142.0,0.284,0.426,19.879999,train
dish_1561393649,,271.540009,low,359.0,7.967,30.854,20.491001,train
dish_1551142509,,49.279999,low,64.0,0.064,10.88,1.28,train
dish_1551233150,,75.900002,low,55.0,1.155,13.75,2.475,train
dish_1559842409,,359.192993,low,179.0,26.644001,24.451,13.334001,train
dish_1563477659,,26.551344,low,52.0,0.665319,4.611115,1.741009,train
dish_1551323035,,241.320007,low,199.0,10.554,23.33,12.352,train
dish_1551324331,,163.649994,low,189.0,6.411,6.214,21.464001,train
dish_1561577573,,755.432922,medium,346.0,40.638695,24.98456,66.063805,train
dish_1551563337,,279.126007,low,81.0,22.113001,3.402,15.633,train
dish_1562611853,,267.213989,low,243.0,15.790093,25.89777,9.070109,train
dish_1551124322,,3.92,low,14.0,0.056,0.742,0.308,train
dish_1561575192,,122.989189,low,236.0,8.137642,11.167095,4.637902,train
dish_1563220987,,224.987503,low,110.0,12.479591,4.072388,22.457699,train
dish_1564685183,,127.107117,low,150.0,10.841025,7.109585,2.239599,train
dish_1558380464,,277.488007,low,48.0,23.76,10.896,10.752001,train
dish_1560454539,,122.274002,low,119.0,4.748726,17.543842,3.84549,train
dish_1558630038,,12.75,low,51.0,0.153,2.55,0.918,train
dish_1551322890,,137.639999,low,93.0,10.23,1.488,9.3,train
dish_1551133870,,21.08,low,62.0,0.124,4.96,0.496,train
dish_1551486277,,141.419998,low,140.0,6.837,11.493,10.365,train
dish_1561996084,,205.579987,low,38.0,15.959999,0.532,14.06,train
dish_1558629578,,22.5,low,90.0,0.27,4.5,1.62,train
dish_1562872432,,259.08316,low,257.0,5.250878,20.299112,31.286116,train
dish_1563305401,,483.215302,medium,332.0,29.111307,21.912695,32.943996,train
dish_1562958603,,171.839996,low,93.0,10.417,9.436001,10.408,train
dish_1563378660,,334.800018,low,124.0,9.92,49.972,11.556801,train
dish_1562008936,,57.639999,low,131.0,2.751,5.633,4.192,train
dish_1565884738,,228.659988,low,463.0,0.926,7.036,41.130001,train
dish_1551229028,,61.390003,low,82.0,0.715,12.19,2.178,train
dish_1564503219,,213.859985,low,242.0,8.008,1.82,29.059999,train
dish_1561749664,,288.197937,low,162.0,14.621815,6.377819,30.084497,train
dish_1551139675,,44.099998,low,49.0,6.37,0.0,9.016,train
dish_1562774129,,73.083549,low,77.0,2.898097,11.336127,1.539,train
dish_1561580628,,72.434044,low,156.0,4.653638,6.681383,2.701085,train
dish_1558725621,,349.220032,low,223.0,25.268999,23.760002,15.818001,train
dish_1550859977,,56.440002,low,83.0,1.162,9.96,1.992,train
dish_1562790224,,312.749756,low,116.0,30.397385,7.830093,6.847874,train
dish_1551375715,,25.84,low,76.0,0.152,6.08,0.608,train
dish_1551226892,,67.580002,low,31.0,0.899,13.95,1.86,train
dish_1568315177,,637.806702,medium,497.0,36.816135,34.708759,45.134315,train
dish_1561575170,,42.75,low,171.0,0.513,8.55,3.078,train
dish_1563910639,,697.289185,medium,447.0,29.137266,20.529985,80.965355,train
dish_1562085132,,91.970001,low,17.0,7.14,0.238,6.29,train
dish_1560456794,,205.283386,low,188.0,23.160921,7.713231,24.065845,train
dish_1563479655,,321.230652,low,282.0,15.110439,22.404507,24.518604,train
dish_1562876645,,220.774597,low,112.0,7.151315,15.845915,22.033455,train
dish_1562876618,,114.336998,low,43.0,4.042,14.405001,4.816,train
dish_1563468327,,351.886047,low,483.0,9.768622,57.495316,12.099887,train
dish_1551226308,,45.780003,low,21.0,0.609,9.45,1.26,train
dish_1560887457,,389.264343,low,246.0,14.28046,48.705952,17.193094,train
dish_1551306691,,121.860001,low,168.0,0.72,21.153999,8.594,train
dish_1551567396,,142.449997,low,147.0,6.056,4.795,18.556,train
dish_1563555100,,190.920013,low,186.0,12.467999,7.712,11.792,train
dish_1561574215,,93.235489,low,134.0,7.88034,4.701405,2.220979,train
dish_1551378490,,117.113998,low,138.0,0.447,25.874001,4.475,train
dish_1562774159,,90.76355,low,129.0,3.002097,15.496128,1.955,train
dish_1566501324,,65.269997,low,113.0,2.926,10.038,1.051,train
dish_1550785526,,157.01001,low,252.0,15.832,11.485001,23.705,train
dish_1562009006,,470.716644,medium,323.0,25.425642,21.06357,38.975388,train
dish_1558461792,,331.0,low,233.0,20.195999,34.499001,10.543,train
dish_1565895808,,51.80175,low,99.0,2.571525,6.75675,1.73745,train
dish_1551374946,,61.0,low,100.0,0.5,15.000001,1.1,train
dish_1565035802,,69.200005,low,250.0,0.571,14.785,3.714,train
dish_1551391122,,191.339996,low,282.0,7.175,24.550999,12.249,train
dish_1564675118,,177.188782,low,238.0,4.080829,34.125175,2.032732,train
dish_1562787817,,348.898071,low,184.0,20.61557,16.096539,24.512394,train
dish_1558719570,,74.360001,low,143.0,0.286,20.02,0.429,train
dish_1565379251,,32.936092,low,67.0,0.792689,6.608891,0.59528,train
dish_1558722883,,15.0,low,60.0,0.18,3.0,1.08,train
dish_1551318716,,118.43,low,249.0,2.117,23.59,4.849,train
dish_1550710448,,48.91,low,67.0,3.216,1.273,5.36,train
dish_1551487560,,132.009995,low,139.0,10.805,7.763999,4.151,train
dish_1560975517,,42.389999,low,99.0,1.858,4.608,3.064,train
dish_1561747075,,646.588074,medium,301.0,32.647552,31.982321,55.615631,train
dish_1560442303,,444.769989,medium,297.0,25.354,30.082001,24.217001,train
dish_1550779282,,372.167999,low,108.0,29.484001,4.536,20.844,train
dish_1559849537,,549.52301,medium,393.0,30.711,65.328995,15.438001,train
dish_1550775273,,19.949999,low,57.0,0.228,3.99,1.368,train
dish_1565195362,,98.578537,low,103.0,2.512195,18.087807,1.004878,train
dish_1560357832,,181.351425,low,82.0,10.603177,17.474182,4.632458,train
dish_1551490670,,51.75,low,45.0,4.815,2.835,0.36,train
dish_1562008549,,417.129517,medium,405.0,12.240784,55.659386,22.356302,train
dish_1551490433,,6.936,low,34.0,0.034,1.326,0.748,train
dish_1565640549,,45.482903,low,139.0,1.568471,7.043886,2.641478,train
dish_1574443421,,0.0,low,91.0,0.0,0.0,0.0,train
dish_1565987298,,211.138992,low,88.0,10.094469,16.614517,12.885552,train
dish_1558719215,,17.280001,low,96.0,0.192,3.744,0.864,train
dish_1568649354,,72.870728,low,129.0,1.676927,14.402927,1.740146,train
dish_1561999309,,98.230621,low,127.0,5.124406,11.840761,3.291317,train
dish_1559846073,,39.289997,low,85.0,0.287,9.13,1.192,train
dish_1550712403,,100.5,low,25.0,8.25,0.325,6.25,train
dish_1567525681,,456.444794,medium,174.0,36.261379,32.837017,3.216218,train
dish_1551303644,,80.400002,low,15.0,5.25,7.95,1.05,train
dish_1561577731,,274.257721,low,334.0,13.256033,13.37958,26.309046,train
dish_1551565068,,109.360008,low,81.0,3.384,8.934999,11.301,train
dish_1564159520,,227.220001,low,42.0,17.639999,0.588,15.54,train
dish_1564590254,,248.535843,low,432.0,3.610219,54.172783,3.239488,train
dish_1562700524,,89.10878,low,174.0,5.059612,10.023355,3.107222,train
dish_1551487779,,58.0,low,40.0,2.4,0.6,8.4,train
dish_1550793093,,92.299995,low,71.0,0.213,19.879999,1.917,train
dish_1550707958,,116.589996,low,107.0,5.394,6.77,10.220999,train
dish_1563913709,,337.888184,low,263.0,13.28425,42.313908,13.815399,train
dish_1565379788,,49.649929,low,101.0,1.194949,9.962658,0.897363,train
dish_1558639949,,21.76,low,64.0,0.128,5.12,0.512,train
dish_1565898230,,780.202026,medium,500.0,42.676907,19.73115,73.94603,train
dish_1558638896,,22.68,low,126.0,0.252,4.914,1.134,train
dish_1550713462,,44.530003,low,61.0,2.928,1.159,4.88,train
dish_1551138180,,22.780001,low,67.0,0.469,4.556,0.469,train
dish_1563476408,,990.400024,high,513.0,47.925026,55.908291,79.199821,train
dish_1560888849,,168.964127,low,107.0,5.855534,7.567453,20.427921,train
dish_1566850099,,113.057968,low,112.0,10.687347,4.140735,1.525551,train
dish_1558115960,,39.27,low,51.0,0.051,8.67,1.02,train
dish_1562775356,,177.600006,low,120.0,13.2,1.92,12.0,train
dish_1561752535,,358.001984,low,307.0,18.121077,21.717422,28.101458,train
dish_1551377828,,223.310013,low,213.0,8.290999,34.720001,4.805,train
dish_1566851155,,295.284393,low,260.0,11.076624,40.562012,9.830684,train
dish_1563568292,,276.682983,low,193.0,7.782,47.635002,9.628,train
dish_1561576257,,180.87999,low,134.0,10.321,20.493,2.411,train
dish_1550785915,,256.73999,low,157.0,9.035001,23.899,17.773001,train
dish_1551381285,,108.100006,low,173.0,1.354,24.34,3.979,train
dish_1565107171,,501.884644,medium,724.0,13.378048,44.091949,46.59222,train
dish_1568145027,,97.290001,low,69.0,4.692,12.42,1.449,train
dish_1562602627,,577.176025,medium,171.0,43.237999,25.251999,22.148001,train
dish_1561480439,,155.161987,low,189.0,4.895,24.115999,5.747,train
dish_1550772199,,60.829998,low,79.0,0.079,13.43,1.58,train
dish_1551492790,,103.279999,low,194.0,6.483,8.936001,5.644,train
dish_1562611878,,286.894592,low,311.0,16.6621,28.178411,9.673808,train
dish_1561062171,,101.142975,low,58.0,4.821342,5.760973,7.957409,train
dish_1566242195,,103.410004,low,220.0,4.588,15.791,2.044,train
dish_1559925037,,54.099998,low,10.0,4.2,0.14,3.7,train
dish_1551384115,,100.084,low,205.0,0.374,24.844,1.826,train
dish_1562613376,,371.963898,low,267.0,24.07642,16.677065,23.388559,train
dish_1557936645,,11.88,low,36.0,0.108,2.88,0.252,train
dish_1561753168,,245.501923,low,138.0,12.455622,5.432957,25.627535,train
dish_1558639630,,116.709999,low,110.0,2.64,24.200001,3.41,train
dish_1562963059,,369.527283,low,389.0,33.521896,25.158859,34.327641,train
dish_1559850314,,296.617004,low,100.0,23.317999,17.028999,11.005,train
dish_1563898786,,420.928467,medium,344.0,31.47023,11.427504,23.636036,train
dish_1551377388,,31.15,low,35.0,0.105,8.05,0.385,train
dish_1558381143,,182.638,low,53.0,14.469,2.226,10.229,train
dish_1565811061,,380.320007,low,324.0,7.762,9.06,65.801003,train
dish_1551324180,,29.5,low,118.0,0.354,5.9,2.124,train
dish_1565711154,,421.617584,medium,385.0,19.77516,14.237548,42.174,train
dish_1562959129,,412.873596,medium,293.0,22.177427,47.374996,24.672005,train
dish_1551493680,,24.91,low,53.0,0.053,6.36,0.477,train
dish_1563550976,,284.690002,low,165.0,18.796,14.418001,13.842,train
dish_1560543505,,66.18,low,172.0,2.282,9.771001,3.129,train
dish_1550779336,,452.588013,medium,288.0,30.136002,22.596001,23.92,train
dish_1558115448,,64.860001,low,94.0,0.188,16.92,0.658,train
dish_1568405430,,119.099396,low,121.0,9.026379,8.612275,2.186578,train
dish_1559232986,,189.349991,low,35.0,14.7,0.49,12.95,train
dish_1563996485,,178.039185,low,201.0,11.607642,16.567097,4.172902,train
dish_1562170163,,53.5,low,107.0,0.107,13.91,0.535,train
dish_1551564381,,64.400002,low,56.0,5.992,3.528,0.448,train
dish_1551396629,,48.800003,low,80.0,0.4,12.0,0.88,train
dish_1559844458,,55.889999,low,81.0,0.162,14.580001,0.567,train
dish_1567110783,,465.307892,medium,210.0,24.372978,18.846014,38.940533,train
dish_1563551105,,194.399994,low,72.0,5.76,29.016001,6.7104,train
dish_1551490767,,434.032013,medium,181.0,32.631001,7.374,27.566002,train
dish_1558725829,,278.307007,low,460.0,3.391,64.110001,8.453,train
dish_1561749348,,165.446945,low,93.0,8.394006,3.661341,17.270729,train
dish_1561148336,,128.098618,low,68.0,4.566122,16.327492,5.454762,train
dish_1561406789,,184.905411,low,164.0,0.801091,39.572407,3.793967,train
dish_1567022383,,527.088013,medium,508.0,17.344999,21.214001,70.595001,train
dish_1573679099,,0.0,low,127.0,0.0,0.0,0.0,train
dish_1550771562,,107.200005,low,20.0,7.0,10.599999,1.4,train
dish_1564170141,,62.68,low,133.0,3.591,7.74,1.235,train
dish_1551376892,,39.650002,low,65.0,0.325,9.75,0.715,train
dish_1550779219,,43.32,low,76.0,0.228,10.64,0.532,train
dish_1564083459,,217.152008,low,96.0,14.304001,0.096,21.695999,train
dish_1565379377,,470.011047,medium,397.0,20.932283,32.930637,38.23175,train
dish_1551564992,,71.050003,low,49.0,2.94,0.735,10.29,train
dish_1560360055,,362.734009,low,180.0,27.786999,4.154,22.556999,train
dish_1566587714,,347.536987,low,373.0,12.770625,21.091198,37.732044,train
dish_1558641287,,11.52,low,64.0,0.128,2.496,0.576,train
dish_1568233478,,718.040039,medium,336.0,39.799999,2.014,83.916,train
dish_1561996428,,681.79126,medium,674.0,33.374878,62.80088,32.820244,train
dish_1567625343,,65.480003,low,74.0,4.989,5.547,1.711,train
dish_1566835603,,63.166828,low,66.0,1.609756,11.590244,0.643902,train
dish_1566849295,,348.752014,low,239.0,26.828001,14.87,16.992001,train
dish_1563476463,,1067.511108,high,542.0,50.651024,65.623291,82.447823,train
dish_1560368019,,436.965942,medium,301.0,21.659855,49.96254,26.125687,train
dish_1563302315,,13.86,low,63.0,0.189,2.079,1.953,train
dish_1550709028,,370.170013,low,149.0,27.834,15.09,19.259998,train
dish_1562946006,,535.984009,medium,224.0,41.591999,6.288,32.071999,train
dish_1559668314,,551.546021,medium,300.0,38.153999,32.832001,21.035,train
dish_1551227325,,87.146004,low,102.0,1.29,14.039,5.149,train
dish_1564415571,,435.97464,medium,754.0,5.317805,25.21866,61.925365,train
dish_1551392919,,76.600006,low,85.0,0.681,14.969999,4.324,train
dish_1558632445,,526.070984,medium,91.0,45.045002,20.657,20.384001,train
dish_1560539340,,196.53833,low,228.0,19.818401,9.337587,22.851414,train
dish_1559841127,,339.543488,low,285.0,18.021999,24.039,19.953001,train
dish_1550790442,,6.16,low,22.0,0.088,1.166,0.484,train
dish_1551222036,,141.699997,low,65.0,1.885,29.25,3.9,train
dish_1573232434,,0.0,low,83.0,0.0,0.0,0.0,train
dish_1562862529,,221.420013,low,204.0,14.95,7.744,13.89,train
dish_1562611620,,199.845322,low,76.0,9.791893,17.088623,11.093416,train
dish_1551227539,,31.5,low,126.0,0.378,6.3,2.268,train
dish_1550796330,,160.079987,low,305.0,0.606,41.360001,1.829,train
dish_1562788601,,413.170135,medium,287.0,19.139153,48.766399,23.146877,train
dish_1563551220,,561.703552,medium,558.0,14.519855,79.790924,28.948807,train
dish_1566413388,,207.429993,low,231.0,4.22,6.886,35.307003,train
dish_1567022251,,111.910004,low,254.0,4.126,18.481001,2.959,train
dish_1550712681,,10.08,low,36.0,0.144,1.908,0.792,train
dish_1562958998,,109.093597,low,104.0,12.07743,4.164993,13.567006,train
dish_1551323618,,173.690002,low,192.0,1.655,16.838001,23.303999,train
dish_1562183175,,290.28244,low,324.0,15.717025,32.917038,7.615252,train
dish_1560543755,,257.924927,low,264.0,8.887804,27.355255,17.404505,train
dish_1563986093,,239.029999,low,215.0,14.341,14.228001,13.409,train
dish_1562871731,,17.029999,low,131.0,0.262,2.882,1.965,train
dish_1551376970,,125.389999,low,184.0,1.204,29.699999,2.723,train
dish_1562085185,,550.51001,medium,227.0,39.369999,28.83,21.147999,train
dish_1558375667,,687.939026,medium,119.0,58.904999,27.013,26.656,train
dish_1561492687,,105.605652,low,108.0,8.925008,9.174008,11.047231,train
dish_1558725253,,33.950001,low,97.0,0.388,6.79,2.328,train
dish_1559843030,,25.410002,low,77.0,0.231,6.16,0.539,train
dish_1563827060,,146.244995,low,55.0,5.17,18.425001,6.16,train
dish_1575393132,,0.0,low,162.0,0.0,0.0,0.0,train
dish_1563564828,,452.214478,medium,355.0,25.004564,38.766243,34.570633,train
dish_1566316612,,665.237,medium,367.0,51.48386,24.176441,27.457708,train
dish_1551303168,,54.450001,low,55.0,0.165,0.11,13.2,train
dish_1566591080,,909.629578,high,549.0,43.513371,19.378721,103.567314,train
dish_1564170836,,240.164917,low,135.0,12.184845,5.314849,25.070414,train
dish_1551491452,,5.508,low,27.0,0.027,1.053,0.594,train
dish_1551234288,,22.040001,low,89.0,0.227,4.221,1.873,train
dish_1551235561,,172.5,low,69.0,10.35,0.0,17.939999,train
dish_1550874829,,41.600002,low,26.0,3.9,2.34,0.52,train
dish_1551492506,,51.75,low,45.0,4.815,2.835,0.36,train
dish_1561574974,,50.130196,low,152.0,1.788235,8.792157,1.490196,train
dish_1565728591,,388.406616,low,322.0,15.848898,29.471991,30.975548,train
dish_1551237348,,158.569992,low,271.0,2.242,28.485001,9.334,train
dish_1568056217,,480.779968,medium,427.0,12.261999,13.921,75.537003,train
dish_1558381860,,94.400002,low,59.0,8.85,5.31,1.18,train
dish_1558029230,,88.549995,low,115.0,0.115,19.550001,2.3,train
dish_1550791942,,206.660004,low,272.0,0.778,47.32,4.515,train
dish_1563909951,,180.602646,low,188.0,15.631252,9.266831,3.663664,train
dish_1550796731,,21.08,low,62.0,0.124,4.96,0.496,train
dish_1551491090,,90.830002,low,118.0,6.606,5.945,4.48,train
dish_1551139325,,77.75,low,105.0,1.863,9.42,6.735,train
dish_1562085672,,122.084,low,46.0,1.932,19.458,6.21,train
dish_1566413445,,377.830017,low,360.0,20.130001,16.335999,36.927002,train
dish_1565204891,,302.886444,low,314.0,9.08052,40.929695,16.297201,train
dish_1565370004,,570.884766,medium,370.0,41.655426,11.23975,36.877651,train
dish_1558640705,,96.759995,low,234.0,0.468,24.737,1.315,train
dish_1551493942,,421.286011,medium,175.0,31.874001,9.452,23.579,train
dish_1558722968,,560.286011,medium,284.0,40.076,42.313999,21.416,train
dish_1561404485,,511.373352,medium,349.0,34.245193,19.275635,34.533295,train
dish_1561405034,,178.278091,low,153.0,10.282932,7.617062,14.915339,train
dish_1562603813,,475.959991,medium,146.0,32.119999,46.719997,3.796,train
dish_1564429808,,380.679993,low,422.0,10.968196,50.62772,21.29641,train
dish_1551566687,,42.84,low,63.0,0.882,7.56,1.512,train
dish_1550769725,,50.82,low,66.0,0.066,11.22,1.32,train
dish_1558721904,,74.360001,low,143.0,0.286,20.02,0.429,train
dish_1562861103,,94.607872,low,50.0,9.75394,1.899394,0.492727,train
dish_1560527191,,663.989319,medium,318.0,45.395912,28.933577,34.38044,train
dish_1551375252,,109.209991,low,218.0,0.479,26.48,3.007,train
dish_1562945967,,358.384003,low,104.0,28.392,4.368,20.072001,train
dish_1551135179,,145.970001,low,55.0,2.31,23.265001,7.425,train
dish_1572453962,,0.0,low,261.0,0.0,0.0,0.0,train
dish_1559844683,,132.959991,low,198.0,0.372,31.370003,3.031,train
dish_1563222850,,348.378113,low,232.0,12.053417,27.308292,32.43404,train
dish_1561753275,,330.034393,low,397.0,13.775391,22.34663,29.201099,train
dish_1551490962,,48.299999,low,42.0,4.494,2.646,0.336,train
dish_1560441511,,51.919998,low,123.0,0.296,12.7,0.864,train
dish_1566242164,,79.220001,low,161.0,4.47,9.891001,1.513,train
dish_1551373813,,239.389984,low,188.0,10.893001,28.936001,9.589001,train
dish_1550796794,,68.729996,low,153.0,0.279,17.559999,0.991,train
dish_1551567604,,9485.81543,high,159.0,875.541016,506.07901,87.785004,train
dish_1558721345,,19.5,low,78.0,0.234,3.9,1.404,train
dish_1561996893,,309.110748,low,353.0,11.447927,35.662926,17.148148,train
dish_1558723982,,294.830994,low,51.0,25.245001,11.577,11.424001,train
dish_1565638287,,357.934662,low,175.0,19.853895,6.4788,35.728153,train
dish_1573849915,,0.0,low,239.0,0.0,0.0,0.0,train
dish_1566244964,,439.410522,medium,483.0,18.83005,37.084591,32.940952,train
dish_1551382149,,782.096008,medium,134.0,4.372,150.31601,75.929993,train
dish_1558723639,,10.25,low,41.0,0.123,2.05,0.738,train
dish_1576258685,,0.0,low,267.0,0.0,0.0,0.0,train
dish_1559844090,,168.430008,low,331.0,0.593,43.579998,1.771,train
dish_1563812535,,298.893005,low,266.0,14.202999,3.038,35.959,train
dish_1564675060,,23.1,low,77.0,0.154,5.852,0.462,train
dish_1551391710,,102.789993,low,19.0,7.98,0.266,7.03,train
dish_1560799647,,723.409973,medium,474.0,39.668941,39.587593,50.007645,train
dish_1571946018,,0.0,low,97.0,0.0,0.0,0.0,train
dish_1560370114,,7.956,low,39.0,0.039,1.521,0.858,train
dish_1562691538,,49.919998,low,96.0,0.192,0.672,9.6,train
dish_1561574815,,74.852959,low,89.0,6.637806,3.246844,1.653304,train
dish_1550797474,,18.33,low,39.0,0.039,4.68,0.351,train
dish_1551223311,,3.3,low,33.0,0.0,0.66,0.33,train
dish_1560369122,,92.058571,low,183.0,5.250934,10.457476,2.884234,train
dish_1558381665,,17.85,low,51.0,0.204,3.57,1.224,train
dish_1563898813,,626.508484,medium,382.0,47.430229,11.959503,37.696037,train
dish_1562950091,,550.981995,medium,290.0,36.857002,29.67,24.013,train
dish_1551567230,,244.298019,low,108.0,20.165001,13.473,8.389999,train
dish_1556575083,,27.52,low,64.0,0.192,5.76,2.176,train
dish_1561654756,,256.980011,low,225.0,14.952001,15.3,15.216001,train
dish_1562611649,,278.488983,low,146.0,17.101799,20.045015,12.508038,train
dish_1558725353,,40.420002,low,94.0,0.282,8.46,3.196,train
dish_1568217465,,607.267273,medium,367.0,45.746258,18.830631,28.886148,train
dish_1551237558,,226.869995,low,168.0,2.99,44.529999,6.951,train
dish_1573666680,,0.0,low,125.0,0.0,0.0,0.0,train
dish_1563217993,,279.708801,low,337.0,13.669605,15.832532,23.901834,train
dish_1562010369,,141.166443,low,69.0,8.450825,1.970436,13.519394,train
dish_1574197731,,0.0,low,145.0,0.0,0.0,0.0,train
dish_1551314254,,11.889999,low,41.0,0.123,3.69,0.451,train
dish_1567024112,,274.075806,low,116.0,10.111193,29.513386,15.335,train
dish_1558719145,,547.072998,medium,416.0,36.821003,48.143997,18.493002,train
dish_1563220058,,146.639999,low,52.0,6.24,16.639999,6.24,train
dish_1560453412,,591.07843,medium,631.0,15.838277,63.241493,49.472755,train
dish_1568060697,,133.880005,low,161.0,9.880001,12.233,3.018,train
dish_1558641075,,12.42,low,69.0,0.138,2.691,0.621,train
dish_1551123904,,44.200001,low,65.0,0.91,7.8,1.56,train
dish_1566402232,,511.396118,medium,841.0,8.997679,54.081619,48.854603,train
dish_1562168365,,70.0,low,140.0,0.14,18.199999,0.7,train
dish_1561666849,,347.594604,low,298.0,15.21386,47.585873,11.506332,train
dish_1558722636,,30.75,low,75.0,0.15,7.5,0.675,train
dish_1562790295,,538.709778,medium,268.0,44.67403,11.449524,28.011915,train
dish_1568048018,,496.800018,medium,287.0,36.139095,8.263098,34.610802,train
dish_1561753589,,138.761963,low,78.0,7.040133,3.070802,14.485127,train
dish_1561739576,,63.84,low,84.0,0.0,15.120001,0.84,train
dish_1551233434,,27.23,low,104.0,0.292,5.182,2.334,train
dish_1551564176,,40.150002,low,55.0,2.64,1.045,4.4,train
dish_1550860188,,87.040001,low,128.0,1.792,15.36,3.072,train
dish_1566502315,,577.184631,medium,495.0,23.341835,28.699402,62.750053,train
dish_1565972429,,468.493896,medium,831.0,4.998146,38.314857,59.02866,train
dish_1559245589,,25.562342,low,52.0,0.615221,5.129289,0.462009,train
dish_1561580659,,754.353577,medium,480.0,43.801662,16.297264,68.890678,train
dish_1551563170,,137.089996,low,137.0,6.757,11.004,9.523,train
dish_1562172561,,150.799988,low,290.0,0.58,2.03,29.0,train
dish_1558031628,,31.280001,low,92.0,0.184,7.36,0.736,train
dish_1561663855,,179.138412,low,139.0,7.395212,14.409589,15.28675,train
dish_1563481061,,541.200073,medium,350.0,29.770956,34.385365,32.6689,train
dish_1564082178,,549.203613,medium,348.0,15.769115,9.967051,86.590042,train
dish_1566414754,,755.496277,medium,533.0,33.023949,28.348515,98.857841,train
dish_1551222068,,5.1,low,51.0,0.0,1.02,0.51,train
dish_1562873028,,280.3414,low,320.0,16.123878,34.232201,20.963665,train
dish_1567023161,,141.699997,low,134.0,6.124,5.028,16.524,train
dish_1551390930,,86.870003,low,119.0,5.712,2.261,9.52,train
dish_1574098164,,0.0,low,42.0,0.0,0.0,0.0,train
dish_1560802730,,101.702484,low,64.0,2.801806,2.26971,16.082962,train
dish_1551566592,,94.049995,low,57.0,2.052,0.0,17.67,train
dish_1566838407,,358.947601,low,558.0,9.825659,62.420345,9.731463,train
dish_1558721827,,886.523071,high,429.0,66.524002,59.541,32.415001,train
dish_1565811529,,116.842033,low,104.0,10.860431,4.392354,2.101721,train
dish_1560889061,,402.50766,medium,281.0,22.432436,13.32338,37.306126,train
dish_1550778981,,6.9,low,69.0,0.0,1.38,0.69,train
dish_1561405411,,332.063477,low,282.0,8.511059,25.67544,37.227947,train
dish_1565378680,,92.418648,low,81.0,2.752427,15.020389,3.302913,train
dish_1550706766,,279.899994,low,323.0,5.703,6.15,49.262001,train
dish_1561753371,,221.257736,low,103.0,11.171755,10.944118,19.031263,train
dish_1561746876,,149.435959,low,84.0,7.581682,3.307017,15.599369,train
dish_1550785808,,105.299995,low,81.0,0.243,22.68,2.187,train
dish_1562704640,,333.281311,low,275.0,14.807559,26.863106,22.06978,train
dish_1562963246,,324.39798,low,122.0,11.467999,40.870003,13.664001,train
dish_1550796973,,45.239998,low,87.0,0.174,12.18,0.261,train
dish_1558544870,,198.354996,low,170.0,11.016,10.616,13.344,train
dish_1551233859,,212.843994,low,156.0,4.68,27.708,15.612,train
dish_1551379788,,261.01001,low,43.0,23.220001,9.03,8.6,train
dish_1558027243,,263.36499,low,163.0,12.797999,24.698,12.548,train
dish_1560444948,,171.316879,low,231.0,10.029442,17.637623,4.611491,train
dish_1550777469,,96.480003,low,18.0,6.3,9.539999,1.26,train
dish_1565987269,,119.654999,low,45.0,4.23,15.075001,5.04,train
dish_1565811335,,121.479324,low,219.0,3.380213,19.854195,5.656456,train
dish_1559589942,,290.348022,low,179.0,10.175,36.630001,13.488,train
dish_1568318316,,525.419983,medium,297.0,35.039997,6.095,48.029999,train
dish_1560442258,,289.369995,low,185.0,16.400999,21.112,15.089001,train
dish_1550797753,,53.129997,low,69.0,0.069,11.73,1.38,train
dish_1561148481,,281.281128,low,140.0,14.385699,18.905287,18.591501,train
dish_1558378516,,92.459999,low,134.0,0.268,24.120001,0.938,train
dish_1551390215,,15.05,low,43.0,0.172,3.01,1.032,train
dish_1563826306,,882.837463,high,312.0,48.949856,69.584892,44.391125,train
dish_1560798707,,298.022003,low,139.0,10.275999,38.349998,12.840001,train
dish_1563822546,,38.720001,low,88.0,1.848,3.784,2.816,train
dish_1558722171,,24.25,low,97.0,0.291,4.85,1.746,train
dish_1562959295,,3.04,low,19.0,0.019,0.646,0.133,train
dish_1560539368,,238.814514,low,314.0,20.835882,17.820642,23.615503,train
dish_1566417475,,150.23053,low,198.0,9.395511,15.766476,2.730686,train
dish_1558030182,,67.759995,low,88.0,0.088,14.96,1.76,train
dish_1551379408,,99.040001,low,166.0,0.569,14.702,10.580999,train
dish_1558548666,,97.5,low,75.0,0.225,21.0,2.025,train
dish_1564428444,,157.001038,low,277.0,10.32739,14.948835,4.712034,train
dish_1551374332,,181.779984,low,221.0,0.789,41.790001,3.259,train
dish_1563551006,,357.669189,low,213.0,22.059999,29.586002,15.6948,train
dish_1565036821,,325.539917,low,134.0,14.517972,25.940332,21.035995,train
dish_1558372948,,687.939026,medium,119.0,58.904999,27.013,26.656,train
dish_1551124687,,166.579987,low,129.0,8.889,12.724001,8.801,train
dish_1551224534,,187.416,low,228.0,13.628999,17.617001,22.953001,train
dish_1564516366,,31.049999,low,27.0,2.889,1.701,0.216,train
dish_1565021185,,481.503418,medium,296.0,28.395676,30.147346,26.921808,train
dish_1575998399,,0.0,low,114.0,0.0,0.0,0.0,train
dish_1550708945,,92.5,low,37.0,5.55,0.0,9.62,train
dish_1568146905,,20.719999,low,74.0,0.296,3.922,1.628,train
dish_1563996464,,100.489189,low,146.0,7.867642,6.667095,3.017902,train
dish_1573665025,,0.0,low,177.0,0.0,0.0,0.0,train
dish_1561576916,,78.457687,low,98.0,6.535353,4.77204,1.684707,train
dish_1550873264,,97.349998,low,59.0,2.124,0.0,18.290001,train
dish_1559842136,,460.083038,medium,338.0,26.722002,51.560997,13.864,train
dish_1557861837,,61.883999,low,123.0,5.827,4.46,8.698,train
dish_1565898432,,450.224976,medium,282.0,25.761126,11.596747,40.696297,train
dish_1560541680,,95.052574,low,77.0,9.032269,3.100251,1.847884,train
dish_1562602888,,209.382294,low,343.0,5.792155,21.429251,18.706215,train
dish_1551136891,,40.040001,low,52.0,0.052,8.84,1.04,train
dish_1565194781,,351.405518,low,568.0,4.66172,31.547619,39.603123,train
dish_1566849923,,127.970001,low,240.0,7.515,16.214001,2.093,train
dish_1565711358,,490.052887,medium,658.0,11.036756,52.238358,40.309227,train
dish_1559332822,,540.587341,medium,408.0,28.622438,15.932929,51.690758,train
dish_1566328745,,282.029999,low,203.0,6.084,1.404,52.094002,train
dish_1560799407,,220.901733,low,122.0,14.96129,10.166318,12.222573,train
dish_1566851222,,550.827515,medium,375.0,24.320635,53.79369,29.52721,train
dish_1551376933,,125.389999,low,184.0,1.204,29.700001,2.723,train
dish_1551492732,,44.849998,low,39.0,4.173,2.457,0.312,train
dish_1558114086,,74.360001,low,143.0,0.286,0.429,20.02,train
dish_1550774296,,96.480003,low,18.0,6.3,9.539999,1.26,train
dish_1563811639,,217.139999,low,198.0,14.717999,7.392,13.662,train
dish_1551391758,,158.410004,low,142.0,10.415999,7.98,11.546,train
dish_1550873434,,227.699997,low,138.0,4.968,0.0,42.779999,train
dish_1558629488,,16.0,low,64.0,0.192,3.2,1.152,train
dish_1558637896,,84.870003,low,123.0,0.246,22.140001,0.861,train
dish_1562173411,,638.257996,medium,159.0,50.168999,5.39,38.829002,train
dish_1550707056,,403.182007,medium,117.0,31.941,4.914,22.581001,train
dish_1558463562,,369.984009,low,64.0,31.68,14.528,14.336,train
dish_1551564255,,104.510002,low,153.0,3.572,14.605,6.124,train
dish_1572453726,,0.0,low,160.0,0.0,0.0,0.0,train
dish_1562181247,,660.094482,medium,220.0,45.323471,11.534341,49.149761,train
dish_1563913627,,230.333145,low,109.0,10.01525,26.731916,8.362399,train
dish_1551565945,,97.769997,low,178.0,4.593,17.257,1.676,train
dish_1560453132,,142.09024,low,108.0,12.929943,5.810329,2.847845,train
dish_1572464400,,0.0,low,136.0,0.0,0.0,0.0,train
dish_1560456326,,206.872757,low,138.0,7.522188,3.791613,29.742077,train
dish_1562691383,,86.870003,low,70.0,0.14,20.58,1.12,train
dish_1562099076,,110.181,low,61.0,3.761948,14.762364,4.357234,train
dish_1551393069,,81.899994,low,63.0,0.189,17.639999,1.701,train
dish_1560367698,,556.721252,medium,295.0,26.010103,33.583664,43.318321,train
dish_1550791105,,47.880001,low,84.0,0.252,11.76,0.588,train
dish_1563305083,,1234.856323,high,901.0,56.759739,32.056351,147.491821,train
dish_1563555126,,247.387329,low,245.0,13.907023,18.072975,12.36761,train
dish_1561147967,,177.980042,low,85.0,8.437008,19.343935,6.532393,train
dish_1551391197,,39.599998,low,40.0,0.12,0.08,9.599999,train
dish_1559157919,,37.094574,low,39.0,3.328461,1.523364,0.990958,train
dish_1551303822,,171.980011,low,88.0,10.476,13.698,7.598001,train
dish_1556575327,,103.300003,low,152.0,6.882,10.618,2.868,train
dish_1550792824,,159.940002,low,155.0,5.672,15.639999,10.889999,train
dish_1551494147,,369.660004,low,230.0,14.521,36.071999,26.472002,train
dish_1560874751,,379.992004,low,220.0,10.96,58.687004,12.556001,train
dish_1551566083,,20.209999,low,43.0,0.043,5.16,0.387,train
dish_1556573514,,6.44,low,23.0,0.092,1.219,0.506,train
dish_1558032156,,140.660004,low,26.0,10.92,0.364,9.62,train
dish_1558373639,,5.6,low,20.0,0.08,1.06,0.44,train
dish_1572365610,,0.0,low,167.0,0.0,0.0,0.0,train
dish_1561575613,,86.411438,low,70.0,8.211153,2.81841,1.679894,train
dish_1562613898,,120.636047,low,162.0,6.026607,15.197055,4.350647,train
dish_1558723449,,74.360001,low,143.0,0.286,20.02,0.429,train
dish_1568666184,,28.500002,low,190.0,0.38,5.51,2.66,train
dish_1565724509,,30.809999,low,158.0,0.711,6.162,1.343,train
dish_1558115915,,203.314011,low,59.0,16.107,2.478,11.387,train
dish_1571944531,,0.0,low,253.0,0.0,0.0,0.0,train
dish_1558639266,,30.768999,low,29.0,0.696,6.38,0.899,train
dish_1567612986,,340.226349,low,524.0,4.518488,29.802513,38.412197,train
dish_1573073600,,0.0,low,114.0,0.0,0.0,0.0,train
dish_1562615070,,14.471023,low,50.0,0.641184,1.676942,0.443896,train
dish_1564778030,,504.417786,medium,283.0,31.904985,23.514265,30.773952,train
dish_1567007783,,50.0,low,106.0,0.352,11.94,0.879,train
dish_1556572657,,41.399998,low,36.0,3.852,2.268,0.288,train
dish_1561662358,,96.551003,low,91.0,2.184,20.02,2.821,train
dish_1551377209,,91.800003,low,147.0,0.289,10.209,13.539999,train
dish_1571934465,,0.0,low,232.0,0.0,0.0,0.0,train
dish_1550862733,,68.089996,low,124.0,0.565,16.658001,0.892,train
dish_1558641926,,80.079994,low,154.0,0.308,21.559999,0.462,train
dish_1551374021,,48.450001,low,85.0,0.255,11.9,0.595,train
dish_1550771648,,307.040009,low,108.0,24.280001,18.439999,8.36,train
dish_1563996441,,80.239189,low,65.0,7.624641,2.617095,1.559902,train
dish_1567110665,,556.494568,medium,532.0,43.294647,48.397079,39.440094,train
dish_1558458847,,74.360001,low,143.0,0.286,20.02,0.429,train
dish_1572462136,,0.0,low,307.0,0.0,0.0,0.0,train
dish_1565813386,,113.880005,low,156.0,7.488,2.964,12.48,train
dish_1551236550,,445.798035,medium,178.0,14.124001,48.341,29.990002,train
dish_1565034234,,43.75,low,175.0,0.525,8.75,3.15,train
dish_1551139956,,234.234009,low,152.0,19.852001,16.443001,13.531,train
dish_1565032714,,315.591034,low,330.0,23.180414,24.396652,5.192313,train
dish_1563468240,,93.100006,low,239.0,0.371,23.941999,1.327,train
dish_1563309353,,625.236877,medium,529.0,20.067884,15.838592,92.568954,train
dish_1562603867,,1049.11731,high,369.0,74.496643,66.269196,32.184002,train
dish_1561575996,,290.976196,low,128.0,15.850189,17.013613,19.330734,train
dish_1562876494,,40.10693,low,26.0,1.171626,0.542953,6.487736,train
dish_1559238608,,237.364014,low,438.0,0.656,61.203999,2.714,train
dish_1551226363,,17.15,low,49.0,0.196,3.43,1.176,train
dish_1567106693,,359.160004,low,417.0,6.525,18.302,55.369999,train
dish_1558721757,,768.873047,medium,133.0,65.834999,30.191,29.792002,train
dish_1565207865,,112.960785,low,129.0,5.843282,13.839738,4.252189,train
dish_1565036788,,186.12999,low,70.0,6.58,23.450001,7.84,train
dish_1551395909,,3.06,low,15.0,0.015,0.585,0.33,train
dish_1551314022,,23.790001,low,39.0,0.195,5.85,0.429,train
dish_1560526447,,88.592773,low,70.0,8.15613,3.411251,1.750025,train
dish_1550781347,,94.629997,low,182.0,0.646,20.094,3.393,train
dish_1560369421,,413.946655,medium,411.0,31.057137,29.280058,43.318707,train
dish_1550874079,,70.199997,low,78.0,10.139999,0.0,14.352,train
dish_1572984706,,0.0,low,118.0,0.0,0.0,0.0,train
dish_1551225541,,242.804001,low,225.0,11.254,34.998001,19.423,train
dish_1560370137,,89.644272,low,104.0,7.00289,5.694383,2.551919,train
dish_1551374440,,48.059998,low,54.0,0.162,12.42,0.594,train
dish_1558459528,,11.52,low,64.0,0.128,2.496,0.576,train
dish_1563305837,,11.431157,low,14.0,0.446888,1.173633,0.867943,train
dish_1560368464,,349.449951,low,275.0,18.062435,16.807095,29.051191,train
dish_1564773826,,10.08,low,56.0,0.112,2.184,0.504,train
dish_1551390006,,58.400002,low,80.0,3.84,1.52,6.4,train
dish_1551565752,,122.25,low,131.0,2.79,13.64,10.773,train
dish_1563996279,,98.490021,low,278.0,1.893741,19.73682,3.910173,train
dish_1568217417,,587.87616,medium,300.0,44.887074,16.583527,28.29133,train
dish_1562774456,,237.774002,low,69.0,18.837,2.898,13.317,train
dish_1551565797,,44.849998,low,39.0,4.173,2.457,0.312,train
dish_1566501594,,508.048981,medium,109.0,31.391998,54.281998,6.758,train
dish_1561575327,,453.680054,medium,289.0,23.747952,25.363405,32.591888,train
dish_1562789240,,361.555603,low,154.0,18.029551,21.636833,26.509659,train
dish_1550712369,,148.5,low,90.0,3.24,0.0,27.9,train
dish_1568060722,,460.579987,medium,359.0,17.008001,12.233,64.398003,train
dish_1551304456,,117.920006,low,22.0,7.7,11.66,1.54,train
dish_1550791302,,175.940002,low,194.0,5.658,22.68,9.922,train
dish_1565378770,,319.280365,low,287.0,11.794086,36.280937,19.016382,train
dish_1550875400,,217.380005,low,159.0,18.417999,7.188,18.688,train
dish_1551303866,,171.980011,low,88.0,10.476,13.698,7.598001,train
dish_1563468269,,129.01001,low,302.0,0.56,32.762001,1.768,train
dish_1559590130,,194.405991,low,152.0,4.107,1.521,35.888,train
dish_1551317589,,44.799999,low,32.0,0.192,7.68,2.88,train
dish_1571944487,,0.0,low,130.0,0.0,0.0,0.0,train
dish_1563378073,,269.565094,low,382.0,5.491057,30.516302,22.040716,train
dish_1568665052,,345.654053,low,331.0,16.161036,17.310337,33.34906,train
dish_1551395269,,139.410004,low,113.0,2.094,5.964,24.362,train
dish_1558630288,,7.106,low,11.0,0.374,0.352,0.671,train
dish_1563826272,,645.126465,medium,261.0,34.261852,44.186893,41.229122,train
dish_1562871537,,685.772949,medium,554.0,30.779623,53.014832,50.176342,train
dish_1561739760,,452.163513,medium,937.0,5.190096,98.616127,12.599001,train
dish_1559933793,,56.676903,low,111.0,1.420199,9.842957,3.716384,train
dish_1561393619,,234.040009,low,284.0,7.892,21.104,20.116001,train
dish_1551125384,,53.400002,low,142.0,0.72,10.872,2.868,train
dish_1558110385,,52.869999,low,34.0,3.57,0.408,4.25,train
dish_1551307361,,170.399994,low,164.0,8.739,14.922,10.362,train
dish_1550863037,,60.310001,low,115.0,0.212,15.21,0.816,train
dish_1562945803,,50.295322,low,64.0,2.055645,7.613193,1.103,train
dish_1551381450,,104.519997,low,26.0,8.58,0.338,6.5,train
dish_1551232905,,62.099998,low,45.0,0.945,11.25,2.025,train
dish_1560453356,,389.068359,low,408.0,15.162277,20.451496,40.626755,train
dish_1551122713,,138.809998,low,220.0,1.525,27.610001,5.944,train
dish_1551324079,,58.41,low,59.0,0.177,0.118,14.16,train
dish_1564170967,,400.202118,medium,410.0,16.147165,32.556522,32.54837,train
dish_1565972628,,545.960022,medium,359.0,38.27,7.452,40.779999,train
dish_1572021481,,0.0,low,140.0,0.0,0.0,0.0,train
dish_1564432238,,455.387939,medium,315.0,23.15468,34.854778,28.074873,train
dish_1563379163,,271.044617,low,146.0,15.833774,20.316792,10.922132,train
dish_1562946106,,578.963989,medium,359.0,41.862,16.796,33.006001,train
dish_1551314290,,14.57,low,31.0,0.031,3.72,0.279,train
dish_1559233055,,25.194,low,39.0,1.326,1.248,2.379,train
dish_1564171935,,476.337524,medium,309.0,21.417841,28.962877,40.716434,train
dish_1563219009,,388.359711,low,202.0,19.842056,18.989845,31.87508,train
dish_1564082323,,748.861206,medium,518.0,24.989885,22.46674,103.612755,train
dish_1563295016,,127.879997,low,79.0,7.621,8.182,6.965,train
dish_1563910708,,786.212585,medium,555.0,36.178989,26.49613,83.004326,train
dish_1551486372,,90.849998,low,79.0,8.453,4.977,0.632,train
dish_1573159868,,0.0,low,66.0,0.0,0.0,0.0,train
dish_1559850283,,271.707001,low,47.0,23.264999,10.669,10.528,train
dish_1563476577,,1238.033691,high,857.0,62.574154,79.60125,87.671616,train
dish_1566502211,,104.279999,low,237.0,4.977,10.191,7.584001,train
dish_1551124481,,36.959999,low,48.0,0.048,8.16,0.96,train
dish_1550790554,,69.690002,low,113.0,6.803999,5.466,10.255,train
dish_1558545738,,73.839996,low,142.0,0.284,19.879999,0.426,train
dish_1566501012,,132.87999,low,160.0,10.555,10.811,1.843,train
dish_1565207727,,314.77124,low,231.0,18.036247,33.079639,21.463133,train
dish_1558458584,,351.181,low,142.0,25.455,25.941,12.369,train
dish_1558639752,,254.130997,low,220.0,13.213,32.438004,8.915,train
dish_1550876249,,82.5,low,50.0,1.8,0.0,15.5,train
dish_1562950895,,137.818542,low,144.0,3.512195,25.287806,1.404878,train
dish_1550860787,,111.0,low,75.0,8.25,1.2,7.5,train
dish_1562785184,,290.397949,low,390.0,28.066151,20.020035,33.62685,train
dish_1551391337,,196.809982,low,197.0,3.122,6.4,34.722,train
dish_1551317449,,65.0,low,50.0,0.15,14.0,1.35,train
dish_1560357427,,93.749001,low,241.0,0.241,21.931,1.205,train
dish_1559846311,,114.972008,low,201.0,0.201,30.551998,0.804,train
dish_1551228830,,40.02,low,29.0,0.609,7.25,1.305,train
dish_1565987015,,14.72,low,64.0,0.256,2.304,1.856,train
dish_1566931217,,333.108673,low,378.0,29.458878,21.469036,21.408707,train
dish_1561049435,,338.179993,low,257.0,22.427,13.217999,20.822001,train
dish_1550796686,,31.199999,low,60.0,0.12,8.4,0.18,train
dish_1565987201,,560.658997,medium,522.0,27.593,16.017,63.875999,train
dish_1551314669,,26.389999,low,91.0,0.273,8.190001,1.001,train
dish_1560356337,,144.716934,low,119.0,3.097618,27.996531,2.047824,train
dish_1561579867,,369.364288,low,217.0,20.497877,7.796568,37.048073,train
dish_1550863247,,17.16,low,33.0,0.066,4.62,0.099,train
dish_1551488776,,194.5,low,124.0,12.733001,18.540001,5.615,train
dish_1558031394,,237.410004,low,318.0,0.521,55.475998,4.23,train
dish_1572035321,,0.0,low,104.0,0.0,0.0,0.0,train
dish_1572548878,,0.0,low,105.0,0.0,0.0,0.0,train
dish_1559849053,,381.528015,low,125.0,28.844002,25.226002,13.461,train
dish_1564170542,,523.367859,medium,440.0,25.166206,18.044437,52.976246,train
dish_1568144688,,504.847656,medium,343.0,36.118519,18.626562,30.566095,train
dish_1566931179,,204.369385,low,263.0,15.987674,15.745848,4.955554,train
dish_1564774805,,621.091003,medium,353.0,41.685188,15.256662,44.937073,train
dish_1573072381,,0.0,low,60.0,0.0,0.0,0.0,train
dish_1560539314,,165.738342,low,158.0,18.348402,6.327587,20.611412,train
dish_1566587182,,531.260986,medium,377.0,37.361893,22.501673,31.371517,train
dish_1551378955,,85.0,low,125.0,1.75,15.0,3.0,train
dish_1561749711,,300.077911,low,228.0,14.753815,8.951819,30.678497,train
dish_1561737839,,210.899994,low,370.0,1.11,51.799999,2.59,train
dish_1574359160,,0.0,low,211.0,0.0,0.0,0.0,train
dish_1575664962,,0.0,low,82.0,0.0,0.0,0.0,train
dish_1564159588,,477.151001,medium,113.0,37.142998,3.405,30.713001,train
dish_1573503054,,0.0,low,128.0,0.0,0.0,0.0,train
dish_1558373687,,306.694,low,89.0,24.297001,3.738,17.177,train
dish_1566849987,,562.969971,medium,540.0,16.635,20.534,80.740997,train
dish_1551374783,,133.559998,low,267.0,0.804,35.34,3.361,train
dish_1550773394,,20.0,low,50.0,0.1,4.5,1.0,train
dish_1567542778,,260.582001,low,98.0,9.212,32.830002,10.976001,train
dish_1551305209,,128.740005,low,192.0,2.452,23.900999,5.175,train
dish_1558641200,,3.28,low,8.0,0.016,0.8,0.072,train
dish_1561753477,,432.267029,medium,280.0,24.355024,18.788651,34.092751,train
dish_1560527168,,322.835297,low,219.0,18.368912,24.775576,15.273438,train
dish_1558639335,,60.32,low,116.0,0.232,16.24,0.348,train
dish_1559678146,,348.57666,low,284.0,21.192875,13.254406,26.293562,train
dish_1551381249,,20.59,low,71.0,0.213,6.39,0.781,train
dish_1563565508,,403.862,medium,387.0,24.761736,32.026699,26.264353,train
dish_1550711187,,63.139999,low,82.0,0.082,13.940001,1.64,train
dish_1565117429,,390.872986,low,147.0,13.818,49.245003,16.464001,train
dish_1551141710,,54.899998,low,61.0,7.93,0.0,11.224,train
dish_1551565204,,56.349998,low,49.0,5.243,3.087,0.392,train
dish_1558639526,,31.98,low,78.0,0.156,7.8,0.702,train
dish_1563900150,,202.2966,low,154.0,12.745122,10.284879,10.978048,train
dish_1558115011,,115.620003,low,20.0,9.9,4.54,4.48,train
dish_1550876012,,253.520004,low,207.0,4.455999,12.46,38.608002,train
dish_1561060477,,141.018997,low,105.0,3.918,22.055,4.912,train
dish_1572032356,,0.0,low,262.0,0.0,0.0,0.0,train
dish_1565638478,,47.615753,low,91.0,2.363725,6.21075,1.59705,train
dish_1558468589,,12.1,low,55.0,0.165,1.815,1.705,train
dish_1568061097,,146.244995,low,55.0,5.17,18.425001,6.16,train
dish_1571932398,,0.0,low,220.0,0.0,0.0,0.0,train
dish_1563811463,,220.585373,low,376.0,2.699951,22.557051,23.124781,train
dish_1562945779,,37.69532,low,29.0,2.020645,4.463193,0.928,train
dish_1562876756,,354.596863,low,322.0,13.231589,37.242165,28.104403,train
dish_1562963484,,100.539413,low,80.0,8.570941,5.136471,2.084824,train
dish_1550770447,,303.248016,low,88.0,24.024,3.696,16.984001,train
dish_1559319971,,72.959999,low,96.0,0.0,17.280001,0.96,train
dish_1560788384,,111.198997,low,242.0,0.847,14.035999,12.947001,train
dish_1550793485,,155.0,low,62.0,9.3,0.0,16.119999,train
dish_1573072479,,0.0,low,396.0,0.0,0.0,0.0,train
dish_1566415591,,214.780777,low,316.0,16.906708,18.46199,16.844492,train
dish_1550771707,,307.040009,low,108.0,24.280001,18.439999,8.36,train
dish_1550777646,,18.549999,low,53.0,0.212,3.71,1.272,train
dish_1560370804,,25.134001,low,6.0,0.426,4.74,0.474,train
dish_1551139764,,55.734001,low,21.0,0.882,8.883,2.835,train
dish_1560360030,,193.880005,low,131.0,14.41,2.096,13.1,train
dish_1560445069,,94.527,low,243.0,0.243,22.112999,1.215,train
dish_1568061272,,380.394043,low,415.0,11.045062,45.304302,25.763874,train
dish_1563476323,,686.97113,medium,339.0,33.461006,38.625374,55.327595,train
dish_1557862829,,5.52,low,24.0,0.096,0.864,0.696,train
dish_1558636928,,16.02,low,89.0,0.178,3.471,0.801,train
dish_1551379379,,99.040001,low,167.0,0.569,14.702,10.580999,train
dish_1551380950,,84.419998,low,21.0,6.93,0.273,5.25,train
dish_1550861584,,35.599998,low,40.0,0.12,9.2,0.44,train
dish_1563391375,,84.283714,low,139.0,7.774208,5.039431,8.285326,train
dish_1565799507,,74.651711,low,78.0,1.902439,13.697562,0.760976,train
dish_1572464284,,0.0,low,72.0,0.0,0.0,0.0,train
dish_1558640311,,105.879997,low,276.0,0.552,26.114,2.242,train
dish_1565210073,,364.416199,low,511.0,11.813126,49.916317,19.357193,train
dish_1575924356,,0.0,low,103.0,0.0,0.0,0.0,train
dish_1565107143,,454.274597,medium,655.0,13.240049,31.671951,46.109219,train
dish_1564169932,,766.626526,medium,473.0,37.374702,42.810986,65.773155,train
dish_1551237274,,9.2,low,23.0,0.046,2.07,0.46,train
dish_1561663541,,124.32,low,112.0,1.008,25.76,2.912,train
dish_1564169644,,433.416992,medium,163.0,15.322,54.605,18.256001,train
dish_1562603842,,594.2453,medium,237.0,38.460644,60.725197,6.708,train
dish_1563378406,,556.263916,medium,189.0,26.568378,66.95768,12.408113,train
dish_1565981898,,260.979767,low,290.0,21.883743,11.903452,17.301081,train
dish_1558637698,,12.25,low,49.0,0.147,2.45,0.882,train
dish_1550795331,,146.639999,low,282.0,0.564,39.48,0.846,train
dish_1551378719,,55.630001,low,153.0,0.352,12.295,2.976,train
dish_1573072447,,0.0,low,196.0,0.0,0.0,0.0,train
dish_1550873044,,45.900002,low,135.0,0.27,10.8,1.08,train
dish_1563294408,,41.5,low,83.0,0.083,10.79,0.415,train
dish_1551226948,,18.800001,low,47.0,0.094,4.23,0.94,train
dish_1560270585,,43.800003,low,114.0,0.18,11.256,0.636,train
dish_1558113154,,37.259998,low,54.0,0.108,9.72,0.378,train
dish_1562872396,,179.563156,low,186.0,5.108879,3.96911,28.588114,train
dish_1561661347,,50.669998,low,132.0,1.632,7.215,3.426,train
dish_1561580431,,258.003418,low,197.0,10.666273,18.090307,22.401735,train
dish_1551566547,,91.330002,low,88.0,1.678,7.2,12.01,train
dish_1573156961,,0.0,low,318.0,0.0,0.0,0.0,train
dish_1567024066,,228.673996,low,86.0,8.084,28.810001,9.632,train
dish_1565895879,,96.681755,low,231.0,3.165525,15.13875,5.10345,train
dish_1574443257,,0.0,low,160.0,0.0,0.0,0.0,train
dish_1561060787,,46.464848,low,91.0,1.164307,8.06945,3.046765,train
dish_1551224833,,151.149994,low,330.0,0.615,39.450001,2.434,train
dish_1558636514,,16.02,low,89.0,0.178,3.471,0.801,train
dish_1564428475,,261.616272,low,370.0,12.314557,32.755318,8.607536,train
dish_1563391413,,227.056778,low,237.0,14.303798,6.997268,26.228392,train
dish_1551378449,,117.113998,low,138.0,0.447,25.874001,4.475,train
dish_1558459945,,73.839996,low,142.0,0.284,19.879999,0.426,train
dish_1565208637,,250.187943,low,305.0,8.242543,32.110229,14.171419,train
dish_1551565653,,48.099998,low,37.0,0.111,10.36,0.999,train
dish_1573851578,,0.0,low,116.0,0.0,0.0,0.0,train
dish_1558630072,,294.427002,low,295.0,13.952,42.058998,7.917001,train
dish_1564000536,,659.906189,medium,397.0,27.075863,60.701588,43.828613,train
dish_1560367904,,76.023148,low,69.0,8.840912,3.734912,10.405902,train
dish_1571944648,,0.0,low,88.0,0.0,0.0,0.0,train
dish_1560367258,,157.99173,low,341.0,8.97491,17.011694,12.479585,train
dish_1563220802,,308.59436,low,252.0,15.236608,13.352823,29.468918,train
dish_1550710342,,182.169998,low,158.0,3.366,8.179999,28.638,train
dish_1566591048,,876.201843,high,481.0,42.708851,12.67119,102.963142,train
dish_1568144954,,427.712158,medium,492.0,11.404531,24.261692,56.691856,train
dish_1562786103,,93.081001,low,57.0,3.363,13.965,2.337,train
dish_1567106594,,15.84,low,88.0,0.176,3.432,0.792,train
dish_1563305722,,434.658997,medium,405.0,12.195141,9.579062,69.960106,train
dish_1558718009,,25.84,low,76.0,0.152,6.08,0.608,train
dish_1551395194,,41.580002,low,42.0,0.126,0.084,10.08,train
dish_1550861324,,124.056,low,36.0,9.828,1.512,6.948,train
dish_1558461431,,1.15,low,5.0,0.02,0.18,0.145,train
dish_1551136610,,64.860001,low,47.0,0.987,11.75,2.115,train
dish_1550710177,,23.0,low,46.0,0.046,5.98,0.23,train
dish_1550711066,,106.5,low,102.0,4.466001,8.28,8.52,train
dish_1567625392,,208.233475,low,171.0,14.530067,18.900763,4.826312,train
dish_1551224483,,187.416,low,228.0,13.628999,17.617001,22.952999,train
dish_1550780717,,56.209999,low,73.0,0.073,12.41,1.46,train
dish_1551485983,,34.77,low,57.0,0.285,8.55,0.627,train
dish_1560368944,,143.540421,low,66.0,8.573035,2.14122,13.56644,train
dish_1562949541,,494.225647,medium,374.0,33.717587,16.525366,31.732658,train
dish_1565021965,,92.039993,low,177.0,0.354,1.239,17.700001,train
dish_1558723960,,13.0,low,52.0,0.156,2.6,0.936,train
dish_1562094931,,376.749084,low,282.0,25.350718,9.954545,47.635498,train
dish_1559674781,,81.660004,low,203.0,0.229,20.610001,1.067,train
dish_1550874872,,40.809998,low,53.0,0.053,9.01,1.06,train
dish_1551378397,,44.799999,low,32.0,0.192,7.68,2.88,train
dish_1560366998,,39.600002,low,131.0,0.173,9.648001,0.823,train
dish_1565810969,,4.6,low,20.0,0.08,0.72,0.58,train
dish_1568147044,,1032.880005,high,531.0,63.369999,8.892,105.582001,train
dish_1551493005,,259.779999,low,177.0,7.572,6.974999,40.152,train
dish_1567024135,,317.785828,low,147.0,12.219193,35.093388,15.986,train
dish_1562872945,,258.59967,low,234.0,15.496352,30.387449,20.053217,train
dish_1562689548,,216.540009,low,267.0,7.533,18.101999,19.5,train
dish_1550874153,,5.33,low,13.0,0.026,1.3,0.117,train
dish_1568233403,,10.64,low,38.0,0.152,2.014,0.836,train
dish_1561574479,,363.61377,low,293.0,18.486538,25.268995,24.553905,train
dish_1572627130,,0.0,low,231.0,0.0,0.0,0.0,train
dish_1550772849,,507.481995,medium,216.0,34.781002,27.653999,21.681002,train
dish_1551486108,,65.25,low,45.0,2.7,0.675,9.45,train
dish_1551235171,,3.92,low,14.0,0.056,0.742,0.308,train
dish_1560366410,,58.741066,low,96.0,4.515482,3.791994,2.187943,train
dish_1550710507,,20.4,low,60.0,0.42,4.08,0.42,train
dish_1566835701,,370.186829,low,744.0,2.965756,28.018244,51.613903,train
dish_1559332795,,39.368401,low,39.0,3.721487,1.441863,0.531219,train
dish_1561577701,,258.637756,low,263.0,13.043034,11.03658,24.108046,train
dish_1564428181,,510.05069,medium,320.0,32.323368,20.955044,34.305462,train
dish_1559235771,,145.800003,low,54.0,4.32,21.762001,5.0328,train
dish_1551228478,,90.619995,low,153.0,0.776,20.779999,1.852,train
dish_1563823860,,71.586662,low,263.0,1.44428,13.146437,4.318495,train
dish_1571944238,,0.0,low,349.0,0.0,0.0,0.0,train
dish_1565207694,,173.791214,low,178.0,12.895247,15.58964,15.633135,train
dish_1562096633,,288.703217,low,237.0,18.21854,16.646711,27.162325,train
dish_1565810205,,126.965538,low,153.0,9.058967,4.217971,10.67575,train
dish_1563305689,,30.139999,low,161.0,0.351,4.741,4.067,train
dish_1567801791,,225.472412,low,111.0,9.406758,23.573153,11.11602,train
dish_1551392376,,61.969997,low,119.0,1.737,9.758,3.619,train
dish_1558379324,,16.32,low,48.0,0.096,3.84,0.384,train
dish_1561739265,,292.040009,low,308.0,9.989,41.127003,10.689,train
dish_1567537422,,109.319298,low,203.0,6.288338,12.18853,3.267302,train
dish_1566328831,,941.609985,high,500.0,30.021,85.809998,78.080002,train
dish_1571935895,,0.0,low,222.0,0.0,0.0,0.0,train
dish_1562945131,,37.323902,low,67.0,1.89561,4.57561,1.56878,train
dish_1560453275,,92.554443,low,60.0,2.703752,1.252969,14.971699,train
dish_1551375189,,20.639999,low,48.0,0.144,4.32,1.632,train
dish_1562963109,,381.527283,low,488.0,33.556896,27.628859,35.212646,train
dish_1567542843,,471.296509,medium,216.0,19.758106,42.703159,28.489662,train
dish_1551305257,,128.740005,low,193.0,2.452,23.900999,5.175,train
dish_1559844030,,25.410002,low,77.0,0.231,6.16,0.539,train
dish_1558109714,,213.897003,low,37.0,18.315001,8.399,8.288,train
dish_1564159543,,284.174988,low,57.0,21.855,1.053,19.905001,train
dish_1551567541,,244.666,low,71.0,19.382999,2.982,13.703,train
dish_1568649387,,163.858185,low,192.0,5.302399,28.488777,2.512788,train
dish_1568315040,,555.92041,medium,400.0,32.094086,27.321146,41.118195,train
dish_1550772892,,507.481995,medium,216.0,34.781002,27.653999,21.681002,train
dish_1562611680,,326.888977,low,256.0,19.411798,24.775015,16.028036,train
dish_1560961202,,171.069992,low,153.0,11.636,5.094,11.576,train
dish_1562686492,,160.0,low,100.0,10.0,3.0,14.0,train
dish_1559243139,,26.053925,low,53.0,0.627052,5.227929,0.470893,train
dish_1564590352,,497.915833,medium,962.0,4.670219,64.60878,46.549492,train
dish_1558722906,,95.489998,low,90.0,2.16,19.799999,2.79,train
dish_1558114609,,540.89801,medium,160.0,41.223,14.648001,29.140001,train
dish_1560360112,,401.494019,medium,248.0,27.991001,13.674002,23.033001,train
dish_1558639012,,257.436005,low,490.0,2.237,63.264,4.685,train
dish_1559059992,,71.440002,low,94.0,0.0,16.92,0.94,train
dish_1565727821,,281.123993,low,196.0,10.092001,6.161,40.348,train
dish_1551134757,,32.34,low,42.0,0.042,7.14,0.84,train
dish_1562168673,,56.354836,low,73.0,2.270678,8.614903,1.229,train
dish_1576259776,,0.0,low,203.0,0.0,0.0,0.0,train
dish_1563217939,,227.242706,low,171.0,12.185005,7.603419,21.324188,train
dish_1550773949,,223.019989,low,285.0,0.754,55.550003,3.298,train
dish_1573159511,,0.0,low,121.0,0.0,0.0,0.0,train
dish_1560444869,,14.040001,low,39.0,0.039,3.51,0.195,train
dish_1564518850,,194.326996,low,119.0,7.021,29.155001,4.879,train
dish_1566592456,,55.439999,low,126.0,2.646,5.418,4.032,train
dish_1562010266,,581.033081,medium,284.0,34.7831,8.110199,55.645042,train
dish_1567801716,,101.042,low,38.0,3.572,12.73,4.256,train
dish_1565987054,,260.569977,low,213.0,5.62,2.304,48.045998,train
dish_1566851549,,226.014999,low,85.0,7.99,28.475,9.52,train
dish_1563466280,,357.059998,low,66.0,27.719999,0.924,24.42,train
dish_1564773876,,258.327576,low,219.0,15.969777,9.881201,18.995329,train
dish_1565809033,,341.419983,low,433.0,1.63,16.746,62.691998,train
dish_1557862384,,19.25,low,77.0,0.231,3.85,1.386,train
dish_1572379407,,0.0,low,124.0,0.0,0.0,0.0,train
dish_1562170356,,385.333984,low,432.0,14.285,55.529999,12.788,train
dish_1564685229,,591.435242,medium,347.0,41.458504,14.729663,41.9048,train
dish_1565812116,,44.44017,low,36.0,4.222879,1.449468,0.863946,train
dish_1551493823,,15.4,low,44.0,0.176,3.08,1.056,train
dish_1566851677,,354.773834,low,296.0,12.628245,45.332054,16.523363,train
dish_1567110556,,127.107117,low,150.0,10.841025,7.109585,2.239599,train
dish_1558629715,,100.539993,low,247.0,0.614,25.174999,2.376,train
dish_1558639588,,121.401001,low,21.0,10.395,4.767,4.704,train
dish_1558463690,,432.95401,medium,241.0,32.034,30.032001,15.807,train
dish_1551223249,,82.800003,low,60.0,1.26,15.0,2.7,train
dish_1551225467,,63.0,low,70.0,9.099999,0.0,12.88,train
dish_1558630006,,51.75,low,75.0,0.15,13.500001,0.525,train
dish_1564588688,,148.178009,low,43.0,11.739,1.806,8.299,train
dish_1560455399,,138.498901,low,149.0,13.729533,6.48775,10.835825,train
dish_1565382886,,470.086212,medium,348.0,20.305454,54.863914,20.029079,train
dish_1551324010,,98.220001,low,202.0,0.612,14.752,13.335,train
dish_1550860444,,207.320007,low,231.0,5.252,32.472,8.032,train
dish_1563391989,,462.847504,medium,464.0,34.812225,15.968175,56.331486,train
dish_1558719401,,51.988998,low,49.0,1.176,10.78,1.519,train
dish_1565024675,,129.097992,low,34.0,9.554,1.054,9.894,train
dish_1550773506,,175.199997,low,122.0,11.85,5.644,11.54,train
dish_1558723568,,179.618988,low,356.0,1.848,42.959999,3.879,train
dish_1566414723,,728.810608,medium,482.0,31.699219,24.867764,97.962776,train
dish_1550711017,,72.5,low,29.0,4.35,0.0,7.54,train
dish_1558640748,,14.5,low,58.0,0.174,2.9,1.044,train
dish_1550792595,,55.439999,low,72.0,0.072,12.24,1.44,train
dish_1551225501,,242.804001,low,225.0,11.254,34.998001,19.423,train
dish_1562686548,,413.493988,medium,280.0,23.967999,20.892,27.464001,train
dish_1562168399,,128.709991,low,243.0,0.449,32.619999,1.421,train
dish_1551566524,,91.330002,low,89.0,1.678,7.2,12.01,train
dish_1558546663,,330.734009,low,197.0,22.108002,30.264,10.601,train
dish_1567785130,,76.690483,low,59.0,4.110968,9.08029,1.888,train
dish_1561576449,,77.0,low,308.0,0.924,15.400001,5.544,train
dish_1561748274,,558.514648,medium,260.0,28.200544,27.625929,48.040081,train
dish_1565728388,,124.973,low,47.0,4.418,15.745001,5.264,train
dish_1568055986,,54.400002,low,76.0,3.468,5.976,0.74,train
dish_1563222775,,190.584213,low,75.0,8.823172,16.359587,11.272345,train
dish_1563824279,,58.599998,low,79.0,3.895,6.138,0.761,train
dish_1565725156,,452.669983,medium,500.0,11.922,24.225,61.735004,train
dish_1560975628,,348.272644,low,296.0,12.463076,32.350925,27.610699,train
dish_1551390837,,124.290001,low,206.0,1.132,27.68,3.996,train
dish_1563910106,,101.457962,low,84.0,7.423245,8.096603,1.529208,train
dish_1559240875,,116.116005,low,203.0,0.203,30.855999,0.812,train
dish_1566936323,,368.292206,low,318.0,24.078575,11.995163,45.8591,train
dish_1561576026,,330.456177,low,156.0,17.754189,22.053612,19.918734,train
dish_1550876748,,30.4,low,19.0,2.85,1.71,0.38,train
dish_1563822663,,303.099365,low,317.0,13.86415,24.232965,22.034336,train
dish_1558633158,,34.849998,low,85.0,0.17,8.5,0.765,train
dish_1551234185,,3.74,low,17.0,0.051,0.561,0.527,train
dish_1558458737,,41.599998,low,32.0,0.096,8.96,0.864,train
dish_1560526472,,113.672775,low,114.0,8.28813,9.571251,2.058025,train
dish_1550876298,,62.400002,low,39.0,5.85,3.51,0.78,train
dish_1561576074,,374.54538,low,216.0,19.081562,24.043354,25.967587,train
dish_1563381486,,339.731995,low,180.0,19.908001,27.036001,13.5,train
dish_1562963006,,259.097229,low,247.0,28.683897,9.891858,32.221638,train
dish_1558725226,,19.75,low,79.0,0.237,3.95,1.422,train
dish_1565383062,,362.960022,low,403.0,18.207001,12.198999,39.654999,train
dish_1561481673,,496.617004,medium,324.0,27.25,36.400002,25.962002,train
dish_1561752481,,297.979553,low,169.0,14.982956,15.411839,25.069847,train
dish_1551228930,,14.400001,low,36.0,0.072,3.24,0.72,train
dish_1550770482,,346.388,low,213.0,24.707001,12.323999,18.947001,train
dish_1551307170,,20.639999,low,48.0,0.144,4.32,1.632,train
dish_1565021675,,331.581451,low,575.0,3.358805,27.448196,41.17012,train
dish_1563568003,,126.154343,low,135.0,14.279201,4.327132,15.974245,train
dish_1550770751,,36.380001,low,107.0,0.214,8.559999,0.856,train
dish_1559578579,,142.579987,low,78.0,9.825,4.722,8.895,train
dish_1562702892,,457.711121,medium,338.0,36.445198,13.115524,47.457092,train
dish_1563294491,,146.979996,low,328.0,0.664,37.573997,2.051,train
dish_1566931140,,126.700005,low,199.0,8.976,12.23,3.696,train
dish_1550706177,,29.58,low,87.0,0.609,5.916,0.609,train
dish_1568060616,,17.08,low,61.0,0.244,3.233,1.342,train
dish_1558724658,,138.360001,low,364.0,0.882,30.880001,7.028,train
dish_1568649430,,363.658203,low,327.0,20.152399,30.648777,16.012787,train
dish_1566849895,,112.309998,low,153.0,7.341,12.821001,1.31,train
dish_1551375848,,224.590012,low,37.0,19.980001,7.77,7.4,train
dish_1563389626,,498.620026,medium,360.0,30.181793,12.393457,45.326939,train
dish_1550777511,,291.940002,low,119.0,21.57,21.419998,7.46,train
dish_1563468299,,210.350006,low,385.0,4.129,35.584,10.898,train
dish_1562956510,,221.167068,low,199.0,12.196038,8.990719,21.758215,train
dish_1572031254,,0.0,low,133.0,0.0,0.0,0.0,train
dish_1557853229,,195.929993,low,126.0,13.23,1.512,15.75,train
dish_1550777791,,50.049999,low,65.0,0.065,11.05,1.3,train
dish_1550705535,,18.75,low,75.0,0.225,3.75,1.35,train
dish_1561740353,,75.42041,low,96.0,5.666205,6.503661,0.751927,train
dish_1558636582,,530.551025,medium,410.0,35.918999,45.948002,18.895,train
dish_1565641844,,244.627991,low,92.0,8.648,30.820002,10.304,train
dish_1563566725,,241.313019,low,206.0,7.40534,39.206856,7.718408,train
dish_1563222800,,302.318085,low,146.0,11.604419,17.928291,30.328045,train
dish_1566415520,,74.824753,low,143.0,3.714425,9.75975,2.50965,train
dish_1565119739,,396.804047,low,461.0,15.774881,41.558456,25.650156,train
dish_1551124723,,166.580002,low,129.0,8.889,12.724,8.801,train
dish_1561576590,,29.231468,low,101.0,1.295191,3.387423,0.896671,train
dish_1550875168,,44.099998,low,49.0,6.37,0.0,9.016,train
dish_1558639555,,156.049011,low,320.0,1.278,38.18,2.725,train
dish_1559240256,,18.9,low,54.0,0.216,3.78,1.296,train
dish_1567110756,,111.720001,low,42.0,4.074,13.860001,4.62,train
dish_1559844063,,139.810013,low,277.0,0.431,36.559998,1.339,train
dish_1560802092,,118.031128,low,128.0,3.66739,5.990827,15.151614,train
dish_1563567663,,514.112061,medium,461.0,46.380054,33.964943,35.668152,train
dish_1565033139,,193.649994,low,274.0,14.177,17.355999,4.434,train
dish_1563381738,,118.062546,low,96.0,5.041528,15.80815,2.982358,train
dish_1551225609,,32.239998,low,62.0,0.124,8.68,0.186,train
dish_1562008738,,64.066612,low,109.0,4.61,5.137444,2.1365,train
dish_1562875898,,271.116394,low,342.0,18.015085,28.964979,23.360405,train
dish_1551307325,,106.559998,low,72.0,7.92,1.152,7.2,train
dish_1551391543,,372.769989,low,133.0,29.458002,15.241999,18.360001,train
dish_1561147997,,185.180023,low,133.0,8.629007,20.639935,7.060393,train
dish_1560973958,,145.313232,low,121.0,6.214187,20.729744,4.312272,train
dish_1558549008,,20.700001,low,115.0,0.23,4.485,1.035,train
dish_1566246541,,460.055023,medium,331.0,18.148998,9.049999,62.754002,train
dish_1558639818,,20.059999,low,59.0,0.118,4.72,0.472,train
dish_1551303476,,224.75,low,177.0,0.738,32.790001,20.697001,train
dish_1558724853,,50.740002,low,118.0,0.354,10.620001,4.012,train
dish_1561661324,,33.0,low,75.0,1.575,3.225,2.4,train
dish_1551377135,,4.18,low,19.0,0.057,0.627,0.589,train
dish_1550874729,,85.919991,low,120.0,5.656,10.540001,8.743999,train
dish_1558723847,,554.976013,medium,96.0,47.52,21.792,21.504002,train
dish_1561575474,,120.058434,low,183.0,4.966118,17.412746,2.990431,train
dish_1568401302,,716.47937,medium,561.0,28.946722,69.864967,44.677963,train
dish_1551399151,,156.169998,low,145.0,6.042,7.536,19.712002,train
dish_1551394927,,66.25,low,114.0,1.913,10.734,3.627,train
dish_1551228582,,32.399998,low,36.0,4.68,0.0,6.624,train
dish_1562963325,,760.161926,medium,379.0,31.468941,65.333321,51.822536,train
dish_1563897794,,57.57,low,101.0,0.303,14.14,0.707,train
dish_1563305913,,89.652504,low,107.0,7.107997,5.045908,3.07745,train
dish_1558028057,,151.479996,low,28.0,11.759999,0.392,10.360001,train
dish_1563294441,,65.199997,low,162.0,0.241,16.793999,0.889,train
dish_1566416701,,198.53717,low,122.0,6.648317,2.900097,30.318871,train
dish_1550711129,,121.360001,low,82.0,9.02,1.312,8.2,train
dish_1566246415,,11.2,low,40.0,0.16,2.12,0.88,train
dish_1551399402,,117.920006,low,22.0,7.7,11.66,1.54,train
dish_1550861027,,21.0,low,42.0,0.042,5.46,0.21,train
dish_1551316878,,145.399994,low,188.0,0.43,32.5,4.22,train
dish_1551232936,,14.0,low,35.0,0.07,3.15,0.7,train
dish_1561407312,,127.826668,low,121.0,3.911226,13.537315,9.589523,train
dish_1561576767,,408.472565,medium,621.0,14.014634,34.21946,39.556114,train
dish_1564516397,,36.809998,low,59.0,2.953,2.949,0.504,train
dish_1551380856,,128.62001,low,59.0,1.711,26.549999,3.54,train
dish_1550770699,,6.4,low,64.0,0.0,1.28,0.64,train
dish_1551563294,,32.200001,low,28.0,2.996,1.764,0.224,train
dish_1568132601,,375.643982,low,246.0,22.993999,20.84,22.01,train
dish_1551324284,,163.649994,low,189.0,6.411,6.214,21.464001,train
dish_1551135656,,15.98,low,47.0,0.329,3.196,0.329,train
dish_1574455483,,0.0,low,168.0,0.0,0.0,0.0,train
dish_1558028772,,64.0,low,192.0,0.253,15.76,1.208,train
dish_1551565096,,109.360001,low,81.0,3.384,8.934999,11.301,train
dish_1566931519,,130.130005,low,182.0,10.101001,10.556,2.73,train
dish_1565727765,,26.32,low,77.0,0.308,5.237,1.83,train
dish_1558638954,,89.010002,low,129.0,0.258,23.220001,0.903,train
dish_1563378690,,412.528015,medium,152.0,14.708,50.868004,19.396801,train
dish_1564086748,,443.77182,medium,339.0,16.095446,54.915268,23.56855,train
dish_1550861835,,251.519989,low,277.0,10.964,30.615997,10.466,train
dish_1550796058,,47.309998,low,83.0,0.249,11.62,0.581,train
dish_1571935085,,0.0,low,85.0,0.0,0.0,0.0,train
dish_1568405273,,386.199768,low,288.0,21.990467,14.979709,32.076679,train
dish_1562873838,,427.435638,medium,342.0,18.062237,11.143191,53.958912,train
dish_1562602687,,721.365173,medium,311.0,52.319649,32.215893,31.824261,train
dish_1573762622,,0.0,low,477.0,0.0,0.0,0.0,train
dish_1565194906,,451.795471,medium,839.0,5.20372,56.647617,42.000122,train
dish_1551375218,,109.209991,low,218.0,0.479,26.48,3.007,train
dish_1551233523,,43.600002,low,20.0,0.58,9.0,1.2,train
dish_1562702132,,245.385895,low,359.0,21.956066,15.755673,23.43635,train
dish_1558630932,,292.643982,low,265.0,17.381001,32.048,9.644,train
dish_1561061687,,508.347748,medium,408.0,24.082794,32.991673,41.733879,train
dish_1565034635,,124.089249,low,110.0,11.76551,4.257738,2.100204,train
dish_1550863381,,173.87999,low,218.0,0.582,45.09,2.103,train
dish_1563911215,,218.158203,low,170.0,6.710484,18.908087,20.238708,train
dish_1562703408,,311.209167,low,196.0,12.049189,32.833611,17.407734,train
dish_1565109606,,89.964882,low,94.0,2.292683,16.507318,0.917073,train
dish_1564690194,,500.918823,medium,430.0,34.428013,43.004883,42.087563,train
dish_1562691645,,285.670135,low,345.0,7.379634,35.017635,19.499733,train
dish_1565799663,,314.811707,low,591.0,2.991439,34.065559,34.432976,train
dish_1558641897,,116.709999,low,110.0,2.64,24.200001,3.41,train
dish_1559674689,,63.720001,low,177.0,0.177,15.93,0.885,train
dish_1559846688,,82.832451,low,73.0,7.752181,3.110637,1.291914,train
dish_1551137277,,202.639999,low,122.0,2.62,34.856003,9.404,train
dish_1563395415,,182.538498,low,187.0,5.808602,25.546873,7.82521,train
dish_1564429744,,282.477234,low,374.0,5.089361,49.256981,11.891616,train
dish_1572538087,,0.0,low,334.0,0.0,0.0,0.0,train
dish_1561997900,,84.599998,low,60.0,4.08,10.8,1.26,train
dish_1561737176,,403.182007,medium,117.0,31.941,4.914,22.581001,train
dish_1562615324,,258.315979,low,136.0,15.319679,13.705867,16.498249,train
dish_1559925083,,125.135506,low,81.0,4.271,16.966999,4.623,train
dish_1550777124,,5.3,low,53.0,0.0,1.06,0.53,train
dish_1574111587,,0.0,low,161.0,0.0,0.0,0.0,train
dish_1550772809,,54.149998,low,95.0,0.285,13.3,0.665,train
dish_1558641391,,19.719999,low,58.0,0.116,4.64,0.464,train
dish_1550713423,,8.2,low,82.0,0.0,1.64,0.82,train
dish_1559845637,,93.169998,low,121.0,0.121,20.57,2.42,train
dish_1560453174,,329.716248,low,256.0,18.145134,10.521854,32.1376,train
dish_1551228971,,61.389999,low,82.0,0.715,12.190001,2.178,train
dish_1551392271,,23.360001,low,32.0,1.536,0.608,2.56,train
dish_1575923584,,0.0,low,224.0,0.0,0.0,0.0,train
dish_1564515049,,431.635803,medium,611.0,26.765793,49.732021,34.224403,train
dish_1560973984,,171.213257,low,195.0,6.510186,25.909744,6.088271,train
dish_1561999624,,362.600006,low,245.0,26.950001,3.92,24.5,train
dish_1562613045,,166.112,low,207.0,1.793,18.285999,21.533998,train
dish_1551322988,,96.199997,low,74.0,0.222,20.719999,1.998,train
dish_1563479625,,202.649231,low,214.0,9.457832,15.650263,15.189233,train
dish_1568401199,,459.643372,medium,343.0,22.450722,24.832966,37.956963,train
dish_1561405008,,156.428101,low,134.0,8.249931,6.420062,14.763338,train
dish_1573760187,,0.0,low,388.0,0.0,0.0,0.0,train
dish_1562959599,,403.636139,medium,281.0,26.581678,28.355869,25.209208,train
dish_1562008979,,382.936646,low,290.0,22.224644,10.17357,35.345387,train
dish_1551381173,,69.760002,low,32.0,0.928,14.4,1.92,train
dish_1550777181,,55.860001,low,98.0,0.294,13.72,0.686,train
dish_1565727921,,768.554016,medium,397.0,54.055,27.247999,46.560001,train
dish_1558724689,,19.75,low,79.0,0.237,3.95,1.422,train
dish_1568313575,,57.940002,low,112.0,3.619,5.93,2.789,train
dish_1566587143,,354.399445,low,234.0,20.705935,16.010584,28.907421,train
dish_1558373008,,251.558014,low,73.0,19.929001,3.066,14.089001,train
dish_1550859622,,327.17804,low,144.0,21.368,15.198,17.483999,train
dish_1551395800,,90.68,low,118.0,0.212,20.57,1.964,train
dish_1576259732,,0.0,low,174.0,0.0,0.0,0.0,train
dish_1559149719,,432.125,medium,268.0,28.792999,8.894,31.711,train
dish_1551235669,,68.339996,low,17.0,5.61,0.221,4.25,train
dish_1550874191,,92.190002,low,132.0,10.509,4.632,14.812,train
dish_1566246573,,563.555054,medium,421.0,27.778999,14.719999,63.474003,train
dish_1576183111,,0.0,low,34.0,0.0,0.0,0.0,train
dish_1550778535,,53.600002,low,10.0,3.5,5.3,0.7,train
dish_1558635865,,20.159,low,19.0,0.456,4.18,0.589,train
dish_1571944507,,0.0,low,150.0,0.0,0.0,0.0,train
dish_1566851616,,300.7789,low,248.0,11.60261,36.141609,14.512781,train
dish_1559845745,,208.141998,low,322.0,0.322,51.121998,3.224,train
dish_1558116260,,433.575012,medium,75.0,37.125,17.025,16.800001,train
dish_1551141892,,5.04,low,18.0,0.072,0.954,0.396,train
dish_1558110478,,205.438995,low,161.0,6.801,27.931999,8.301001,train
dish_1558640039,,40.18,low,98.0,0.196,9.8,0.882,train
dish_1559233756,,189.850006,low,222.0,5.242,30.417999,6.142,train
dish_1565640227,,334.619995,low,165.0,13.427999,40.380001,14.4,train
dish_1562873002,,278.261444,low,307.0,16.097878,33.790199,20.872667,train
dish_1562617446,,291.190002,low,232.0,12.594,35.139999,11.216,train
dish_1551564543,,43.700001,low,38.0,4.066,2.394,0.304,train
dish_1565798558,,88.315727,low,109.0,7.178836,5.533271,1.954783,train
dish_1560543704,,140.009995,low,161.0,6.073,19.23,3.156,train
dish_1551565034,,7.79,low,19.0,0.038,1.9,0.171,train
dish_1560367085,,77.559998,low,183.0,2.669,10.636,4.983,train
dish_1559240216,,14.5,low,58.0,0.174,2.9,1.044,train
dish_1551139367,,77.75,low,105.0,1.863,9.42,6.735,train
dish_1559843715,,176.140015,low,334.0,0.542,44.450001,2.551,train
dish_1550875968,,13.940001,low,41.0,0.082,3.28,0.328,train
dish_1573679123,,0.0,low,152.0,0.0,0.0,0.0,train
dish_1566502061,,408.339417,medium,385.0,18.961866,33.701878,28.911758,train
dish_1559841950,,11.2,low,32.0,0.128,2.24,0.768,train
dish_1551565884,,25.08,low,44.0,0.132,6.16,0.308,train
dish_1551393113,,352.059998,low,58.0,31.320002,12.179999,11.6,train
dish_1563378029,,230.28508,low,290.0,5.357057,20.656301,21.454716,train
dish_1550712729,,317.032013,low,92.0,25.116001,3.864,17.756001,train
dish_1558725576,,19.75,low,79.0,0.237,3.95,1.422,train
dish_1567714780,,315.859985,low,218.0,6.823999,1.696,58.363998,train
dish_1565987142,,518.322998,medium,426.0,25.577,11.889,60.804001,train
dish_1551236827,,231.529999,low,175.0,11.709001,9.27,21.570999,train
dish_1558379128,,36.57,low,53.0,0.106,9.54,0.371,train
dish_1551565495,,76.090004,low,115.0,1.902,8.610001,7.337999,train
dish_1561579706,,284.444855,low,390.0,11.229327,23.337435,24.472879,train
dish_1551394835,,16.470001,low,27.0,0.135,4.05,0.297,train
dish_1558378553,,393.108002,low,68.0,33.66,15.436,15.232,train
dish_1573579635,,0.0,low,54.0,0.0,0.0,0.0,train
dish_1563295360,,275.891235,low,181.0,19.784878,7.296878,17.530245,train
dish_1561739719,,350.163513,low,637.0,4.590097,74.616135,10.199,train
dish_1550862993,,16.450001,low,35.0,0.035,4.2,0.315,train
dish_1565369971,,221.604736,low,134.0,15.695424,7.46375,13.27765,train
dish_1557937574,,5.59,low,13.0,0.065,1.196,0.182,train
dish_1561575661,,418.952423,medium,228.0,27.301857,7.507637,33.957542,train
dish_1561753075,,945.670715,high,668.0,47.436813,46.316841,82.687485,train
dish_1562774504,,335.363983,low,176.0,22.945,17.166,14.844001,train
dish_1551318183,,91.120003,low,17.0,5.95,9.009999,1.19,train
dish_1551563660,,76.489998,low,106.0,2.208,11.688,4.496,train
dish_1565379868,,560.774963,medium,434.0,22.945583,49.074287,38.934471,train
dish_1558639683,,16.02,low,89.0,0.178,3.471,0.801,train
dish_1566938059,,463.246582,medium,256.0,18.521538,38.330456,34.050964,train
dish_1558462531,,12.960001,low,72.0,0.144,2.808,0.648,train
dish_1558026714,,129.839996,low,24.0,10.08,0.336,8.88,train
dish_1558721931,,13.25,low,53.0,0.159,2.65,0.954,train
dish_1551303984,,46.0,low,92.0,0.092,11.959999,0.46,train
dish_1558641211,,3.28,low,8.0,0.016,0.8,0.072,train
dish_1562611580,,141.0,low,50.0,6.0,16.0,6.0,train
dish_1559843335,,25.410002,low,77.0,0.231,6.16,0.539,train
dish_1574359130,,0.0,low,111.0,0.0,0.0,0.0,train
dish_1561574623,,117.602783,low,152.0,4.01018,7.020422,13.90319,train
dish_1565194752,,322.893646,low,510.0,3.975512,25.826488,39.087803,train
dish_1558637214,,11.04,low,16.0,0.032,2.88,0.112,train
dish_1566588016,,472.233398,medium,374.0,21.992495,23.614738,42.93103,train
dish_1562775241,,140.360001,low,220.0,2.156,28.08,3.852,train
dish_1568145059,,112.340004,low,112.0,4.864,15.43,2.481,train
dish_1563305982,,273.63089,low,225.0,13.750449,14.913705,23.238264,train
dish_1563309315,,613.17688,medium,462.0,19.933886,13.225592,91.96595,train
dish_1564685144,,26.1625,low,50.0,1.29875,3.4125,0.8775,train
dish_1551314589,,123.020004,low,83.0,6.239,16.368999,2.387,train
dish_1563221054,,298.877594,low,170.0,17.89109,6.509885,26.901321,train
dish_1551492590,,357.932007,low,160.0,28.653,7.446,18.050001,train
dish_1558635994,,93.839996,low,136.0,0.272,24.480001,0.952,train
dish_1565033085,,15.4,low,55.0,0.22,2.915,1.21,train
dish_1551224380,,76.966003,low,29.0,1.218,12.267,3.915,train
dish_1550712524,,218.520004,low,36.0,19.440001,7.56,7.2,train
dish_1558468285,,12.32,low,44.0,0.176,2.332,0.968,train
dish_1567023262,,72.32,low,64.0,6.016,3.008,2.048,train
dish_1558719377,,73.839996,low,142.0,0.284,19.879999,0.426,train
dish_1563207332,,288.570007,low,241.0,13.714,25.257,14.800001,train
dish_1551134138,,194.339996,low,228.0,9.783,17.921999,9.641,train
dish_1551375366,,39.599998,low,40.0,0.12,0.08,9.599999,train
dish_1550859578,,327.178009,low,144.0,21.367998,15.198,17.483999,train
dish_1562873416,,52.360001,low,119.0,2.499,5.117,3.808,train
dish_1564516760,,442.728943,medium,329.0,19.221478,11.774262,52.757278,train
dish_1551389749,,57.199997,low,44.0,0.132,12.32,1.188,train
dish_1560444616,,265.871002,low,240.0,12.856999,24.958,12.831,train
dish_1563898107,,440.69339,medium,424.0,23.117477,34.801258,25.451927,train
dish_1558638844,,80.079994,low,154.0,0.308,21.559999,0.462,train
dish_1558116547,,74.879997,low,144.0,0.288,0.432,20.16,train
dish_1562790855,,739.376465,medium,507.0,67.884842,23.783417,78.431671,train
dish_1562097624,,77.586021,low,68.0,2.31068,12.609709,2.772815,train
dish_1565032748,,544.310486,medium,435.0,36.203651,28.482351,26.841993,train
dish_1551122662,,138.809998,low,221.0,1.525,27.610001,5.944,train
dish_1558723866,,14.75,low,59.0,0.177,2.95,1.062,train
dish_1568319769,,356.3573,low,151.0,20.433649,32.601284,10.701418,train
dish_1551567775,,77.445999,low,119.0,4.043,11.066999,1.124,train
dish_1567007751,,39.93,low,87.0,0.219,9.66,0.651,train
dish_1558637247,,117.770996,low,111.0,2.664,24.42,3.441,train
dish_1560787781,,108.628998,low,97.0,3.181,17.164,3.481,train
dish_1550861432,,26.789999,low,47.0,0.141,6.58,0.329,train
dish_1562963583,,138.320007,low,52.0,5.044,17.16,5.72,train
dish_1568233509,,748.140015,medium,422.0,40.144001,8.034,85.980003,train
dish_1563393244,,57.550003,low,280.0,0.519667,11.570667,3.229667,train
dish_1561753623,,159.310791,low,149.0,7.950614,5.45206,15.11546,train
dish_1562963289,,349.917969,low,180.0,12.685999,43.364002,15.52,train
dish_1563393148,,27.730003,low,118.0,0.432667,5.152667,1.730667,train
dish_1551391257,,130.349991,low,79.0,2.844,0.0,24.49,train
dish_1562949494,,68.545609,low,149.0,2.127585,12.325366,1.592659,train
dish_1564086624,,217.292999,low,131.0,6.574,34.455002,8.030001,train
dish_1562775275,,173.680008,low,318.0,2.352,35.919998,4.636,train
dish_1560455263,,360.679474,low,360.0,11.476776,31.163731,34.337601,train
dish_1550862217,,147.73999,low,166.0,0.498,38.18,1.826,train
dish_1558376483,,735.030029,medium,270.0,55.444,32.240002,33.301003,train
dish_1559245697,,163.716354,low,289.0,2.007221,36.953289,3.405009,train
dish_1558724723,,39.200001,low,112.0,0.448,7.84,2.688,train
dish_1551222225,,155.819992,low,136.0,1.929,32.470001,4.608,train
dish_1551374527,,96.050003,low,195.0,0.52,23.23,2.338,train
dish_1551313872,,64.400002,low,46.0,0.276,11.04,4.14,train
dish_1550706945,,90.860001,low,118.0,0.118,20.059999,2.36,train
dish_1565035715,,15.6,low,39.0,0.039,3.51,0.429,train
dish_1551122795,,87.720001,low,129.0,1.806,15.48,3.096,train
dish_1551318068,,31.679998,low,33.0,0.495,6.93,1.122,train
dish_1558114875,,74.360001,low,143.0,0.286,0.429,20.02,train
dish_1562009314,,99.567535,low,195.0,2.494945,17.291681,6.528783,train
dish_1565711270,,31.620001,low,93.0,0.186,7.44,0.744,train
dish_1563553756,,309.145813,low,124.0,21.251612,14.047483,16.136,train
dish_1572464329,,0.0,low,40.0,0.0,0.0,0.0,train
dish_1551323342,,153.990005,low,142.0,5.899,25.85,2.013,train
dish_1551142046,,151.919998,low,163.0,9.546,7.274,9.392,train
dish_1560203400,,293.279999,low,104.0,12.48,33.279999,12.48,train
dish_1561578461,,522.154663,medium,392.0,23.320644,36.607651,40.893784,train
dish_1560527745,,87.761002,low,149.0,0.596,5.364,14.900001,train
dish_1563910276,,375.94339,low,241.0,15.709352,11.068739,43.652462,train
dish_1563304958,,951.840942,high,614.0,34.427452,13.26985,141.707581,train
dish_1566501575,,251.693985,low,54.0,15.551999,26.892,3.348,train
dish_1564516483,,364.234009,low,374.0,21.987663,19.922529,44.513561,train
dish_1559319826,,45.029999,low,79.0,0.237,11.06,0.553,train
dish_1566589967,,381.661957,low,322.0,16.1381,13.400992,46.94825,train
dish_1564514906,,199.266052,low,178.0,20.85108,8.858501,25.466618,train
dish_1558029148,,38.880001,low,108.0,0.108,9.72,0.54,train
dish_1559240908,,60.16,low,128.0,0.128,15.36,1.152,train
dish_1550710402,,18.75,low,75.0,0.225,3.75,1.35,train
dish_1562614980,,566.146057,medium,485.0,28.809109,21.104092,57.345734,train
dish_1551395088,,26.879999,low,28.0,0.42,5.88,0.952,train
dish_1560529844,,91.68,low,168.0,0.3,22.296,1.278,train
dish_1550706705,,279.899994,low,323.0,5.703,6.15,49.262001,train
dish_1551237710,,182.5,low,73.0,10.950001,0.0,18.98,train
dish_1562183096,,41.18898,low,95.0,2.571043,3.28026,2.80497,train
dish_1562699612,,98.391266,low,74.0,2.671786,15.661942,2.793359,train
dish_1562871408,,271.34198,low,228.0,5.825483,44.73642,8.556257,train
dish_1551124591,,21.42,low,63.0,0.441,4.284,0.441,train
dish_1560543465,,33.880001,low,77.0,1.617,3.311,2.464,train
dish_1558115320,,173.430008,low,30.0,14.85,6.81,6.72,train
dish_1567785778,,303.507507,low,310.0,15.198483,32.629898,11.701199,train
dish_1551395396,,4.08,low,20.0,0.02,0.78,0.44,train
dish_1566499633,,161.386429,low,139.0,14.183504,8.426495,3.023964,train
dish_1551136315,,199.589996,low,170.0,13.434,12.315001,12.021999,train
dish_1563391922,,24.440001,low,104.0,0.381333,4.541334,1.525333,train
dish_1563996625,,342.701141,low,215.0,23.042091,8.849509,26.378635,train
dish_1566936297,,355.292206,low,266.0,23.922573,9.395162,44.923096,train
dish_1551226999,,196.180008,low,199.0,16.852999,18.18,25.248001,train
dish_1558459462,,58.650002,low,85.0,0.17,15.3,0.595,train
dish_1558632233,,122.604004,low,193.0,2.714,23.712,4.486,train
dish_1558110297,,29.07,low,51.0,0.153,7.14,0.357,train
dish_1562688382,,113.599998,low,71.0,7.1,2.13,9.94,train
dish_1564588820,,81.119995,low,156.0,0.312,1.092,15.6,train
dish_1561392632,,500.114899,medium,352.0,35.600468,19.517466,26.380598,train
dish_1551135363,,288.27002,low,200.0,13.785,34.935001,9.41,train
dish_1551236621,,192.5,low,77.0,11.55,0.0,20.019999,train
dish_1563822636,,237.019379,low,258.0,13.74615,10.662965,19.792339,train
dish_1564589366,,324.25,low,348.0,11.322001,30.289001,22.081001,train
dish_1558375886,,1050.511108,high,277.0,84.153,42.757,44.874004,train
dish_1560874726,,177.492004,low,145.0,4.96,28.462002,5.566,train
dish_1565640272,,377.820007,low,405.0,13.907999,49.740002,16.559999,train
dish_1558028142,,21.900002,low,73.0,0.073,5.548,0.438,train
dish_1551379478,,62.299999,low,70.0,0.21,16.1,0.77,train
dish_1559233627,,64.919998,low,12.0,5.04,0.168,4.44,train
dish_1563220109,,184.735962,low,174.0,7.398599,22.408951,8.018723,train
dish_1560203424,,451.753998,medium,138.0,22.271999,50.211998,14.587999,train
dish_1562173267,,409.570007,medium,171.0,27.119999,18.188,21.401001,train
dish_1551122871,,5.04,low,18.0,0.072,0.954,0.396,train
dish_1561661806,,183.475952,low,89.0,8.40041,9.825473,16.235809,train
dish_1562785159,,265.662659,low,315.0,27.1838,15.681798,32.891556,train
dish_1550793023,,26.860001,low,79.0,0.158,6.32,0.632,train
dish_1558721700,,19.040001,low,56.0,0.112,4.48,0.448,train
dish_1559245848,,59.689999,low,127.0,0.127,15.24,1.143,train
dish_1562010048,,407.132263,medium,199.0,24.372669,5.682851,38.990711,train
dish_1551490503,,178.904007,low,97.0,13.17,4.942,10.156,train
dish_1561148021,,361.765411,low,216.0,19.948797,23.611561,22.204132,train
dish_1560974769,,3943.325195,high,3051.0,10.976549,844.568604,83.749603,train
dish_1560453328,,340.108368,low,264.0,14.154275,10.659495,39.618752,train
dish_1561661552,,394.725677,low,325.0,11.388464,46.265839,25.610855,train
dish_1551233095,,3.08,low,14.0,0.042,0.462,0.434,train
dish_1562947503,,438.122009,medium,408.0,20.1,42.709999,21.657999,train
dish_1561654374,,326.35553,low,251.0,22.061356,13.121208,19.444277,train
dish_1574098245,,0.0,low,167.0,0.0,0.0,0.0,train
dish_1567020340,,93.588287,low,168.0,4.75317,11.47317,3.933659,train
dish_1559845370,,94.309998,low,139.0,0.245,21.51,2.144,train
dish_1562008813,,214.593262,low,225.0,15.571491,15.597978,6.029664,train
dish_1558122583,,46.969997,low,61.0,0.061,10.37,1.22,train
dish_1551392316,,6.12,low,30.0,0.03,1.17,0.66,train
dish_1566934487,,553.040955,medium,468.0,45.807755,40.849327,50.738335,train
dish_1563811412,,112.839996,low,217.0,0.434,1.519,21.700001,train
dish_1551381103,,217.880005,low,102.0,8.707001,27.549,9.472,train
dish_1564588567,,450.666016,medium,312.0,30.105001,5.274,35.943001,train
dish_1562945879,,174.425323,low,234.0,3.118645,34.353195,5.940001,train
dish_1563220087,,162.740005,low,98.0,6.424,19.859999,7.344,train
dish_1560443565,,260.679993,low,475.0,0.977,65.93,2.971,train
dish_1566333291,,549.755615,medium,439.0,21.439438,49.02037,41.324966,train
dish_1566419603,,382.924225,low,252.0,14.949174,47.499252,15.36515,train
dish_1551399293,,109.260002,low,18.0,9.72,3.78,3.6,train
dish_1561574428,,84.002373,low,172.0,5.07367,7.938416,3.987952,train
dish_1560788338,,71.268997,low,121.0,0.484,4.356,12.1,train
dish_1551390304,,39.650002,low,65.0,0.325,9.75,0.715,val
dish_1568055963,,36.799999,low,32.0,3.424,2.016,0.256,val
dish_1563827482,,894.521667,high,621.0,55.955669,24.548782,77.380013,val
dish_1562947409,,103.190002,low,190.0,0.424,25.869999,1.184,val
dish_1568405499,,562.269348,medium,419.0,29.853746,26.507204,45.23914,val
dish_1558460205,,1.84,low,8.0,0.032,0.288,0.232,val
dish_1558720133,,14.25,low,57.0,0.171,2.85,1.026,val
dish_1559242066,,26.053925,low,53.0,0.627052,5.227929,0.470893,val
dish_1565724050,,84.722847,low,72.0,7.981188,3.010693,1.382376,val
dish_1563477736,,277.047302,low,234.0,14.928542,15.535334,20.962175,val
dish_1551306452,,98.0,low,70.0,0.42,16.799999,6.3,val
dish_1550876969,,108.939995,low,57.0,8.67,3.971,4.84,val
dish_1559240987,,25.070757,low,51.0,0.60339,5.030649,0.453124,val
dish_1572376778,,0.0,low,120.0,0.0,0.0,0.0,val
dish_1551567141,,3.468,low,17.0,0.017,0.663,0.374,val
dish_1561740385,,99.374557,low,139.0,6.882791,9.440247,1.758757,val
dish_1558719040,,31.960001,low,94.0,0.188,7.52,0.752,val
dish_1572291695,,0.0,low,181.0,0.0,0.0,0.0,val
dish_1551375981,,19.25,low,55.0,0.22,3.85,1.32,val
dish_1562096512,,30.3396,low,25.0,2.738935,1.373378,0.492013,val
dish_1561578839,,362.154694,low,214.0,14.811577,43.354206,14.903948,val
dish_1563381461,,136.692001,low,36.0,10.115999,1.116,10.476,val
dish_1560787754,,72.639999,low,68.0,3.123,8.638,3.017,val
dish_1561580608,,20.25,low,81.0,0.243,4.05,1.458,val
dish_1561145732,,19.698,low,67.0,0.067,5.025,0.402,val
dish_1567106794,,102.338257,low,48.0,10.138825,1.695728,2.020698,val
dish_1558029923,,279.550995,low,200.0,9.596,38.301998,10.452001,val
dish_1551306561,,8.36,low,38.0,0.114,1.254,1.178,val
dish_1550778646,,160.119995,low,164.0,3.792,29.779999,2.936,val
dish_1565898128,,209.030762,low,134.0,8.73466,6.154403,24.271492,val
dish_1563220143,,425.514618,medium,327.0,13.39199,25.7894,49.082409,val
dish_1575478663,,0.0,low,220.0,0.0,0.0,0.0,val
dish_1568314823,,144.0,low,90.0,13.500001,8.1,1.8,val
dish_1561578441,,387.084412,low,309.0,18.797609,34.634628,20.267014,val
dish_1566933226,,245.449509,low,171.0,7.784025,19.447062,22.552277,val
dish_1560441311,,190.400009,low,93.0,11.382001,10.077999,11.379,val
dish_1565898590,,212.704514,low,257.0,9.768724,16.11227,16.043444,val
dish_1562009182,,306.229919,low,274.0,20.686609,10.74478,23.34761,val
dish_1562788568,,289.203369,low,230.0,11.735167,46.917168,11.430407,val
dish_1559846825,,252.700012,low,95.0,9.215,31.35,10.45,val
dish_1559593794,,450.561432,medium,380.0,25.549509,14.105441,40.378578,val
dish_1565024707,,299.297974,low,149.0,22.203999,2.894,21.394001,val
dish_1558461607,,87.629997,low,127.0,0.254,22.860001,0.889,val
dish_1551137091,,159.240005,low,60.0,2.52,25.380001,8.1,val
dish_1550708875,,248.87001,low,41.0,22.140001,8.61,8.2,val
dish_1558460061,,40.709999,low,59.0,0.118,10.620001,0.413,val
dish_1559149688,,281.454987,low,181.0,19.004999,2.172,22.625,val
dish_1558721484,,11.160001,low,62.0,0.124,2.418,0.558,val
dish_1563308428,,406.307678,medium,329.0,20.298132,28.675205,26.585045,val
dish_1574444158,,0.0,low,162.0,0.0,0.0,0.0,val
dish_1557861795,,13.64,low,31.0,0.651,1.333,0.992,val
dish_1550876055,,253.520004,low,207.0,4.455999,12.46,38.607998,val
dish_1560366460,,330.740997,low,255.0,20.443512,9.966405,27.0408,val
dish_1562094877,,234.576111,low,155.0,10.473826,3.634154,29.465502,val
dish_1558722748,,51.988998,low,49.0,1.176,10.78,1.519,val
dish_1561654392,,494.065491,medium,282.0,35.081356,13.55521,30.914278,val
dish_1564429235,,479.757751,medium,253.0,27.632151,26.621544,40.751778,val
dish_1566849387,,619.901978,medium,517.0,34.511002,21.535,60.082001,val
dish_1559751552,,227.313004,low,254.0,0.639,54.501999,2.885,val
dish_1563555543,,268.380005,low,280.0,14.559,21.466,13.845,val
dish_1563563317,,345.84198,low,252.0,22.701002,8.312,28.483,val
dish_1551313822,,18.269999,low,63.0,0.189,5.67,0.693,val
dish_1558639221,,24.5,low,98.0,0.294,4.9,1.764,val
dish_1558642420,,38.950001,low,95.0,0.19,9.5,0.855,val
dish_1559843492,,31.710001,low,95.0,0.303,7.42,0.971,val
dish_1565894858,,132.839996,low,27.0,6.75,17.549999,1.377,val
dish_1551491271,,43.5,low,30.0,1.8,0.45,6.3,val
dish_1563391959,,245.774109,low,315.0,24.884579,12.991465,29.050703,val
dish_1567107989,,140.139297,low,111.0,9.906542,10.88412,3.713354,val
dish_1558544663,,141.440002,low,208.0,2.912,24.959999,4.992,val
dish_1562615103,,94.288544,low,110.0,6.186012,8.580285,1.962835,val
dish_1558639195,,238.25,low,346.0,3.112,56.199997,4.554,val
dish_1551314360,,59.959999,low,137.0,0.221,16.119999,1.065,val
dish_1551567426,,142.449997,low,147.0,6.056,4.795,18.556,val
dish_1563822597,,59.400002,low,176.0,2.170667,7.626667,4.106667,val
dish_1560444724,,113.280006,low,343.0,0.513,28.49,1.885,val
dish_1550713566,,130.279999,low,187.0,4.62,2.799,20.27,val
dish_1551563550,,30.66,low,42.0,2.016,0.798,3.36,val
dish_1558723414,,51.988998,low,49.0,1.176,10.78,1.519,val
dish_1559243704,,116.116005,low,203.0,0.203,30.855999,0.812,val
dish_1563565454,,350.788818,low,322.0,22.686897,26.577688,22.234623,val
dish_1562617703,,179.630005,low,110.0,6.49,26.950001,4.51,val
dish_1563221086,,328.277618,low,254.0,18.227091,12.389885,28.917324,val
dish_1560367715,,597.531189,medium,305.0,26.680105,40.813663,44.518318,val
dish_1568061145,,187.053268,low,196.0,6.978137,23.153978,7.411788,val
dish_1551139260,,4.2,low,15.0,0.06,0.795,0.33,val
dish_1564170880,,348.557159,low,230.0,15.413,22.931355,28.944201,val
dish_1564514997,,381.110779,low,396.0,25.977457,40.343685,31.071066,val
dish_1550771387,,203.570007,low,141.0,14.122,5.374,13.842001,val
dish_1551490819,,434.032013,medium,181.0,32.631001,7.374,27.566002,val
dish_1563217968,,252.792709,low,244.0,12.477004,12.713421,23.076189,val
dish_1568401064,,787.709961,medium,572.0,31.225998,18.445999,108.667999,val
dish_1558027164,,162.299988,low,30.0,12.599999,0.42,11.1,val
dish_1565728453,,293.899658,low,140.0,11.317793,17.91408,28.208755,val
dish_1562611522,,132.949997,low,50.0,4.7,16.75,5.6,val
dish_1565897569,,324.913513,low,150.0,21.174665,5.554203,28.6933,val
dish_1567526785,,378.25,low,539.0,6.966,26.730999,44.599998,val
dish_1558632475,,118.832001,low,112.0,2.688,24.639999,3.472,val
dish_1563827454,,86.570007,low,248.0,3.301333,10.737333,6.029334,val
dish_1562956486,,103.660004,low,142.0,6.816,2.698,11.36,val
dish_1564773976,,516.089478,medium,463.0,22.14978,26.4142,52.714333,val
dish_1567537280,,733.018555,medium,404.0,34.708237,51.064735,51.275162,val
dish_1568314907,,481.169434,medium,281.0,29.956467,15.702341,38.063328,val
dish_1573073741,,0.0,low,327.0,0.0,0.0,0.0,val
dish_1561405934,,287.331848,low,243.0,11.362256,21.346516,25.268143,val
dish_1563897369,,117.013657,low,179.0,2.395512,23.020489,1.591805,val
dish_1551567694,,30.0,low,60.0,0.06,7.8,0.3,val
dish_1551565464,,19.74,low,42.0,0.042,5.04,0.378,val
dish_1568318408,,907.119995,high,563.0,43.207996,9.174999,117.905998,val
dish_1560543625,,560.300903,medium,554.0,30.885406,32.192524,64.666275,val
dish_1560366963,,7.56,low,42.0,0.084,1.638,0.378,val
dish_1563476267,,237.710983,low,51.0,14.688,25.398001,3.162,val
dish_1563221640,,469.186188,medium,364.0,19.881496,39.257435,34.722008,val
dish_1572540136,,0.0,low,46.0,0.0,0.0,0.0,val
dish_1563811515,,298.119385,low,491.0,6.723951,29.81105,27.34178,val
dish_1565898331,,155.993118,low,100.0,6.518404,4.592838,18.113056,val
dish_1561996647,,499.745972,medium,330.0,31.757,26.397999,27.354,val
dish_1558636902,,38.950001,low,95.0,0.19,9.5,0.855,val
dish_1567023375,,248.566406,low,268.0,19.267872,8.701454,15.367283,val
dish_1565724588,,266.720245,low,410.0,12.287975,35.882977,6.973049,val
dish_1565034281,,228.459991,low,306.0,9.433001,32.330002,5.901,val
dish_1563827086,,199.044998,low,175.0,7.69,23.585001,10.0,val
dish_1551375480,,99.169998,low,176.0,0.451,14.42,10.649,val
dish_1564168695,,385.007996,low,78.0,34.163998,0.0,18.018,val
dish_1551233248,,131.179993,low,103.0,3.357,14.752,10.469,val
dish_1560799113,,98.420006,low,37.0,3.589,12.21,4.07,val
dish_1563551164,,339.756073,low,270.0,8.327854,46.757149,17.756741,val
dish_1568144612,,27.299999,low,78.0,0.312,5.46,1.872,val
dish_1563381680,,32.459999,low,6.0,2.52,0.084,2.22,val
dish_1551228355,,38.639999,low,28.0,0.588,7.0,1.26,val
dish_1562790775,,75.686295,low,40.0,7.803151,1.519515,0.394182,val
dish_1572021506,,0.0,low,193.0,0.0,0.0,0.0,val
dish_1571946303,,0.0,low,189.0,0.0,0.0,0.0,val
dish_1560800988,,314.865662,low,230.0,5.115041,61.249092,11.727562,val
dish_1576258657,,0.0,low,168.0,0.0,0.0,0.0,val
dish_1561749750,,330.527924,low,315.0,15.101814,15.041821,32.766495,val
dish_1550860107,,211.430008,low,222.0,10.358999,19.532001,10.605,val
dish_1551223195,,143.31601,low,54.0,2.268,22.842001,7.29,val
dish_1563306392,,477.465118,medium,288.0,13.979971,5.710499,77.775475,val
dish_1550876467,,159.470001,low,111.0,7.681001,7.23,16.559,val
dish_1567542953,,542.496338,medium,354.0,21.49774,56.767731,30.133644,val
dish_1563395374,,158.333496,low,84.0,5.430935,21.049206,6.314544,val
dish_1561062286,,256.359406,low,167.0,8.381912,24.109251,18.915199,val
dish_1573760161,,0.0,low,48.0,0.0,0.0,0.0,val
dish_1564675157,,208.928787,low,284.0,4.172829,42.405174,2.354732,val
dish_1559674074,,140.980011,low,53.0,5.141,17.49,5.83,val
dish_1551491179,,334.262024,low,97.0,26.481001,4.074,18.721001,val
dish_1551492252,,69.0,low,60.0,6.42,3.78,0.48,val
dish_1551233210,,131.179993,low,103.0,3.357,14.752,10.469,val
dish_1561578344,,144.255859,low,86.0,6.570766,15.91366,5.528702,val
dish_1550707914,,11.89,low,29.0,0.058,2.9,0.261,val
dish_1564415293,,78.479996,low,82.0,2.0,14.400001,0.8,val
dish_1563563492,,192.370255,low,176.0,8.663634,21.364147,8.011463,val
dish_1566328724,,275.549988,low,167.0,6.012,0.0,51.77,val
dish_1561741174,,245.839996,low,113.0,18.629999,1.768,16.700001,val
dish_1560798854,,455.506744,medium,372.0,19.443832,50.673687,23.491779,val
dish_1564777986,,372.230896,low,221.0,18.809,21.323952,28.163883,val
dish_1551394614,,23.5,low,50.0,0.05,6.0,0.45,val
dish_1568143252,,106.020744,low,91.0,9.121861,5.438138,2.433772,val
dish_1559239912,,60.16,low,128.0,0.128,15.36,1.152,val
dish_1561752035,,454.936401,medium,374.0,19.571791,26.458132,41.192177,val
dish_1551563429,,317.886017,low,126.0,25.141001,6.766,16.001001,val
dish_1560443537,,237.639999,low,411.0,0.913,60.169998,2.651,val
dish_1551378054,,303.5,low,50.0,27.000002,10.5,10.0,val
dish_1559845399,,107.18,low,178.0,0.362,24.630001,2.417,val
dish_1551232748,,170.290009,low,199.0,12.664,7.755001,26.374001,val
dish_1551391477,,19.25,low,55.0,0.22,3.85,1.32,val
dish_1551378996,,122.933998,low,263.0,2.108,26.019001,4.881,val
dish_1567526814,,408.25,medium,639.0,7.166,34.331001,45.199997,val
dish_1551494058,,108.099998,low,94.0,10.058,5.922,0.752,val
dish_1565118729,,435.493286,medium,248.0,24.26512,9.017551,41.902988,val
dish_1551390528,,15.75,low,63.0,0.189,3.15,1.134,val
dish_1558629398,,21.76,low,64.0,0.448,4.352,0.448,val
dish_1558373405,,13.6,low,40.0,0.08,3.2,0.32,val
dish_1558113477,,289.050018,low,50.0,24.75,11.35,11.200001,val
dish_1561665065,,387.798126,low,303.0,15.23173,14.161219,47.426922,val
dish_1550795856,,44.650002,low,95.0,0.095,11.4,0.855,val
dish_1560453380,,411.388397,medium,480.0,15.234276,25.491495,41.922752,val
dish_1557863170,,129.820007,low,142.0,11.426001,8.233999,2.266,val
dish_1551375933,,71.5,low,55.0,0.165,15.4,1.485,val
dish_1561996859,,227.330719,low,295.0,7.503926,25.222927,15.930146,val
dish_1572278972,,0.0,low,181.0,0.0,0.0,0.0,val
dish_1571932375,,0.0,low,117.0,0.0,0.0,0.0,val
dish_1551375783,,145.819992,low,166.0,6.952,7.116,13.907999,val
dish_1560367193,,131.041962,low,317.0,6.488616,15.907618,12.104685,val
dish_1551566421,,23.980001,low,11.0,0.319,4.95,0.66,val
dish_1561665706,,386.348969,low,228.0,8.67,61.510002,18.429001,val
dish_1558723695,,95.489998,low,90.0,2.16,19.799999,2.79,val
dish_1563305948,,207.360931,low,178.0,10.554449,6.453704,22.251265,val
dish_1566414412,,920.120422,high,658.0,37.812386,57.062336,85.334846,val
dish_1565638515,,198.970978,low,165.0,10.759086,8.950356,16.704958,val
dish_1563381706,,94.562546,low,49.0,4.994528,9.698151,2.747359,val
dish_1566419546,,306.436981,low,177.0,11.235999,37.687,13.904,val
dish_1559233102,,183.520004,low,124.0,13.64,1.984,12.400001,val
dish_1550860307,,43.279999,low,8.0,3.36,0.112,2.96,val
dish_1565383128,,600.278931,medium,456.0,39.396999,14.009,50.022999,val
dish_1558629878,,73.839996,low,142.0,0.284,19.879999,0.426,val
dish_1563393182,,35.230003,low,193.0,0.432667,6.652667,2.480667,val
dish_1550862272,,25.08,low,44.0,0.132,6.16,0.308,val
dish_1558642021,,228.899994,low,421.0,3.317,52.488003,5.78,val
dish_1564514953,,249.899155,low,281.0,22.069691,19.018438,26.381748,val
dish_1562169818,,346.819672,low,275.0,22.768761,16.997473,19.754049,val
dish_1563984771,,582.809204,medium,388.0,38.258389,17.855515,41.124001,val
dish_1551227581,,12.400001,low,31.0,0.062,2.79,0.62,val
dish_1563566626,,62.099998,low,54.0,5.778,3.402,0.432,val
dish_1558372433,,74.360001,low,143.0,0.286,0.429,20.02,val
dish_1565711296,,43.349998,low,110.0,0.22,10.5,0.863,val
dish_1558114145,,57.27,low,83.0,0.166,14.940001,0.581,val
dish_1572540876,,0.0,low,65.0,0.0,0.0,0.0,val
dish_1551138237,,138.938004,low,7974.0,1.692,27.547001,4.559,val
dish_1560455158,,69.12085,low,55.0,5.892522,3.531324,1.433316,val
dish_1565021104,,291.309021,low,197.0,13.953,25.591002,16.747002,val
dish_1551136396,,199.589996,low,170.0,13.434,12.315001,12.021999,val
dish_1562602832,,144.182281,low,188.0,5.482155,15.514251,9.786214,val
dish_1559239753,,26.545507,low,54.0,0.638884,5.326569,0.479778,val
dish_1561392410,,187.296005,low,84.0,14.055,4.452,10.635,val
dish_1558640593,,60.32,low,116.0,0.232,16.24,0.348,val
dish_1562875241,,479.689514,medium,275.0,16.303005,37.119999,44.287632,val
dish_1560961059,,268.459991,low,172.0,5.68,46.792999,7.6272,val
dish_1562691737,,485.67688,medium,700.0,11.722251,70.597321,27.926394,val
dish_1568404889,,247.288361,low,219.0,4.835492,45.123398,6.240405,val
dish_1567714875,,681.06897,medium,416.0,36.611,14.635,74.411995,val
dish_1561392386,,175.746002,low,51.0,13.923,2.142,9.843,val
dish_1558376212,,300.612,low,52.0,25.74,11.804,11.648001,val
dish_1562874250,,394.440033,low,393.0,42.48568,17.784489,43.569809,val
dish_1551389458,,2312.459961,high,7974.0,23.922001,717.660034,87.713997,val
dish_1550876376,,14.57,low,31.0,0.031,3.72,0.279,val
dish_1558639787,,24.75,low,99.0,0.297,4.95,1.782,val
dish_1560887435,,364.529053,low,171.0,13.398108,44.367718,16.457802,val
dish_1559245340,,22.610001,low,35.0,1.19,1.12,2.135,val
dish_1551303338,,91.0,low,65.0,0.39,15.599999,5.85,val
dish_1568318361,,540.820007,medium,341.0,35.215996,9.174999,49.085999,val
dish_1561148303,,119.654999,low,45.0,4.23,15.075001,5.04,val
dish_1551224001,,33.540001,low,78.0,0.234,7.02,2.652,val
dish_1550706283,,180.279999,low,181.0,2.799,31.116001,8.259001,val
dish_1573243053,,0.0,low,132.0,0.0,0.0,0.0,val
dish_1559844657,,122.110001,low,167.0,0.248,29.200001,2.287,val
dish_1563568148,,170.995789,low,225.0,18.531178,6.509641,19.747221,val
dish_1562602945,,308.372284,low,492.0,6.017155,45.249252,19.971214,val
dish_1559244649,,906.761047,high,455.0,40.265182,51.688858,83.275085,val
dish_1574280343,,0.0,low,71.0,0.0,0.0,0.0,val
dish_1550793300,,157.119995,low,220.0,0.517,36.419998,2.768,val
dish_1561049320,,102.789993,low,19.0,7.98,0.266,7.03,val
dish_1550785292,,12.6,low,45.0,0.18,2.385,0.99,val
dish_1558635523,,55.899998,low,43.0,0.129,12.04,1.161,val
dish_1563389548,,438.828003,medium,194.0,28.906,0.194,43.843998,val
dish_1563564797,,411.264465,medium,310.0,24.779562,30.171246,32.680634,val
dish_1560541760,,465.58374,medium,372.0,16.740324,13.392922,63.606739,val
dish_1550862495,,19.040001,low,56.0,0.392,3.808,0.392,val
dish_1558546434,,2.53,low,11.0,0.044,0.396,0.319,val
dish_1562945851,,91.26532,low,150.0,2.278645,17.553192,1.74,val
dish_1564518586,,361.413239,low,315.0,17.160767,32.758915,19.963291,val
dish_1565035746,,43.099998,low,149.0,0.369,9.01,2.409,val
dish_1562008394,,2.4,low,24.0,0.0,0.48,0.24,val
dish_1550773038,,20.65,low,59.0,0.236,4.13,1.416,val
dish_1563206409,,443.463837,medium,277.0,33.371906,4.392429,29.678574,val
dish_1551125357,,23.120001,low,68.0,0.476,4.624,0.476,val
dish_1565711083,,178.529999,low,33.0,13.86,0.462,12.21,val
dish_1563565323,,229.530243,low,152.0,10.840512,21.651379,14.405099,val
dish_1551390265,,92.400002,low,56.0,2.016,0.0,17.360001,val
dish_1566501293,,41.900002,low,56.0,2.812,4.338,0.538,val
dish_1562617470,,440.867065,medium,321.0,19.671377,37.176857,29.481651,val
dish_1566502537,,517.644226,medium,315.0,24.27223,34.292435,41.827816,val
dish_1564777933,,103.700996,low,39.0,3.666,13.065001,4.368,val
dish_1551233633,,95.150002,low,200.0,0.923,21.650002,2.673,val
dish_1550861670,,142.080002,low,96.0,10.559999,1.536,9.6,val
dish_1551224647,,131.039993,low,252.0,0.504,35.279999,0.756,val
dish_1560444931,,112.660004,low,200.0,3.982,16.460001,4.306,val
dish_1563216689,,235.208008,low,302.0,5.606515,13.58478,32.918709,val
dish_1568313676,,184.990005,low,214.0,6.136001,8.9,24.542,val
dish_1551134895,,119.019997,low,150.0,1.113,23.689999,5.065,val
dish_1562958775,,227.182785,low,251.0,11.121791,29.460529,3.690952,val
dish_1561576618,,57.924408,low,188.0,2.318721,8.419776,1.749612,val
dish_1558638983,,59.416,low,56.0,1.344,12.32,1.736,val
dish_1550771330,,102.120003,low,69.0,7.59,1.104,6.9,val
dish_1565034681,,323.553284,low,185.0,18.93251,29.18774,10.422204,val
dish_1562775212,,92.480003,low,136.0,1.904,16.32,3.264,val
dish_1563379494,,472.280975,medium,295.0,35.540478,4.677857,31.607143,val
dish_1568144774,,30.478174,low,62.0,0.733533,6.115691,0.550856,val
dish_1551304110,,39.599998,low,40.0,0.12,0.08,9.599999,val
dish_1563996656,,376.620392,low,284.0,23.858444,15.655681,26.991686,val
dish_1565021714,,381.171448,low,662.0,3.619805,39.628197,41.779121,val
dish_1558640238,,22.68,low,126.0,0.252,4.914,1.134,val
dish_1551563964,,50.599998,low,44.0,4.708,2.772,0.352,val
dish_1558630325,,751.541992,medium,269.0,58.078003,46.563999,27.081001,val
dish_1565640528,,38.546906,low,105.0,1.534471,5.717885,1.893478,val
dish_1568044581,,386.223419,low,696.0,3.966878,32.404121,48.129951,val
dish_1560456305,,26.391596,low,21.0,2.249872,1.348324,0.547266,val
dish_1558639362,,156.179001,low,342.0,1.42,37.420002,3.902,val
dish_1562783691,,421.686005,medium,423.0,23.877001,14.462999,40.517998,val
dish_1562784347,,315.988464,low,264.0,15.637626,39.655731,9.114595,val
dish_1550711788,,96.150002,low,255.0,4.593,7.8,9.608,val
dish_1562959570,,311.986237,low,216.0,22.161678,16.655867,23.844206,val
dish_1565207631,,64.405495,low,54.0,1.999056,8.169447,3.30245,val
dish_1551396309,,273.899994,low,77.0,20.150999,18.945,8.97,val
dish_1572625810,,0.0,low,199.0,0.0,0.0,0.0,val
dish_1550797791,,292.003998,low,167.0,17.58,19.098,14.083,val
dish_1560527070,,53.129997,low,69.0,0.069,11.73,1.38,val
dish_1562086595,,308.602997,low,324.0,15.132999,26.694,18.139999,val
dish_1558720427,,204.970001,low,358.0,2.776,47.360001,5.024,val
dish_1565023157,,379.034851,low,260.0,27.309677,8.572904,23.824001,val
dish_1560974707,,55.025124,low,60.0,2.003546,7.088692,2.992605,val
dish_1558458541,,294.830994,low,51.0,25.245001,11.577,11.424001,val
dish_1565023128,,41.594833,low,32.0,2.229677,4.924903,1.024,val
dish_1551374665,,86.330002,low,97.0,0.291,22.309999,1.067,val
dish_1550785481,,107.099998,low,119.0,15.469999,0.0,21.896,val
dish_1568143326,,306.131805,low,230.0,21.738684,12.966171,17.740976,val
dish_1550859356,,199.868011,low,58.0,15.834,2.436,11.194,val
dish_1562958721,,125.724831,low,167.0,3.698547,21.363926,2.161744,val
dish_1566419577,,323.704224,low,210.0,12.093174,39.939251,14.48315,val
dish_1566922978,,124.32,low,84.0,9.24,1.344,8.400001,val
dish_1559060055,,26.730001,low,81.0,0.243,6.48,0.567,val
dish_1561405389,,265.983459,low,223.0,8.393058,12.105439,34.985947,val
dish_1564159636,,487.873688,medium,134.0,37.411686,5.267181,31.4161,val
dish_1565721828,,129.225006,low,239.0,5.3935,18.909,2.8815,val
dish_1575481443,,0.0,low,85.0,0.0,0.0,0.0,val
dish_1564170923,,378.817108,low,319.0,15.813499,28.582855,31.213701,val
dish_1563555563,,398.220001,low,304.0,24.639,21.802,22.725,val
dish_1563294575,,485.90564,medium,562.0,17.121397,72.021111,15.064019,val
dish_1574455517,,0.0,low,192.0,0.0,0.0,0.0,val
dish_1551237814,,338.779999,low,158.0,13.132001,30.9,23.555,val
dish_1559062005,,113.909996,low,30.0,8.429999,0.93,8.73,val
dish_1551564947,,30.52,low,14.0,0.406,6.3,0.84,val
dish_1561392734,,84.239998,low,198.0,0.488,20.936001,1.28,val
dish_1562876709,,304.366852,low,186.0,10.964588,32.045166,24.279404,val
dish_1564601569,,208.098145,low,291.0,7.830707,31.273438,6.68656,val
dish_1558635400,,25.0,low,100.0,0.3,5.0,1.8,val
dish_1559158425,,2.99,low,13.0,0.052,0.468,0.377,val
dish_1551381990,,678.096008,medium,3324.0,3.324,129.636002,73.127998,val
dish_1565725123,,430.269989,medium,444.0,11.865999,19.185001,61.118999,val
dish_1568060461,,376.762451,low,304.0,20.058874,13.800014,34.890255,val
dish_1558375583,,386.134003,low,251.0,24.661001,5.224,37.497002,val
dish_1568144925,,147.212189,low,322.0,5.284533,24.261694,3.991857,val
dish_1572625898,,0.0,low,271.0,0.0,0.0,0.0,val
dish_1558724959,,581.441956,medium,426.0,36.466,57.004002,21.298,val
dish_1563910676,,757.957092,medium,501.0,34.776337,22.810631,82.056633,val
dish_1565984299,,93.343513,low,298.0,1.582832,18.693933,4.653013,val
dish_1559841870,,114.972008,low,201.0,0.201,30.551998,0.804,val
dish_1551304197,,155.600006,low,180.0,0.512,24.039999,14.559999,val
dish_1562875320,,603.858704,medium,377.0,21.93623,61.671753,47.572269,val
dish_1566413419,,285.830017,low,280.0,11.570001,11.296,36.287003,val
dish_1551566356,,228.690002,low,91.0,15.832,12.204,10.049001,val
dish_1550705786,,382.410004,low,63.0,34.02,13.23,12.6,val
dish_1563305354,,340.073578,low,208.0,18.281034,12.095403,29.667709,val
dish_1550777218,,115.450005,low,209.0,0.477,28.809999,1.887,val
dish_1574097565,,0.0,low,99.0,0.0,0.0,0.0,val
dish_1562691705,,412.67688,medium,554.0,11.57625,51.617321,27.196392,val
dish_1566934120,,183.993713,low,316.0,10.426615,9.686487,14.597677,val
dish_1551374746,,133.559998,low,267.0,0.804,35.34,3.361,val
dish_1550713174,,425.690033,medium,218.0,34.531002,19.782,17.199001,val
dish_1568405214,,144.255814,low,152.0,9.715363,9.62549,6.820557,val
dish_1562170331,,263.830017,low,400.0,5.293,54.537998,3.476,val
dish_1562690047,,68.642334,low,68.0,6.488747,2.514018,0.926227,val
dish_1563479568,,83.673561,low,82.0,5.109736,8.616775,2.329007,val
dish_1560453294,,115.954453,low,138.0,2.781752,5.698969,16.2197,val
dish_1558629041,,172.004013,low,226.0,8.396,13.712,10.954,val
dish_1560367733,,661.441162,medium,388.0,26.763107,54.923664,46.178318,val
dish_1550710715,,82.274002,low,31.0,1.302,13.113,4.185,val
dish_1550706891,,150.960007,low,102.0,11.22,1.632,10.2,val
dish_1550789860,,393.700012,low,236.0,22.716002,22.960001,38.310001,val
dish_1558380152,,74.360001,low,143.0,0.286,0.429,20.02,val
dish_1566414862,,94.470001,low,67.0,4.556,12.06,1.407,val
dish_1562602657,,610.365173,medium,236.0,44.069649,31.015892,24.324261,val
dish_1550789601,,62.099998,low,69.0,8.969999,0.0,12.696,val
dish_1562788794,,465.224457,medium,281.0,23.338419,35.742496,36.522697,val
dish_1568320338,,390.180786,low,163.0,17.414524,30.789936,25.454533,val
dish_1565898758,,612.990295,medium,612.0,12.797448,21.753021,98.402481,val
dish_1563563289,,331.901978,low,218.0,22.633001,4.912,28.177,val
dish_1566417442,,93.830536,low,158.0,6.675509,8.566475,1.890686,val
dish_1562947376,,36.5,low,73.0,0.073,9.49,0.365,val
dish_1565107092,,313.440002,low,444.0,10.176,3.882,44.400002,val
dish_1565898158,,240.425751,low,194.0,10.293161,10.249402,25.324493,val
dish_1551566887,,37.950001,low,33.0,3.531,2.079,0.264,val
dish_1561578865,,417.185303,medium,246.0,17.301928,49.707146,16.735947,val
dish_1565811287,,16.51,low,127.0,0.254,2.794,1.905,val
dish_1560368570,,555.932739,medium,452.0,39.187859,27.133636,46.5131,val
dish_1550706037,,549.02002,medium,193.0,39.813,29.040001,24.34,val
dish_1551233938,,49.300003,low,34.0,2.04,0.51,7.14,val
dish_1561578417,,289.794373,low,240.0,14.105609,22.214628,18.818014,val
dish_1550775363,,402.75,medium,166.0,30.093,28.190001,12.973,val
dish_1563998244,,259.479187,low,170.0,10.330991,16.383186,24.273895,val
dish_1558639138,,22.139999,low,54.0,0.108,5.4,0.486,val
dish_1565117990,,582.0,medium,380.0,12.681999,31.670002,80.834999,val
dish_1572984792,,0.0,low,315.0,0.0,0.0,0.0,val
dish_1562775110,,101.520004,low,282.0,0.282,25.380001,1.41,val
dish_1551314048,,27.84,low,29.0,0.435,6.09,0.986,val
dish_1550861903,,71.040001,low,48.0,5.28,0.768,4.8,val
dish_1562963676,,397.818726,low,350.0,16.247375,51.813423,12.388956,val
dish_1551234106,,140.180008,low,101.0,3.146,19.5,9.92,val
dish_1551565529,,76.090004,low,115.0,1.902,8.610001,7.337999,val
dish_1550707504,,125.800003,low,85.0,9.35,1.36,8.5,val
dish_1550862190,,28.559999,low,84.0,0.168,6.72,0.672,val
dish_1563897087,,102.440002,low,231.0,0.67,8.169001,15.196,val
dish_1560800918,,70.825645,low,40.0,3.925041,7.729096,1.983562,val
dish_1551378684,,25.370001,low,59.0,0.177,5.31,2.006,val
dish_1564086602,,130.291,low,49.0,4.606,16.415001,5.488,val
dish_1551388984,,4.284,low,21.0,0.021,0.819,0.462,val
dish_1566849233,,94.800003,low,117.0,7.33,7.94,2.48,val
dish_1565383026,,171.559998,low,287.0,14.031,12.198999,3.695,val
dish_1563997418,,608.703918,medium,400.0,43.175797,24.548904,34.666901,val
dish_1550795690,,68.119995,low,131.0,0.262,18.34,0.393,val
dish_1551395022,,70.949997,low,43.0,1.548,0.0,13.33,val
dish_1562873224,,261.856628,low,436.0,24.702576,16.689787,27.196226,val
dish_1563566674,,100.893005,low,88.0,6.93334,9.706854,1.818408,val
dish_1561749908,,377.262177,low,472.0,16.426279,22.846836,35.40324,val
dish_1565638550,,277.656799,low,215.0,12.71771,10.055079,30.124464,val
dish_1566587689,,196.84697,low,270.0,7.475343,15.383455,18.580095,val
dish_1565972591,,195.199997,low,122.0,12.2,3.66,17.08,val
dish_1551236775,,231.529999,low,175.0,11.709001,9.27,21.570999,val
dish_1563381512,,636.131958,medium,332.0,38.148003,45.276001,27.028,val
dish_1551491020,,29.93,low,41.0,1.968,0.779,3.28,val
dish_1551568156,,54.400002,low,80.0,1.12,9.599999,1.92,val
dish_1566936352,,424.292206,medium,368.0,24.178576,23.495167,47.759106,val
dish_1566931548,,154.980011,low,253.0,10.385001,15.525999,4.434,val
dish_1563464627,,310.5,low,115.0,9.2,46.345001,10.718,val
dish_1566499564,,42.549999,low,37.0,3.959,2.331,0.296,val
dish_1576171157,,0.0,low,132.0,0.0,0.0,0.0,val
dish_1551391379,,196.809998,low,197.0,3.122,6.4,34.722,val
dish_1560356314,,30.544943,low,27.0,2.913618,0.948529,0.575824,val
dish_1551488415,,4.7,low,10.0,0.01,1.2,0.09,val
dish_1560975572,,96.990005,low,159.0,2.158,16.068001,5.584,val
dish_1567629081,,239.309998,low,90.0,8.46,30.150002,10.08,val
dish_1565020867,,255.804886,low,325.0,6.230683,35.736317,13.901073,val
dish_1562169729,,25.530136,low,50.0,0.639729,4.433764,1.674047,val
dish_1563824092,,36.279591,low,135.0,0.989033,6.352623,1.444974,val
dish_1550862908,,27.360001,low,48.0,0.144,6.72,0.336,val
dish_1573849990,,0.0,low,373.0,0.0,0.0,0.0,val
dish_1563389114,,86.534439,low,148.0,4.405479,11.310716,2.577627,val
dish_1568405405,,83.715767,low,74.0,7.985471,2.599673,1.578183,val
dish_1558380414,,35.880001,low,52.0,0.104,9.360001,0.364,val
dish_1564605328,,541.238098,medium,349.0,25.873276,57.831768,20.289171,val
dish_1558724932,,416.231995,medium,72.0,35.639999,16.344,16.128,val
dish_1559593722,,140.562927,low,106.0,12.200334,6.836887,2.779168,val
dish_1562605411,,336.492828,low,363.0,18.620287,26.050266,17.566744,val
dish_1550790511,,69.689995,low,113.0,6.803999,5.466,10.255,val
dish_1563909469,,72.402824,low,64.0,6.906353,2.248366,1.364915,val
dish_1562010293,,633.833069,medium,404.0,37.303101,13.270199,59.485043,val
dish_1551135415,,288.27002,low,200.0,13.785,34.935001,9.41,val
dish_1561737223,,503.782013,medium,334.0,32.519001,10.969001,38.809002,val
dish_1558724992,,456.699005,medium,79.0,39.105,17.933001,17.696001,val
dish_1560543605,,485.570892,medium,501.0,27.281401,22.652529,63.553284,val
dish_1557937157,,355.25,low,271.0,22.122999,14.700001,24.341999,val
dish_1550712556,,6.3,low,63.0,0.0,1.26,0.63,val
dish_1551493236,,46.799999,low,36.0,0.108,10.08,0.972,val
dish_1566328894,,236.650986,low,89.0,8.366,29.815001,9.968,val
dish_1573156908,,0.0,low,123.0,0.0,0.0,0.0,val
dish_1558725734,,30.75,low,75.0,0.15,7.5,0.675,val
dish_1551379331,,35.639999,low,36.0,0.108,0.072,8.639999,val
dish_1571944214,,0.0,low,225.0,0.0,0.0,0.0,val
dish_1566330428,,290.690887,low,228.0,15.530232,8.83951,27.576401,val
dish_1565020926,,398.496124,low,489.0,10.379284,56.515961,21.472317,val
dish_1563996509,,365.184875,low,316.0,17.874498,19.300793,32.752163,val
dish_1558722665,,15.0,low,60.0,0.18,3.0,1.08,val
dish_1550796763,,68.730003,low,153.0,0.279,17.559999,0.991,val
dish_1558638163,,40.59,low,99.0,0.198,9.900001,0.891,val
dish_1562702813,,41.051445,low,59.0,3.469702,2.070021,0.977894,val
dish_1567106870,,504.820892,medium,211.0,27.284149,38.667736,25.230873,val
dish_1563996308,,718.51178,medium,659.0,22.656111,28.793682,98.594513,val
dish_1566501447,,286.76001,low,349.0,4.0,13.325001,48.039997,val
dish_1563389742,,569.417969,medium,556.0,29.556002,30.394001,48.338997,val
dish_1573579355,,0.0,low,36.0,0.0,0.0,0.0,val
dish_1568316085,,378.53714,low,258.0,25.866344,7.767013,29.707369,val
dish_1560973936,,75.243256,low,44.0,5.829186,6.022747,1.078271,val
dish_1551234046,,140.180008,low,101.0,3.146,19.5,9.92,val
dish_1568144643,,352.224365,low,212.0,22.987045,10.798034,27.062534,val
dish_1558459664,,383.055969,low,273.0,18.390999,48.411999,11.629001,val
dish_1564588719,,222.278015,low,81.0,16.299,6.366,11.681,val
dish_1561661500,,374.775665,low,268.0,11.160464,42.275837,24.242857,val
dish_1550772617,,229.589996,low,225.0,13.122,15.45,13.708,val
dish_1551389588,,2400.780029,high,133.0,27.552002,732.300049,90.181999,val
dish_1551567106,,224.590012,low,37.0,19.980001,7.77,7.4,val
dish_1560368110,,16.02,low,89.0,0.178,3.471,0.801,val
dish_1550792365,,74.440002,low,175.0,0.362,18.219999,1.855,val
dish_1574357682,,0.0,low,68.0,0.0,0.0,0.0,val
dish_1551233827,,212.843994,low,156.0,4.68,27.708,15.612,val
dish_1560799277,,111.020004,low,73.0,3.733,14.73,4.934,val
dish_1562785328,,133.92334,low,91.0,8.950898,12.527754,2.922612,val
dish_1574193316,,0.0,low,275.0,0.0,0.0,0.0,val
dish_1572278894,,0.0,low,61.0,0.0,0.0,0.0,val
dish_1559675234,,36.970001,low,120.0,0.271,8.135,2.075,val
dish_1551494035,,146.059998,low,67.0,1.943,30.15,4.02,val
dish_1566934401,,435.902863,medium,344.0,39.532818,26.532497,48.19104,val
dish_1566230222,,240.23999,low,462.0,0.924,3.234,46.200001,val
dish_1550772088,,39.899998,low,70.0,0.21,9.8,0.49,val
dish_1550712805,,291.360016,low,48.0,25.920002,10.08,9.6,val
dish_1563303386,,274.131439,low,218.0,9.224976,17.535269,29.455162,val
dish_1566931674,,990.989014,high,531.0,76.803001,23.140001,58.401997,val
dish_1550789255,,76.889999,low,156.0,5.904,8.178,8.924,val
dish_1567526845,,448.149994,medium,709.0,7.376,44.131001,45.689999,val
dish_1562949242,,139.558533,low,119.0,6.642195,14.655806,5.404878,val
dish_1564170098,,50.799999,low,67.0,3.459,5.166,0.641,val
dish_1560455421,,180.938934,low,189.0,14.689533,15.287749,12.075824,val
dish_1564773942,,491.939545,medium,442.0,19.902781,25.0912,52.546329,val
dish_1572278943,,0.0,low,96.0,0.0,0.0,0.0,val
dish_1558640563,,4.14,low,23.0,0.046,0.897,0.207,val
dish_1550785975,,256.73999,low,157.0,9.035001,23.899,17.773001,val
dish_1562010315,,671.106934,medium,477.0,38.237114,19.743494,61.929153,val
dish_1565711326,,296.092896,low,285.0,10.290755,49.627357,3.009226,val
dish_1565728634,,436.406616,medium,418.0,15.944897,41.951988,31.455549,val
dish_1561736715,,161.320007,low,109.0,11.99,1.744,10.900001,val
dish_1559838214,,43.279999,low,8.0,3.36,0.112,2.96,val
dish_1565728684,,493.299072,medium,464.0,21.302763,44.040031,32.248196,test
dish_1561406762,,17.205421,low,35.0,0.414091,3.452406,0.310967,test
dish_1562874049,,412.144989,medium,155.0,14.57,51.925003,17.360001,test
dish_1564427406,,305.370026,low,135.0,20.115,0.135,30.51,test
dish_1559843690,,61.740002,low,134.0,0.342,14.05,1.751,test
dish_1551316838,,21.5,low,50.0,0.15,4.5,1.7,test
dish_1563898055,,403.477386,medium,356.0,22.753477,25.969257,24.775927,test
dish_1562183201,,558.942383,medium,425.0,25.514025,66.247047,18.725252,test
dish_1565724269,,527.548767,medium,311.0,18.378778,41.778172,47.436829,test
dish_1562605315,,217.559998,low,147.0,16.17,2.352,14.7,test
dish_1565725095,,121.720001,low,257.0,5.134,19.185001,3.149,test
dish_1563568319,,604.323303,medium,347.0,28.784986,53.148632,37.726025,test
dish_1551394874,,66.25,low,114.0,1.913,10.734,3.627,test
dish_1563475921,,244.343323,low,348.0,6.723852,27.165054,19.799664,test
dish_1567023335,,138.336395,low,117.0,12.019873,5.832454,3.287284,test
dish_1550772701,,101.840004,low,19.0,6.65,10.07,1.33,test
dish_1551391586,,372.769989,low,133.0,29.458,15.241999,18.360001,test
dish_1564686791,,601.348572,medium,343.0,25.62047,40.114346,51.14151,test
dish_1566488928,,103.048294,low,147.0,2.219561,19.982441,1.327024,test
dish_1551322652,,18.85,low,65.0,0.195,5.85,0.715,test
dish_1560369102,,69.738571,low,121.0,5.188934,4.877475,2.574234,test
dish_1550797833,,292.003998,low,168.0,17.58,19.098,14.083,test
dish_1551491326,,475.442017,medium,192.0,35.541,5.58,31.621,test
dish_1551566464,,11.25,low,45.0,0.135,2.25,0.81,test
dish_1550710577,,88.059998,low,201.0,3.861,9.103001,7.13,test
dish_1560367333,,291.633301,low,427.0,13.564784,18.360016,33.176849,test
dish_1551564637,,17.15,low,49.0,0.196,3.43,1.176,test
dish_1562012076,,525.973816,medium,438.0,5.869118,100.683945,15.518004,test
dish_1550861187,,237.369995,low,335.0,0.945,60.200001,2.877,test
dish_1560800951,,102.825645,low,168.0,4.309042,14.129096,4.287562,test
dish_1558720236,,887.823059,high,407.0,66.440002,60.460999,31.913002,test
dish_1565812146,,72.94017,low,93.0,4.27988,8.859468,1.148946,test
dish_1565641915,,326.76474,low,190.0,11.121214,43.051056,13.516641,test
dish_1566230377,,433.749969,medium,772.0,4.375,42.874001,49.589005,test
dish_1563820834,,308.89444,low,311.0,7.87748,23.031401,35.561859,test
dish_1562613010,,90.271996,low,128.0,0.608,1.696,18.848,test
dish_1560356355,,301.606934,low,148.0,15.277617,28.402531,12.777824,test
dish_1572988785,,0.0,low,107.0,0.0,0.0,0.0,test
dish_1562950934,,304.218536,low,464.0,4.152195,27.527805,33.404877,test
dish_1551375443,,99.169998,low,177.0,0.451,14.42,10.649,test
dish_1564691380,,96.261002,low,111.0,2.743,18.35,2.903,test
dish_1550778619,,38.759998,low,68.0,0.204,9.52,0.476,test
dish_1564689138,,268.266998,low,223.0,21.973553,15.522832,5.801213,test
dish_1551390560,,113.979996,low,215.0,3.137,19.119001,6.314,test
dish_1564429270,,605.507202,medium,354.0,39.626583,30.81835,43.046116,test
dish_1560455380,,60.97168,low,78.0,4.982589,3.574773,1.747126,test
dish_1562790824,,437.071686,medium,368.0,49.829514,19.273878,49.859921,test
dish_1565021220,,543.713135,medium,361.0,29.981041,41.561977,27.555956,test
dish_1562181217,,546.484497,medium,199.0,36.503475,11.240341,41.379761,test
dish_1561060558,,194.199005,low,221.0,6.213,27.127001,10.253,test
dish_1562095340,,718.957397,medium,381.0,37.595329,72.492676,25.508715,test
dish_1565640195,,21.6,low,54.0,0.108,4.86,1.08,test
dish_1567612954,,148.346344,low,155.0,3.780488,27.219513,1.512195,test
dish_1551390758,,58.860001,low,27.0,0.783,12.15,1.62,test
dish_1566501258,,12.0,low,30.0,0.03,2.7,0.33,test
dish_1558026623,,29.880001,low,83.0,0.083,7.47,0.415,test
dish_1558721669,,24.25,low,97.0,0.291,4.85,1.746,test
dish_1558549413,,682.15802,medium,118.0,58.41,26.785999,26.432001,test
dish_1551390382,,147.100006,low,165.0,2.513,12.76,19.107,test
dish_1564427430,,345.620026,low,170.0,23.860001,2.34,30.790001,test
dish_1568044496,,35.400002,low,118.0,0.236,8.967999,0.708,test
dish_1562790321,,767.469849,medium,354.0,53.016029,39.829521,37.471909,test
dish_1551567329,,101.5,low,70.0,4.2,1.05,14.7,test
dish_1566242273,,550.009949,medium,521.0,11.134001,15.791,92.493996,test
dish_1562874203,,362.521729,low,332.0,40.901203,13.621237,42.49926,test
dish_1559678651,,107.856659,low,122.0,9.32781,7.949951,10.966075,test
dish_1551303770,,64.919998,low,12.0,5.04,0.168,4.44,test
dish_1558722103,,304.841003,low,368.0,16.072001,38.445,9.517,test
dish_1559844928,,66.220001,low,86.0,0.086,14.62,1.72,test
dish_1558028194,,228.050003,low,172.0,11.903999,18.01,12.218,test
dish_1550790042,,393.700012,low,236.0,22.716,22.960001,38.309998,test
dish_1551380910,,4.84,low,22.0,0.066,0.726,0.682,test
dish_1557937427,,26.434999,low,17.0,1.785,0.204,2.125,test
dish_1560445004,,339.5979,low,290.0,21.015444,24.439625,14.747491,test
dish_1560799368,,108.403069,low,53.0,6.012894,1.962151,10.820528,test
dish_1565107066,,127.279999,low,86.0,9.46,1.376,8.6,test
dish_1571946063,,0.0,low,218.0,0.0,0.0,0.0,test
dish_1564518542,,342.378204,low,234.0,16.863768,29.221918,18.77529,test
dish_1551233375,,19.25,low,55.0,0.22,3.85,1.32,test
dish_1566849208,,19.6,low,70.0,0.28,3.71,1.54,test
dish_1564588533,,236.06601,low,167.0,14.155001,2.954,21.443001,test
dish_1565020796,,90.599998,low,99.0,3.542,0.749,12.06,test
dish_1558030910,,81.149994,low,15.0,6.3,0.21,5.55,test
dish_1559238566,,62.130001,low,109.0,0.327,15.26,0.763,test
dish_1550859927,,121.360001,low,82.0,9.02,1.312,8.2,test
dish_1551234316,,22.040001,low,89.0,0.227,4.221,1.873,test
dish_1573491352,,0.0,low,164.0,0.0,0.0,0.0,test
dish_1563468362,,411.686035,medium,598.0,9.998622,58.30032,23.599888,test
dish_1562871363,,245.872986,low,140.0,4.697,41.785004,7.775,test
dish_1551382115,,59.799999,low,46.0,0.138,12.88,1.242,test
dish_1567022180,,48.860001,low,162.0,0.324,11.146,2.052,test
dish_1560444815,,495.119995,medium,571.0,26.717999,40.627998,25.66,test
dish_1559590157,,230.485992,low,234.0,5.829,5.047,38.512001,test
dish_1558115241,,85.470001,low,111.0,0.111,18.870001,2.22,test
dish_1551377177,,91.800003,low,147.0,0.289,10.209,13.539999,test
dish_1560543583,,254.657333,low,350.0,22.387531,18.003635,24.094866,test
dish_1550778583,,67.759995,low,88.0,0.088,14.96,1.76,test
dish_1551392701,,125.589996,low,111.0,7.965,8.582,7.713,test
dish_1551237778,,102.460007,low,47.0,1.363,21.15,2.82,test
dish_1561580322,,44.25,low,76.0,1.228,6.672,2.662,test
dish_1551123396,,32.5,low,65.0,0.065,8.45,0.325,test
dish_1562173175,,165.366608,low,163.0,7.169495,13.684191,12.646373,test
dish_1559846450,,114.972008,low,201.0,0.201,30.551998,0.804,test
dish_1560444785,,313.079987,low,448.0,13.188,38.66,13.360001,test
dish_1551563370,,6.56,low,16.0,0.032,1.6,0.144,test
dish_1573492999,,0.0,low,113.0,0.0,0.0,0.0,test
dish_1551379524,,23.120001,low,68.0,0.136,5.44,0.544,test
dish_1563813395,,371.862915,low,193.0,24.723194,16.471661,21.557278,test
dish_1550781372,,94.629997,low,182.0,0.646,20.094,3.393,test
dish_1557937758,,106.782997,low,128.0,2.262,18.932001,3.53,test
dish_1550875293,,144.720001,low,36.0,11.88,0.468,9.0,test
dish_1562700496,,31.0,low,124.0,0.372,6.2,2.232,test
dish_1551389118,,36.799999,low,23.0,3.45,2.07,0.46,test
dish_1559700851,,61.089886,low,54.0,5.827236,1.897059,1.151647,test
dish_1558029686,,119.019997,low,22.0,9.24,0.308,8.14,test
dish_1551237607,,53.82,low,39.0,0.819,9.75,1.755,test
dish_1560541793,,509.826233,medium,462.0,17.805128,22.27054,64.406372,test
dish_1563567319,,398.630829,low,382.0,45.994236,12.98934,52.497948,test
dish_1565382856,,446.326233,medium,294.0,19.171455,52.541916,18.301077,test
dish_1551226013,,27.52,low,64.0,0.192,5.76,2.176,test
dish_1551141779,,134.779999,low,148.0,8.978,15.190001,14.114,test
dish_1551490896,,12.599999,low,36.0,0.144,2.52,0.864,test
dish_1564761426,,207.569,low,202.0,2.344,29.738001,15.059,test
dish_1564086778,,645.801453,medium,437.0,25.345335,65.734329,41.446186,test
dish_1560801859,,428.704285,medium,262.0,20.070465,33.458454,28.334389,test
dish_1551381661,,93.740005,low,43.0,1.247,19.35,2.58,test
dish_1550785876,,145.0,low,58.0,8.700001,0.0,15.08,test
dish_1562960472,,139.970001,low,166.0,6.729,16.591,4.553,test
dish_1563550584,,75.399994,low,145.0,0.29,1.015,14.5,test
dish_1551565379,,40.600002,low,28.0,1.68,0.42,5.88,test
dish_1551142547,,189.929993,low,216.0,4.171,23.195,15.785,test
dish_1561661972,,12.09,low,39.0,0.039,2.73,0.702,test
dish_1564588889,,234.494431,low,346.0,5.021447,22.387161,24.059095,test
dish_1566246478,,291.700012,low,210.0,6.28,2.12,53.580002,test
dish_1551222712,,21.93,low,51.0,0.153,4.59,1.734,test
dish_1564588483,,175.746002,low,51.0,13.923,2.142,9.843,test
dish_1551566130,,360.958008,low,206.0,24.142,18.605999,17.746,test
dish_1551223346,,229.416016,low,146.0,3.528,38.502003,10.320001,test
dish_1551567293,,25.550001,low,35.0,1.68,0.665,2.8,test
dish_1560370833,,177.003006,low,99.0,5.913,27.525,4.287,test
dish_1563465847,,267.75,low,182.0,19.054001,6.684,16.383001,test
dish_1558468494,,15.785,low,77.0,0.231,2.618,0.693,test
dish_1562617972,,273.961273,low,203.0,16.621315,25.214354,8.877823,test
dish_1551323937,,31.82,low,74.0,0.222,6.66,2.516,test
dish_1561407283,,88.626671,low,86.0,3.841226,5.487313,8.259524,test
dish_1567628099,,127.493019,low,132.0,7.445891,13.796238,3.849013,test
dish_1565984245,,38.34351,low,78.0,0.922832,7.693933,0.693013,test
dish_1568047932,,30.639025,low,55.0,1.556098,3.756098,1.287805,test
dish_1562963153,,386.477264,low,521.0,33.622898,28.585857,35.674641,test
dish_1561997248,,113.610001,low,21.0,8.82,0.294,7.77,test
dish_1558638137,,60.839996,low,117.0,0.234,16.379999,0.351,test
dish_1562875211,,282.240021,low,147.0,10.535001,34.446999,12.348,test
dish_1564773903,,316.827545,low,336.0,16.086779,25.091196,19.580328,test
dish_1561481577,,200.169998,low,37.0,15.54,0.518,13.690001,test
dish_1568143362,,553.511841,medium,323.0,30.759686,43.65617,27.970976,test
dish_1564686855,,1030.160645,high,435.0,52.116467,85.930336,56.845505,test
dish_1566333118,,239.309998,low,90.0,8.46,30.150002,10.08,test
dish_1551390051,,122.332001,low,156.0,4.005,15.126999,8.313999,test
dish_1563913741,,353.062378,low,292.0,14.037527,44.293163,14.324348,test
dish_1563551194,,471.643555,medium,400.0,14.045855,57.670921,27.842804,test
dish_1560367153,,117.181976,low,254.0,6.299616,13.828617,10.151685,test
dish_1564160161,,242.5,low,97.0,1.455,47.530003,9.797,test
dish_1558722322,,37.720001,low,92.0,0.184,9.2,0.828,test
dish_1562099134,,271.641266,low,188.0,14.042557,18.565031,17.734715,test
dish_1551139606,,59.099998,low,150.0,0.362,13.14,3.088,test
dish_1564432094,,177.659988,low,63.0,7.56,20.16,7.56,test
dish_1563221562,,395.598572,low,260.0,14.235931,33.994465,32.741837,test
dish_1563216412,,172.449982,low,205.0,0.714,36.610001,5.238,test
dish_1551222472,,5.28,low,24.0,0.072,0.792,0.744,test
dish_1559842374,,345.333008,low,137.0,26.518002,21.091,13.040001,test
dish_1565725009,,50.599998,low,44.0,4.708,2.772,0.352,test
dish_1559838279,,103.699997,low,114.0,3.678,14.952001,3.702,test
dish_1562688482,,193.459991,low,169.0,8.417999,19.77,10.864,test
dish_1558725112,,554.059021,medium,330.0,39.556,40.523003,21.851,test
dish_1558637769,,80.079994,low,154.0,0.308,21.559999,0.462,test
dish_1563900120,,46.896584,low,49.0,1.195122,8.604878,0.478049,test
dish_1558719097,,19.26,low,107.0,0.214,4.173,0.963,test
dish_1567801520,,919.097168,high,600.0,42.248199,53.029022,79.971626,test
dish_1572540934,,0.0,low,357.0,0.0,0.0,0.0,test
dish_1551142128,,43.5,low,87.0,0.087,11.309999,0.435,test
dish_1568056258,,506.357971,medium,485.0,13.48,16.415001,77.393005,test
dish_1559581236,,296.926727,low,212.0,21.685364,4.042251,19.817259,test
dish_1573234760,,0.0,low,21.0,0.0,0.0,0.0,test
dish_1550777919,,115.440002,low,78.0,8.58,1.248,7.8,test
dish_1559675101,,13.33,low,31.0,0.093,2.79,1.054,test
dish_1551393210,,484.329987,medium,190.0,34.821003,31.131001,18.821001,test
dish_1575407477,,0.0,low,77.0,0.0,0.0,0.0,test
dish_1558462106,,25.530001,low,37.0,0.074,6.66,0.259,test
dish_1551376692,,41.279999,low,43.0,0.645,9.03,1.462,test
dish_1564690085,,170.615997,low,143.0,5.857383,22.279419,9.364126,test
dish_1558637351,,80.079994,low,154.0,0.308,21.559999,0.462,test
dish_1562614121,,123.492508,low,155.0,9.446692,8.716035,3.395248,test
dish_1551379741,,28.5,low,114.0,0.342,5.7,2.052,test
dish_1558640614,,60.32,low,116.0,0.232,16.24,0.348,test
dish_1561996554,,29.200001,low,83.0,0.117,7.13,0.517,test
dish_1564503184,,97.379997,low,18.0,7.56,0.252,6.66,test
dish_1551492561,,357.932007,low,159.0,28.653,7.446,18.050001,test
dish_1558461760,,10.98,low,61.0,0.122,2.379,0.549,test
dish_1551303912,,70.0,low,50.0,0.3,12.0,4.5,test
dish_1563207389,,337.27002,low,327.0,13.830001,37.936996,15.290001,test
dish_1562603626,,201.759506,low,209.0,7.385731,28.675268,6.571293,test
dish_1559844272,,462.480011,medium,80.0,39.599998,18.16,17.92,test
dish_1562085163,,279.929993,low,144.0,21.110001,2.27,18.99,test
dish_1562613867,,83.886055,low,57.0,5.606607,7.847055,1.830647,test
dish_1551564907,,115.349998,low,112.0,4.987,17.073999,2.98,test
dish_1565640812,,297.929993,low,234.0,5.363,13.052999,47.485001,test
dish_1562789301,,606.91156,medium,435.0,24.518549,68.411819,35.305656,test
dish_1561662190,,117.318321,low,104.0,3.98708,18.392817,2.39816,test
dish_1565194823,,386.59552,low,619.0,4.763721,40.727619,39.960121,test
dish_1551224138,,22.0,low,55.0,0.11,4.95,1.1,test
dish_1561666794,,138.097,low,97.0,5.176,16.727001,6.544,test
dish_1563567599,,194.226822,low,156.0,18.526054,6.482199,3.54373,test
dish_1550706325,,180.279999,low,181.0,2.799,31.116001,8.259001,test
dish_1558717969,,95.489998,low,90.0,2.16,19.799999,2.79,test
dish_1559233715,,83.599998,low,110.0,0.0,19.800001,1.1,test
dish_1565032680,,280.281769,low,208.0,21.615925,20.304913,4.109205,test
dish_1558630814,,196.554001,low,34.0,16.83,7.718,7.616,test
dish_1551488137,,69.870003,low,77.0,2.458,3.28,9.010999,test
dish_1568060414,,53.598557,low,146.0,2.133646,7.950584,2.632836,test
dish_1559059924,,108.199997,low,20.0,8.4,0.28,7.4,test
dish_1558376984,,671.67804,medium,350.0,45.584,30.23,45.440006,test
dish_1566938026,,450.576294,medium,219.0,17.546904,37.536308,33.509502,test
dish_1551233610,,95.150002,low,156.0,0.923,21.650002,2.673,test
dish_1563984167,,291.679993,low,608.0,1.216,14.184,48.288002,test
dish_1551391505,,327.779999,low,54.0,29.160002,11.339999,10.8,test
dish_1561393764,,280.799988,low,182.0,20.096001,5.524,19.066,test
dish_1561662022,,159.686279,low,166.0,11.945532,12.441322,2.925065,test
dish_1562872914,,135.399673,low,124.0,15.276352,5.087451,15.873218,test
dish_1558722842,,10.440001,low,58.0,0.116,2.262,0.522,test
dish_1562959547,,165.617737,low,145.0,15.460226,8.817571,10.892046,test
dish_1560360102,,401.494019,medium,248.0,27.991001,13.674002,23.033001,test
dish_1560369403,,411.967804,medium,405.0,30.986551,28.932995,43.259884,test
dish_1566844766,,72.159996,low,164.0,3.444,7.052,5.248,test
dish_1550792315,,74.440002,low,175.0,0.362,18.219999,1.855,test
dish_1567789190,,507.388397,medium,177.0,43.178196,7.1692,22.0734,test
dish_1551233345,,2.7,low,27.0,0.0,0.54,0.27,test
dish_1559332487,,19.110001,low,98.0,0.441,3.822,0.833,test
dish_1551376623,,315.340027,low,147.0,20.365002,27.02,10.205,test
dish_1560443607,,380.799988,low,706.0,1.439,67.547005,26.071001,test
dish_1562871448,,295.850922,low,276.0,6.439623,48.992832,10.163342,test
dish_1551564221,,31.720001,low,52.0,0.26,7.8,0.572,test
dish_1550710758,,350.384033,low,143.0,24.522001,23.563,13.495001,test
dish_1561997933,,159.800003,low,107.0,8.780001,12.21,7.84,test
dish_1564675411,,235.531006,low,308.0,7.033,2.708,35.193001,test
dish_1568666329,,743.76001,medium,594.0,42.484001,19.77,72.891998,test
dish_1550705445,,4.0,low,40.0,0.0,0.8,0.4,test
dish_1572889747,,0.0,low,39.0,0.0,0.0,0.0,test
dish_1551375650,,90.279999,low,61.0,6.71,0.976,6.1,test
dish_1566588066,,566.233398,medium,562.0,22.180496,48.054741,43.871033,test
dish_1568056019,,64.300003,low,131.0,3.578,8.121,1.235,test
dish_1564170010,,1264.54834,high,831.0,61.893875,57.291939,116.862572,test
dish_1558029324,,273.5,low,250.0,11.562999,29.648003,12.83,test
dish_1551390087,,122.332001,low,157.0,4.005,15.126999,8.313999,test
dish_1561577549,,130.340012,low,49.0,4.753,16.17,5.39,test
dish_1562873155,,41.33675,low,79.0,2.052025,5.39175,1.38645,test
dish_1565808975,,35.720001,low,130.0,0.204,7.926,1.282,test
dish_1562790259,,518.591736,medium,207.0,43.956383,7.921093,27.413876,test
dish_1561060642,,468.412384,medium,387.0,18.522783,39.183205,36.67416,test
dish_1561664061,,303.643036,low,269.0,9.801618,13.71284,38.910919,test
dish_1551139487,,24.08,low,56.0,0.168,5.04,1.904,test
dish_1565021141,,467.054993,medium,248.0,27.875999,27.733002,26.59,test
dish_1551304155,,155.600006,low,180.0,0.512,24.039999,14.559999,test
dish_1565727791,,121.074005,low,99.0,6.6,6.161,10.278,test
dish_1550705623,,20.4,low,51.0,0.102,4.59,1.02,test
dish_1556575273,,103.300003,low,152.0,6.882,10.618,2.868,test
dish_1563205953,,218.769501,low,298.0,3.85,30.851999,14.952,test
dish_1551390651,,21.25,low,85.0,0.255,4.25,1.53,test
dish_1562704616,,317.781311,low,213.0,14.621559,23.763105,20.953781,test
dish_1550772454,,22.75,low,65.0,0.26,4.55,1.56,test
dish_1551137173,,3.36,low,12.0,0.048,0.636,0.264,test
dish_1564432191,,261.028381,low,220.0,11.519486,32.141861,9.461219,test
dish_1551234017,,12.400001,low,31.0,0.062,2.79,0.62,test
dish_1550705995,,549.02002,medium,193.0,39.813,29.040001,24.34,test
dish_1574455444,,0.0,low,147.0,0.0,0.0,0.0,test
dish_1550876416,,159.470001,low,111.0,7.681001,7.23,16.559,test
dish_1558632130,,33.66,low,99.0,0.198,7.92,0.792,test
dish_1573072410,,0.0,low,139.0,0.0,0.0,0.0,test
dish_1564415499,,90.921951,low,95.0,2.317073,16.682928,0.926829,test
dish_1551566047,,37.5,low,75.0,0.075,9.75,0.375,test
dish_1551237321,,158.569992,low,271.0,2.242,28.485001,9.334,test
dish_1558463362,,20.880001,low,116.0,0.232,4.524,1.044,test
dish_1562602589,,365.276001,low,106.0,28.938,4.452,20.458,test
dish_1565123881,,406.821747,medium,515.0,19.355543,31.0019,30.063168,test
dish_1568147009,,811.880005,high,506.0,38.369999,8.892,105.582001,test
dish_1559242568,,116.116005,low,203.0,0.203,30.855999,0.812,test
dish_1551314390,,59.959999,low,137.0,0.221,16.119999,1.065,test
dish_1559846334,,126.172005,low,233.0,0.329,32.792,1.572,test
dish_1563295044,,241.975372,low,158.0,12.167227,25.845209,7.933867,test
dish_1563464429,,140.990005,low,103.0,7.398,12.278,6.892,test
dish_1566402041,,231.919998,low,446.0,0.892,3.122,44.600002,test
dish_1565109659,,226.744873,low,263.0,6.810682,17.760319,20.517075,test
dish_1566333228,,498.545258,medium,304.0,20.378201,39.679134,37.857738,test
dish_1561575951,,213.699173,low,91.0,9.922189,14.913611,14.898733,test
dish_1558628339,,70.330002,low,13.0,5.46,0.182,4.81,test
dish_1551384024,,46.739998,low,82.0,0.246,11.48,0.574,test
dish_1572035271,,0.0,low,53.0,0.0,0.0,0.0,test
dish_1550796634,,16.450001,low,35.0,0.035,4.2,0.315,test
dish_1551317508,,29.0,low,100.0,0.3,9.0,1.1,test
dish_1564588919,,335.944183,low,452.0,7.606813,41.001797,25.093241,test
dish_1550875229,,28.559999,low,84.0,0.168,6.72,0.672,test
dish_1551139192,,31.5,low,63.0,0.063,8.19,0.315,test
dish_1559845046,,313.625977,low,207.0,18.192999,31.922001,10.976,test
dish_1561405836,,82.429001,low,31.0,2.914,10.385,3.472,test
dish_1565118067,,623.429932,medium,522.0,12.966,41.417,82.112991,test
dish_1559157454,,34.564575,low,28.0,3.284461,1.127364,0.671958,test
dish_1572540208,,0.0,low,198.0,0.0,0.0,0.0,test
dish_1551320684,,75.599998,low,54.0,0.324,12.96,4.86,test
dish_1558641164,,80.079994,low,154.0,0.308,21.559999,0.462,test
dish_1551391302,,26.860001,low,79.0,0.158,6.32,0.632,test
dish_1572464738,,0.0,low,188.0,0.0,0.0,0.0,test
dish_1562704665,,387.841309,low,399.0,17.411558,32.195107,26.037781,test
dish_1562686520,,346.47998,low,226.0,23.860001,5.016,26.6,test
dish_1566416388,,259.869873,low,315.0,12.182321,34.873814,5.198692,test
dish_1551226409,,24.51,low,57.0,0.171,5.13,1.938,test
dish_1560369255,,132.666138,low,61.0,7.923563,1.979007,12.538679,test
dish_1551486158,,41.399998,low,36.0,3.852,2.268,0.288,test
dish_1568145100,,130.981018,low,128.0,6.467844,16.386156,2.908916,test
dish_1559844506,,98.959999,low,180.0,0.459,25.1,1.312,test
dish_1551232713,,33.540001,low,78.0,0.234,7.02,2.652,test
dish_1558031237,,31.620001,low,93.0,0.186,7.44,0.744,test
dish_1551374155,,38.43,low,63.0,0.315,9.450001,0.693,test
dish_1560526490,,141.67276,low,170.0,8.34413,16.85125,2.338025,test
dish_1550873572,,46.400002,low,29.0,4.35,2.61,0.58,test
dish_1551316737,,91.0,low,70.0,0.21,19.6,1.89,test
dish_1568664972,,303.422241,low,221.0,14.751798,11.029653,31.216145,test
dish_1559843222,,111.269997,low,229.0,0.65,27.460001,2.183,test
dish_1563552016,,493.589081,medium,174.0,19.477127,69.953438,10.739063,test
dish_1562963517,,552.648376,medium,511.0,58.622601,22.397163,58.309628,test
dish_1562096584,,94.99057,low,90.0,4.666848,11.278716,2.650751,test
dish_1558468435,,28.0,low,80.0,0.32,5.6,1.92,test
dish_1563216739,,343.687988,low,420.0,6.428516,36.524776,35.356705,test
dish_1558722068,,179.210999,low,31.0,15.345,7.037,6.944,test
dish_1551314121,,72.779999,low,112.0,0.675,17.34,1.82,test
dish_1551323487,,78.209999,low,79.0,0.237,0.158,18.959999,test
dish_1566246626,,616.474976,medium,541.0,30.299,19.879999,67.314003,test
dish_1551225106,,149.559998,low,250.0,1.452,33.360001,3.825,test
dish_1565209922,,201.565338,low,169.0,6.256306,25.567343,10.335444,test
dish_1561666640,,48.800003,low,90.0,0.18,12.400001,0.668,test
dish_1551494095,,115.5,low,70.0,2.52,0.0,21.700001,test
dish_1558721726,,74.360001,low,143.0,0.286,20.02,0.429,test
dish_1550772505,,44.540001,low,131.0,0.262,10.48,1.048,test
dish_1550779153,,37.099998,low,106.0,0.424,7.42,2.544,test
dish_1561996836,,178.880737,low,210.0,7.248927,13.322927,15.335146,test
dish_1560527225,,937.789368,high,503.0,65.745911,31.893578,52.88044,test
dish_1550707638,,345.671997,low,265.0,13.27,37.984001,18.243999,test
dish_1562614895,,51.799999,low,148.0,0.592,10.36,3.552,test
dish_1575478635,,0.0,low,132.0,0.0,0.0,0.0,test
dish_1558636028,,199.347992,low,262.0,5.379,38.542999,4.341,test
dish_1562009148,,226.547165,low,210.0,13.086175,8.085415,21.893772,test
dish_1565725071,,109.659996,low,190.0,5.0,16.572001,2.546,test
dish_1551232851,,31.5,low,126.0,0.378,6.3,2.268,test
dish_1562096542,,38.0896,low,50.0,2.763935,3.123378,0.942013,test
dish_1551399449,,275.180023,low,92.0,18.17,25.939999,6.84,test
dish_1550785599,,157.01001,low,252.0,15.832,11.485001,23.705,test
dish_1551225155,,149.559998,low,250.0,1.452,33.360001,3.825,test
dish_1567542876,,495.807739,medium,260.0,21.002985,45.708035,29.519905,test
dish_1551322755,,88.620003,low,177.0,0.784,22.469999,2.582,test
dish_1551236466,,80.400002,low,20.0,6.6,0.26,5.0,test
dish_1560442374,,90.637001,low,233.0,0.233,21.202999,1.165,test
dish_1551564423,,7.38,low,18.0,0.036,1.8,0.162,test
dish_1561134156,,118.540001,low,220.0,0.342,28.776001,1.696,test
dish_1563827110,,220.044998,low,217.0,7.731999,29.045002,10.210001,test
dish_1562774346,,422.651428,medium,264.0,31.805714,4.186286,28.285715,test
dish_1551226475,,87.440002,low,126.0,0.976,18.01,4.374,test
dish_1561577198,,240.542908,low,174.0,11.99711,25.3207,9.301439,test
dish_1566838317,,114.199997,low,284.0,0.423,29.413998,1.559,test
dish_1563395449,,214.63649,low,222.0,6.977337,29.68194,9.570897,test
dish_1550779058,,253.919998,low,109.0,21.240002,7.848,11.13,test
dish_1567022296,,425.410004,medium,444.0,10.966,18.481001,61.859001,test
dish_1563391453,,239.656799,low,307.0,14.443798,9.727267,26.858393,test
dish_1563217895,,26.799278,low,73.0,1.066823,3.975292,1.316418,test
dish_1564086709,,393.270325,low,307.0,14.645413,53.99876,15.606251,test
dish_1551314163,,72.779999,low,111.0,0.675,17.34,1.82,test
dish_1564000490,,532.706482,medium,325.0,19.150002,49.639648,39.909866,test
dish_1551227165,,76.966003,low,29.0,1.218,12.267,3.915,test
dish_1558725049,,43.0,low,100.0,0.3,9.0,3.4,test
dish_1565981802,,99.754425,low,152.0,5.596065,6.631088,8.817584,test
dish_1551492348,,214.849991,low,199.0,9.45,6.88,26.085999,test
dish_1568313640,,71.139999,low,145.0,3.652,8.9,3.152,test
dish_1551492468,,299.802002,low,87.0,23.750999,3.654,16.791,test
dish_1563909982,,370.793976,low,318.0,22.314623,16.470776,27.836025,test
dish_1563900172,,236.636597,low,255.0,12.947122,18.36488,11.786048,test
dish_1561661479,,242.17569,low,166.0,10.854464,13.715836,21.488853,test
dish_1550774244,,90.779999,low,102.0,0.306,23.460001,1.122,test
dish_1566931482,,25.48,low,91.0,0.364,4.823,2.002,test
dish_1575653017,,0.0,low,71.0,0.0,0.0,0.0,test
dish_1551223114,,124.5,low,100.0,1.576,25.859999,3.936,test
dish_1559841091,,163.423492,low,166.0,4.932,22.135,8.053,test
dish_1551318422,,151.470001,low,95.0,6.68,22.99,2.829,test
dish_1565812186,,324.978424,low,266.0,15.806602,12.315649,32.823948,test
dish_1561407208,,44.347641,low,29.0,0.939882,0.892834,7.578107,test
dish_1561404505,,543.92334,medium,442.0,34.617195,25.785635,36.765293,test
dish_1560975491,,37.84,low,86.0,1.806,3.698,2.752,test
dish_1571931648,,0.0,low,231.0,0.0,0.0,0.0,test
dish_1563823390,,670.170288,medium,372.0,35.285416,12.291248,75.572304,test
dish_1558030289,,38.52,low,107.0,0.107,9.63,0.535,test
dish_1550707756,,87.5,low,35.0,5.25,0.0,9.099999,test
dish_1563984242,,402.117035,medium,753.0,3.30239,36.819611,49.407761,test
dish_1566847431,,101.240509,low,90.0,1.923067,17.232075,3.76984,test
dish_1562099157,,277.531311,low,207.0,14.06156,19.895029,18.076714,test
dish_1560527950,,23.1,low,77.0,0.154,5.852,0.462,test
dish_1562959024,,319.233582,low,183.0,19.740429,30.234995,22.257004,test
dish_1551134622,,56.579998,low,41.0,0.861,10.25,1.845,test
dish_1558375732,,45.540001,low,66.0,0.132,11.88,0.462,test
dish_1551227216,,5.28,low,24.0,0.072,0.792,0.744,test
dish_1561579617,,130.172348,low,304.0,4.552824,21.115883,4.427353,test
dish_1559244417,,72.832504,low,59.0,6.920829,2.375517,1.415911,test
dish_1566931586,,379.380005,low,389.0,15.281001,15.525999,46.593998,test
dish_1551303437,,224.75,low,178.0,0.738,32.790001,20.697001,test
dish_1566316681,,116.762924,low,122.0,2.97561,21.424391,1.190244,test
dish_1550874756,,85.919998,low,120.0,5.656,10.540001,8.744,test
dish_1558116486,,39.329998,low,57.0,0.114,10.26,0.399,test
dish_1562783605,,75.599998,low,270.0,1.08,14.309999,5.94,test
dish_1563395341,,143.585999,low,54.0,5.076,18.09,6.048,test
dish_1561739930,,60.040001,low,79.0,0.0,14.22,0.79,test
dish_1562958563,,130.839996,low,68.0,9.767,2.686,8.158,test
dish_1558115364,,485.26001,medium,313.0,27.008999,26.504,39.459999,test
dish_1551489812,,74.75,low,65.0,6.955,4.095,0.52,test
dish_1563897439,,315.31366,low,578.0,3.301512,29.215488,37.387806,test
dish_1565036890,,520.864685,medium,260.0,23.834845,38.407925,35.657082,test
dish_1561134102,,24.300001,low,81.0,0.162,6.156,0.486,test
dish_1558720396,,95.489998,low,90.0,2.16,19.799999,2.79,test
dish_1551317628,,138.800003,low,181.0,0.642,30.68,5.33,test
dish_1551392958,,76.599998,low,85.0,0.681,14.97,4.324,test
dish_1563823423,,700.530396,medium,441.0,36.734417,15.258248,77.780296,test
dish_1563378372,,468.165009,medium,128.0,23.058001,53.319,11.66,test
dish_1559585533,,12.95,low,37.0,0.148,2.59,0.888,test
dish_1558026684,,24.139999,low,71.0,0.142,5.68,0.568,test
dish_1559590099,,7.956,low,39.0,0.039,1.521,0.858,test
dish_1562777566,,263.003998,low,84.0,3.528,46.619999,10.92,test
dish_1562960520,,422.399261,medium,303.0,19.659971,31.715603,29.545202,test
dish_1567020417,,313.761383,low,348.0,16.694962,18.330757,36.040562,test
dish_1562963033,,356.387299,low,316.0,33.375896,22.311859,33.670643,test
dish_1563304261,,30.210915,low,37.0,1.181061,3.101745,2.293849,test
dish_1559240382,,20.646505,low,42.0,0.496909,4.142887,0.373161,test
dish_1566501153,,1006.917969,high,419.0,83.761002,17.909,50.879002,test
dish_1551313782,,49.41,low,81.0,0.405,12.150001,0.891,test
dish_1562007904,,525.461365,medium,489.0,17.817501,64.11657,28.267633,test
dish_1562691566,,100.613655,low,187.0,2.766634,6.886634,11.730732,test
dish_1561575033,,354.445312,low,339.0,11.978688,13.237388,47.962563,test
dish_1551374982,,149.529999,low,164.0,6.168,18.822001,7.158,test
dish_1550863155,,9.87,low,21.0,0.021,2.52,0.189,test
dish_1560366438,,71.93322,low,136.0,4.986071,6.105719,2.5801,test
dish_1567022338,,507.243011,medium,463.0,16.4,19.279001,69.154999,test
dish_1551305168,,31.679998,low,33.0,0.495,6.93,1.122,test
dish_1559245979,,116.116005,low,203.0,0.203,30.855999,0.812,test
dish_1568217267,,73.794151,low,39.0,7.608073,1.481527,0.384327,test
dish_1561665671,,158.389008,low,89.0,5.056,23.98,5.919,test
dish_1560801020,,346.339966,low,250.0,5.898491,61.690983,17.095364,test
dish_1561492519,,271.320007,low,206.0,2.954,52.377998,11.528,test
dish_1550708487,,136.679993,low,34.0,11.22,0.442,8.5,test
dish_1551493698,,66.699997,low,58.0,6.206,3.654,0.464,test
dish_1572031211,,0.0,low,80.0,0.0,0.0,0.0,test
dish_1559060106,,206.369995,low,195.0,8.643,23.68,8.907001,test
dish_1561749016,,280.118103,low,272.0,15.774299,17.086405,17.900995,test
dish_1562774099,,51.993542,low,40.0,2.787097,6.156128,1.28,test
dish_1563563264,,322.001984,low,163.0,22.523001,2.767,27.681999,test
dish_1559841908,,175.162018,low,304.0,0.471,45.571999,2.069,test
dish_1567537212,,432.506653,medium,238.0,24.44521,10.818127,39.385643,test
dish_1573505208,,0.0,low,192.0,0.0,0.0,0.0,test
dish_1551567368,,15.4,low,44.0,0.176,3.08,1.056,test
dish_1572984755,,0.0,low,247.0,0.0,0.0,0.0,test
dish_1568132484,,76.379997,low,134.0,0.402,18.76,0.938,test
dish_1560798960,,493.720886,medium,429.0,22.37495,53.315128,24.172991,test
dish_1558724633,,32.899998,low,94.0,0.376,6.58,2.256,test
dish_1562875940,,386.66684,low,418.0,23.183083,52.980984,26.294006,test
dish_1561666897,,532.508606,medium,402.0,22.03661,54.080101,34.528744,test
dish_1550778401,,6.1,low,61.0,0.0,1.22,0.61,test
dish_1551305410,,80.599998,low,62.0,0.186,17.360001,1.674,test
dish_1550713065,,345.990021,low,57.0,30.780001,11.969999,11.400001,test
dish_1563820775,,38.07,low,162.0,0.594,7.074,2.376,test
dish_1562872150,,7.48,low,34.0,0.102,1.122,1.054,test
dish_1568401167,,426.360016,medium,228.0,20.976,20.976,36.936001,test
dish_1562617939,,234.966125,low,133.0,14.640826,20.433863,7.238798,test
dish_1560802764,,111.832207,low,99.0,3.250635,3.44357,16.39369,test
dish_1566934430,,519.542847,medium,361.0,43.782825,37.582497,49.058041,test
dish_1561480414,,125.161995,low,129.0,4.835,16.316,5.447,test
dish_1563827425,,60.720001,low,138.0,2.898,5.934,4.416,test
dish_1568047973,,295.559052,low,234.0,21.246098,6.620098,19.187805,test
dish_1558641037,,60.839996,low,117.0,0.234,16.379999,0.351,test
dish_1565896701,,294.47345,low,184.0,18.184381,8.322058,25.74716,test
dish_1560444637,,509.321014,medium,285.0,31.757,25.587999,29.480999,test
dish_1559678405,,552.346069,medium,386.0,37.108223,14.894657,39.692425,test
dish_1566488905,,82.308296,low,86.0,2.097561,15.10244,0.839024,test
dish_1565036922,,539.864685,medium,336.0,24.062843,42.207928,37.025078,test
dish_1565021054,,263.749023,low,144.0,13.847,25.220001,11.447001,test
dish_1551392424,,61.969997,low,119.0,1.737,9.758,3.619,test
dish_1566931620,,494.579987,medium,461.0,26.081001,22.006001,48.034,test
dish_1550861074,,124.599998,low,140.0,0.42,32.200001,1.54,test
dish_1551375411,,28.220001,low,83.0,0.166,6.64,0.664,test
dish_1562170207,,154.959991,low,285.0,0.641,38.830002,1.781,test
dish_1550788191,,63.899998,low,71.0,9.23,0.0,13.064,test
dish_1572550743,,0.0,low,107.0,0.0,0.0,0.0,test
dish_1564073677,,108.967804,low,92.0,5.668293,9.771708,4.507317,test
dish_1565033220,,908.60498,high,578.0,59.342999,19.202002,76.664001,test
dish_1561665626,,51.988998,low,49.0,1.176,10.78,1.519,test
dish_1563389600,,451.428009,medium,264.0,29.046,2.924,44.473999,test
dish_1551374604,,32.48,low,112.0,0.336,10.08,1.232,test
dish_1563565354,,272.315186,low,193.0,15.777068,23.045525,20.039701,test
dish_1550873338,,205.649994,low,225.0,8.244,14.31,20.150002,test
dish_1562949467,,24.655609,low,72.0,1.896585,1.545366,1.053658,test
