image_path,food_label,portion_label,split,use_for_portion
data/food101_subset/burger/burger_0522.jpg,burger,,train,no
data/food101_subset/burger/burger_0738.jpg,burger,,train,no
data/food101_subset/burger/burger_0741.jpg,burger,,train,no
data/food101_subset/burger/burger_0661.jpg,burger,,train,no
data/food101_subset/burger/burger_0412.jpg,burger,,train,no
data/food101_subset/burger/burger_0679.jpg,burger,,train,no
data/food101_subset/burger/burger_0627.jpg,burger,,train,no
data/food101_subset/burger/burger_0514.jpg,burger,,train,no
data/food101_subset/burger/burger_0860.jpg,burger,,train,no
data/food101_subset/burger/burger_0137.jpg,burger,,train,no
data/food101_subset/burger/burger_0812.jpg,burger,,train,no
data/food101_subset/burger/burger_0077.jpg,burger,,train,no
data/food101_subset/burger/burger_0637.jpg,burger,,train,no
data/food101_subset/burger/burger_0974.jpg,burger,,train,no
data/food101_subset/burger/burger_0939.jpg,burger,,train,no
data/food101_subset/burger/burger_0900.jpg,burger,,train,no
data/food101_subset/burger/burger_0281.jpg,burger,,train,no
data/food101_subset/burger/burger_0884.jpg,burger,,train,no
data/food101_subset/burger/burger_0762.jpg,burger,,train,no
data/food101_subset/burger/burger_0320.jpg,burger,,train,no
data/food101_subset/burger/burger_0550.jpg,burger,,train,no
data/food101_subset/burger/burger_0175.jpg,burger,,train,no
data/food101_subset/burger/burger_0372.jpg,burger,,train,no
data/food101_subset/burger/burger_0528.jpg,burger,,train,no
data/food101_subset/burger/burger_0211.jpg,burger,,train,no
data/food101_subset/burger/burger_0236.jpg,burger,,train,no
data/food101_subset/burger/burger_0102.jpg,burger,,train,no
data/food101_subset/burger/burger_0987.jpg,burger,,train,no
data/food101_subset/burger/burger_0903.jpg,burger,,train,no
data/food101_subset/burger/burger_0948.jpg,burger,,train,no
data/food101_subset/burger/burger_0347.jpg,burger,,train,no
data/food101_subset/burger/burger_0140.jpg,burger,,train,no
data/food101_subset/burger/burger_0622.jpg,burger,,train,no
data/food101_subset/burger/burger_0500.jpg,burger,,train,no
data/food101_subset/burger/burger_0371.jpg,burger,,train,no
data/food101_subset/burger/burger_0199.jpg,burger,,train,no
data/food101_subset/burger/burger_0688.jpg,burger,,train,no
data/food101_subset/burger/burger_0585.jpg,burger,,train,no
data/food101_subset/burger/burger_0902.jpg,burger,,train,no
data/food101_subset/burger/burger_0060.jpg,burger,,train,no
data/food101_subset/burger/burger_0329.jpg,burger,,train,no
data/food101_subset/burger/burger_0097.jpg,burger,,train,no
data/food101_subset/burger/burger_0313.jpg,burger,,train,no
data/food101_subset/burger/burger_0975.jpg,burger,,train,no
data/food101_subset/burger/burger_0300.jpg,burger,,train,no
data/food101_subset/burger/burger_0278.jpg,burger,,train,no
data/food101_subset/burger/burger_0925.jpg,burger,,train,no
data/food101_subset/burger/burger_0602.jpg,burger,,train,no
data/food101_subset/burger/burger_0440.jpg,burger,,train,no
data/food101_subset/burger/burger_0838.jpg,burger,,train,no
data/food101_subset/burger/burger_0571.jpg,burger,,train,no
data/food101_subset/burger/burger_0880.jpg,burger,,train,no
data/food101_subset/burger/burger_0262.jpg,burger,,train,no
data/food101_subset/burger/burger_0579.jpg,burger,,train,no
data/food101_subset/burger/burger_0024.jpg,burger,,train,no
data/food101_subset/burger/burger_0031.jpg,burger,,train,no
data/food101_subset/burger/burger_0618.jpg,burger,,train,no
data/food101_subset/burger/burger_0011.jpg,burger,,train,no
data/food101_subset/burger/burger_0222.jpg,burger,,train,no
data/food101_subset/burger/burger_0821.jpg,burger,,train,no
data/food101_subset/burger/burger_0297.jpg,burger,,train,no
data/food101_subset/burger/burger_0055.jpg,burger,,train,no
data/food101_subset/burger/burger_0543.jpg,burger,,train,no
data/food101_subset/burger/burger_0210.jpg,burger,,train,no
data/food101_subset/burger/burger_0605.jpg,burger,,train,no
data/food101_subset/burger/burger_0693.jpg,burger,,train,no
data/food101_subset/burger/burger_0663.jpg,burger,,train,no
data/food101_subset/burger/burger_0867.jpg,burger,,train,no
data/food101_subset/burger/burger_0071.jpg,burger,,train,no
data/food101_subset/burger/burger_0544.jpg,burger,,train,no
data/food101_subset/burger/burger_0108.jpg,burger,,train,no
data/food101_subset/burger/burger_0494.jpg,burger,,train,no
data/food101_subset/burger/burger_0591.jpg,burger,,train,no
data/food101_subset/burger/burger_0742.jpg,burger,,train,no
data/food101_subset/burger/burger_0293.jpg,burger,,train,no
data/food101_subset/burger/burger_0290.jpg,burger,,train,no
data/food101_subset/burger/burger_0653.jpg,burger,,train,no
data/food101_subset/burger/burger_0040.jpg,burger,,train,no
data/food101_subset/burger/burger_0590.jpg,burger,,train,no
data/food101_subset/burger/burger_0308.jpg,burger,,train,no
data/food101_subset/burger/burger_0680.jpg,burger,,train,no
data/food101_subset/burger/burger_0067.jpg,burger,,train,no
data/food101_subset/burger/burger_0276.jpg,burger,,train,no
data/food101_subset/burger/burger_0068.jpg,burger,,train,no
data/food101_subset/burger/burger_0319.jpg,burger,,train,no
data/food101_subset/burger/burger_0549.jpg,burger,,train,no
data/food101_subset/burger/burger_0999.jpg,burger,,train,no
data/food101_subset/burger/burger_0715.jpg,burger,,train,no
data/food101_subset/burger/burger_0754.jpg,burger,,train,no
data/food101_subset/burger/burger_0328.jpg,burger,,train,no
data/food101_subset/burger/burger_0383.jpg,burger,,train,no
data/food101_subset/burger/burger_0452.jpg,burger,,train,no
data/food101_subset/burger/burger_0523.jpg,burger,,train,no
data/food101_subset/burger/burger_0219.jpg,burger,,train,no
data/food101_subset/burger/burger_0788.jpg,burger,,train,no
data/food101_subset/burger/burger_0437.jpg,burger,,train,no
data/food101_subset/burger/burger_0765.jpg,burger,,train,no
data/food101_subset/burger/burger_0089.jpg,burger,,train,no
data/food101_subset/burger/burger_0064.jpg,burger,,train,no
data/food101_subset/burger/burger_0827.jpg,burger,,train,no
data/food101_subset/burger/burger_0717.jpg,burger,,train,no
data/food101_subset/burger/burger_0352.jpg,burger,,train,no
data/food101_subset/burger/burger_0937.jpg,burger,,train,no
data/food101_subset/burger/burger_0257.jpg,burger,,train,no
data/food101_subset/burger/burger_0636.jpg,burger,,train,no
data/food101_subset/burger/burger_0645.jpg,burger,,train,no
data/food101_subset/burger/burger_0555.jpg,burger,,train,no
data/food101_subset/burger/burger_0960.jpg,burger,,train,no
data/food101_subset/burger/burger_0169.jpg,burger,,train,no
data/food101_subset/burger/burger_0918.jpg,burger,,train,no
data/food101_subset/burger/burger_0529.jpg,burger,,train,no
data/food101_subset/burger/burger_0824.jpg,burger,,train,no
data/food101_subset/burger/burger_0986.jpg,burger,,train,no
data/food101_subset/burger/burger_0817.jpg,burger,,train,no
data/food101_subset/burger/burger_0087.jpg,burger,,train,no
data/food101_subset/burger/burger_0433.jpg,burger,,train,no
data/food101_subset/burger/burger_0185.jpg,burger,,train,no
data/food101_subset/burger/burger_0979.jpg,burger,,train,no
data/food101_subset/burger/burger_0535.jpg,burger,,train,no
data/food101_subset/burger/burger_0295.jpg,burger,,train,no
data/food101_subset/burger/burger_0893.jpg,burger,,train,no
data/food101_subset/burger/burger_0426.jpg,burger,,train,no
data/food101_subset/burger/burger_0714.jpg,burger,,train,no
data/food101_subset/burger/burger_0261.jpg,burger,,train,no
data/food101_subset/burger/burger_0238.jpg,burger,,train,no
data/food101_subset/burger/burger_0560.jpg,burger,,train,no
data/food101_subset/burger/burger_0584.jpg,burger,,train,no
data/food101_subset/burger/burger_0446.jpg,burger,,train,no
data/food101_subset/burger/burger_0868.jpg,burger,,train,no
data/food101_subset/burger/burger_0801.jpg,burger,,train,no
data/food101_subset/burger/burger_0600.jpg,burger,,train,no
data/food101_subset/burger/burger_0850.jpg,burger,,train,no
data/food101_subset/burger/burger_0266.jpg,burger,,train,no
data/food101_subset/burger/burger_0996.jpg,burger,,train,no
data/food101_subset/burger/burger_0530.jpg,burger,,train,no
data/food101_subset/burger/burger_0056.jpg,burger,,train,no
data/food101_subset/burger/burger_0121.jpg,burger,,train,no
data/food101_subset/burger/burger_0216.jpg,burger,,train,no
data/food101_subset/burger/burger_0026.jpg,burger,,train,no
data/food101_subset/burger/burger_0073.jpg,burger,,train,no
data/food101_subset/burger/burger_0045.jpg,burger,,train,no
data/food101_subset/burger/burger_0248.jpg,burger,,train,no
data/food101_subset/burger/burger_0722.jpg,burger,,train,no
data/food101_subset/burger/burger_0282.jpg,burger,,train,no
data/food101_subset/burger/burger_0894.jpg,burger,,train,no
data/food101_subset/burger/burger_0915.jpg,burger,,train,no
data/food101_subset/burger/burger_0811.jpg,burger,,train,no
data/food101_subset/burger/burger_0245.jpg,burger,,train,no
data/food101_subset/burger/burger_0823.jpg,burger,,train,no
data/food101_subset/burger/burger_0322.jpg,burger,,train,no
data/food101_subset/burger/burger_0644.jpg,burger,,train,no
data/food101_subset/burger/burger_0159.jpg,burger,,train,no
data/food101_subset/burger/burger_0978.jpg,burger,,train,no
data/food101_subset/burger/burger_0430.jpg,burger,,train,no
data/food101_subset/burger/burger_0942.jpg,burger,,train,no
data/food101_subset/burger/burger_0463.jpg,burger,,train,no
data/food101_subset/burger/burger_0310.jpg,burger,,train,no
data/food101_subset/burger/burger_0698.jpg,burger,,train,no
data/food101_subset/burger/burger_0061.jpg,burger,,train,no
data/food101_subset/burger/burger_0885.jpg,burger,,train,no
data/food101_subset/burger/burger_0596.jpg,burger,,train,no
data/food101_subset/burger/burger_0768.jpg,burger,,train,no
data/food101_subset/burger/burger_0650.jpg,burger,,train,no
data/food101_subset/burger/burger_0651.jpg,burger,,train,no
data/food101_subset/burger/burger_0866.jpg,burger,,train,no
data/food101_subset/burger/burger_0669.jpg,burger,,train,no
data/food101_subset/burger/burger_0299.jpg,burger,,train,no
data/food101_subset/burger/burger_0690.jpg,burger,,train,no
data/food101_subset/burger/burger_0315.jpg,burger,,train,no
data/food101_subset/burger/burger_0311.jpg,burger,,train,no
data/food101_subset/burger/burger_0362.jpg,burger,,train,no
data/food101_subset/burger/burger_0480.jpg,burger,,train,no
data/food101_subset/burger/burger_0111.jpg,burger,,train,no
data/food101_subset/burger/burger_0990.jpg,burger,,train,no
data/food101_subset/burger/burger_0487.jpg,burger,,train,no
data/food101_subset/burger/burger_0364.jpg,burger,,train,no
data/food101_subset/burger/burger_0255.jpg,burger,,train,no
data/food101_subset/burger/burger_0260.jpg,burger,,train,no
data/food101_subset/burger/burger_0803.jpg,burger,,train,no
data/food101_subset/burger/burger_0678.jpg,burger,,train,no
data/food101_subset/burger/burger_0495.jpg,burger,,train,no
data/food101_subset/burger/burger_0671.jpg,burger,,train,no
data/food101_subset/burger/burger_0378.jpg,burger,,train,no
data/food101_subset/burger/burger_0527.jpg,burger,,train,no
data/food101_subset/burger/burger_0846.jpg,burger,,train,no
data/food101_subset/burger/burger_0138.jpg,burger,,train,no
data/food101_subset/burger/burger_0356.jpg,burger,,train,no
data/food101_subset/burger/burger_0366.jpg,burger,,train,no
data/food101_subset/burger/burger_0943.jpg,burger,,train,no
data/food101_subset/burger/burger_0750.jpg,burger,,train,no
data/food101_subset/burger/burger_0949.jpg,burger,,train,no
data/food101_subset/burger/burger_0830.jpg,burger,,train,no
data/food101_subset/burger/burger_0657.jpg,burger,,train,no
data/food101_subset/burger/burger_0200.jpg,burger,,train,no
data/food101_subset/burger/burger_0214.jpg,burger,,train,no
data/food101_subset/burger/burger_0409.jpg,burger,,train,no
data/food101_subset/burger/burger_0333.jpg,burger,,train,no
data/food101_subset/burger/burger_0209.jpg,burger,,train,no
data/food101_subset/burger/burger_0614.jpg,burger,,train,no
data/food101_subset/burger/burger_0079.jpg,burger,,train,no
data/food101_subset/burger/burger_0030.jpg,burger,,train,no
data/food101_subset/burger/burger_0536.jpg,burger,,train,no
data/food101_subset/burger/burger_0696.jpg,burger,,train,no
data/food101_subset/burger/burger_0558.jpg,burger,,train,no
data/food101_subset/burger/burger_0837.jpg,burger,,train,no
data/food101_subset/burger/burger_0597.jpg,burger,,train,no
data/food101_subset/burger/burger_0166.jpg,burger,,train,no
data/food101_subset/burger/burger_0919.jpg,burger,,train,no
data/food101_subset/burger/burger_0496.jpg,burger,,train,no
data/food101_subset/burger/burger_0825.jpg,burger,,train,no
data/food101_subset/burger/burger_0066.jpg,burger,,train,no
data/food101_subset/burger/burger_0142.jpg,burger,,train,no
data/food101_subset/burger/burger_0926.jpg,burger,,train,no
data/food101_subset/burger/burger_0828.jpg,burger,,train,no
data/food101_subset/burger/burger_0656.jpg,burger,,train,no
data/food101_subset/burger/burger_0332.jpg,burger,,train,no
data/food101_subset/burger/burger_0665.jpg,burger,,train,no
data/food101_subset/burger/burger_0250.jpg,burger,,train,no
data/food101_subset/burger/burger_0908.jpg,burger,,train,no
data/food101_subset/burger/burger_0709.jpg,burger,,train,no
data/food101_subset/burger/burger_0306.jpg,burger,,train,no
data/food101_subset/burger/burger_0735.jpg,burger,,train,no
data/food101_subset/burger/burger_0976.jpg,burger,,train,no
data/food101_subset/burger/burger_0050.jpg,burger,,train,no
data/food101_subset/burger/burger_0897.jpg,burger,,train,no
data/food101_subset/burger/burger_0003.jpg,burger,,train,no
data/food101_subset/burger/burger_0545.jpg,burger,,train,no
data/food101_subset/burger/burger_0351.jpg,burger,,train,no
data/food101_subset/burger/burger_0905.jpg,burger,,train,no
data/food101_subset/burger/burger_0537.jpg,burger,,train,no
data/food101_subset/burger/burger_0345.jpg,burger,,train,no
data/food101_subset/burger/burger_0995.jpg,burger,,train,no
data/food101_subset/burger/burger_0482.jpg,burger,,train,no
data/food101_subset/burger/burger_0576.jpg,burger,,train,no
data/food101_subset/burger/burger_0034.jpg,burger,,train,no
data/food101_subset/burger/burger_0032.jpg,burger,,train,no
data/food101_subset/burger/burger_0232.jpg,burger,,train,no
data/food101_subset/burger/burger_0964.jpg,burger,,train,no
data/food101_subset/burger/burger_0193.jpg,burger,,train,no
data/food101_subset/burger/burger_0334.jpg,burger,,train,no
data/food101_subset/burger/burger_0004.jpg,burger,,train,no
data/food101_subset/burger/burger_0205.jpg,burger,,train,no
data/food101_subset/burger/burger_0515.jpg,burger,,train,no
data/food101_subset/burger/burger_0800.jpg,burger,,train,no
data/food101_subset/burger/burger_0307.jpg,burger,,train,no
data/food101_subset/burger/burger_0110.jpg,burger,,train,no
data/food101_subset/burger/burger_0431.jpg,burger,,train,no
data/food101_subset/burger/burger_0078.jpg,burger,,train,no
data/food101_subset/burger/burger_0085.jpg,burger,,train,no
data/food101_subset/burger/burger_0287.jpg,burger,,train,no
data/food101_subset/burger/burger_0083.jpg,burger,,train,no
data/food101_subset/burger/burger_0992.jpg,burger,,train,no
data/food101_subset/burger/burger_0790.jpg,burger,,train,no
data/food101_subset/burger/burger_0895.jpg,burger,,train,no
data/food101_subset/burger/burger_0399.jpg,burger,,train,no
data/food101_subset/burger/burger_0324.jpg,burger,,train,no
data/food101_subset/burger/burger_0520.jpg,burger,,train,no
data/food101_subset/burger/burger_0917.jpg,burger,,train,no
data/food101_subset/burger/burger_0923.jpg,burger,,train,no
data/food101_subset/burger/burger_0006.jpg,burger,,train,no
data/food101_subset/burger/burger_0732.jpg,burger,,train,no
data/food101_subset/burger/burger_0466.jpg,burger,,train,no
data/food101_subset/burger/burger_0098.jpg,burger,,train,no
data/food101_subset/burger/burger_0267.jpg,burger,,train,no
data/food101_subset/burger/burger_0358.jpg,burger,,train,no
data/food101_subset/burger/burger_0869.jpg,burger,,train,no
data/food101_subset/burger/burger_0799.jpg,burger,,train,no
data/food101_subset/burger/burger_0381.jpg,burger,,train,no
data/food101_subset/burger/burger_0632.jpg,burger,,train,no
data/food101_subset/burger/burger_0382.jpg,burger,,train,no
data/food101_subset/burger/burger_0491.jpg,burger,,train,no
data/food101_subset/burger/burger_0119.jpg,burger,,train,no
data/food101_subset/burger/burger_0901.jpg,burger,,train,no
data/food101_subset/burger/burger_0251.jpg,burger,,train,no
data/food101_subset/burger/burger_0524.jpg,burger,,train,no
data/food101_subset/burger/burger_0010.jpg,burger,,train,no
data/food101_subset/burger/burger_0197.jpg,burger,,train,no
data/food101_subset/burger/burger_0604.jpg,burger,,train,no
data/food101_subset/burger/burger_0082.jpg,burger,,train,no
data/food101_subset/burger/burger_0784.jpg,burger,,train,no
data/food101_subset/burger/burger_0588.jpg,burger,,train,no
data/food101_subset/burger/burger_0798.jpg,burger,,train,no
data/food101_subset/burger/burger_0240.jpg,burger,,train,no
data/food101_subset/burger/burger_0291.jpg,burger,,train,no
data/food101_subset/burger/burger_0212.jpg,burger,,train,no
data/food101_subset/burger/burger_0718.jpg,burger,,train,no
data/food101_subset/burger/burger_0360.jpg,burger,,train,no
data/food101_subset/burger/burger_0450.jpg,burger,,train,no
data/food101_subset/burger/burger_0228.jpg,burger,,train,no
data/food101_subset/burger/burger_0951.jpg,burger,,train,no
data/food101_subset/burger/burger_0947.jpg,burger,,train,no
data/food101_subset/burger/burger_0797.jpg,burger,,train,no
data/food101_subset/burger/burger_0502.jpg,burger,,train,no
data/food101_subset/burger/burger_0465.jpg,burger,,train,no
data/food101_subset/burger/burger_0363.jpg,burger,,train,no
data/food101_subset/burger/burger_0469.jpg,burger,,train,no
data/food101_subset/burger/burger_0936.jpg,burger,,train,no
data/food101_subset/burger/burger_0429.jpg,burger,,train,no
data/food101_subset/burger/burger_0008.jpg,burger,,train,no
data/food101_subset/burger/burger_0156.jpg,burger,,train,no
data/food101_subset/burger/burger_0542.jpg,burger,,train,no
data/food101_subset/burger/burger_0441.jpg,burger,,train,no
data/food101_subset/burger/burger_0483.jpg,burger,,train,no
data/food101_subset/burger/burger_0423.jpg,burger,,train,no
data/food101_subset/burger/burger_0779.jpg,burger,,train,no
data/food101_subset/burger/burger_0950.jpg,burger,,train,no
data/food101_subset/burger/burger_0335.jpg,burger,,train,no
data/food101_subset/burger/burger_0577.jpg,burger,,train,no
data/food101_subset/burger/burger_0935.jpg,burger,,train,no
data/food101_subset/burger/burger_0568.jpg,burger,,train,no
data/food101_subset/burger/burger_0595.jpg,burger,,train,no
data/food101_subset/burger/burger_0531.jpg,burger,,train,no
data/food101_subset/burger/burger_0582.jpg,burger,,train,no
data/food101_subset/burger/burger_0708.jpg,burger,,train,no
data/food101_subset/burger/burger_0449.jpg,burger,,train,no
data/food101_subset/burger/burger_0454.jpg,burger,,train,no
data/food101_subset/burger/burger_0229.jpg,burger,,train,no
data/food101_subset/burger/burger_0353.jpg,burger,,train,no
data/food101_subset/burger/burger_0729.jpg,burger,,train,no
data/food101_subset/burger/burger_0213.jpg,burger,,train,no
data/food101_subset/burger/burger_0080.jpg,burger,,train,no
data/food101_subset/burger/burger_0149.jpg,burger,,train,no
data/food101_subset/burger/burger_0303.jpg,burger,,train,no
data/food101_subset/burger/burger_0629.jpg,burger,,train,no
data/food101_subset/burger/burger_0778.jpg,burger,,train,no
data/food101_subset/burger/burger_0507.jpg,burger,,train,no
data/food101_subset/burger/burger_0343.jpg,burger,,train,no
data/food101_subset/burger/burger_0486.jpg,burger,,train,no
data/food101_subset/burger/burger_0712.jpg,burger,,train,no
data/food101_subset/burger/burger_0134.jpg,burger,,train,no
data/food101_subset/burger/burger_0704.jpg,burger,,train,no
data/food101_subset/burger/burger_0312.jpg,burger,,train,no
data/food101_subset/burger/burger_0723.jpg,burger,,train,no
data/food101_subset/burger/burger_0630.jpg,burger,,train,no
data/food101_subset/burger/burger_0001.jpg,burger,,train,no
data/food101_subset/burger/burger_0317.jpg,burger,,train,no
data/food101_subset/burger/burger_0707.jpg,burger,,train,no
data/food101_subset/burger/burger_0548.jpg,burger,,train,no
data/food101_subset/burger/burger_0873.jpg,burger,,train,no
data/food101_subset/burger/burger_0533.jpg,burger,,train,no
data/food101_subset/burger/burger_0478.jpg,burger,,train,no
data/food101_subset/burger/burger_0405.jpg,burger,,train,no
data/food101_subset/burger/burger_0173.jpg,burger,,train,no
data/food101_subset/burger/burger_0126.jpg,burger,,train,no
data/food101_subset/burger/burger_0395.jpg,burger,,train,no
data/food101_subset/burger/burger_0421.jpg,burger,,train,no
data/food101_subset/burger/burger_0553.jpg,burger,,train,no
data/food101_subset/burger/burger_0904.jpg,burger,,train,no
data/food101_subset/burger/burger_0091.jpg,burger,,train,no
data/food101_subset/burger/burger_0940.jpg,burger,,train,no
data/food101_subset/burger/burger_0182.jpg,burger,,train,no
data/food101_subset/burger/burger_0275.jpg,burger,,train,no
data/food101_subset/burger/burger_0896.jpg,burger,,train,no
data/food101_subset/burger/burger_0070.jpg,burger,,train,no
data/food101_subset/burger/burger_0292.jpg,burger,,train,no
data/food101_subset/burger/burger_0132.jpg,burger,,train,no
data/food101_subset/burger/burger_0301.jpg,burger,,train,no
data/food101_subset/burger/burger_0425.jpg,burger,,train,no
data/food101_subset/burger/burger_0327.jpg,burger,,train,no
data/food101_subset/burger/burger_0145.jpg,burger,,train,no
data/food101_subset/burger/burger_0424.jpg,burger,,train,no
data/food101_subset/burger/burger_0581.jpg,burger,,train,no
data/food101_subset/burger/burger_0136.jpg,burger,,train,no
data/food101_subset/burger/burger_0451.jpg,burger,,train,no
data/food101_subset/burger/burger_0165.jpg,burger,,train,no
data/food101_subset/burger/burger_0029.jpg,burger,,train,no
data/food101_subset/burger/burger_0774.jpg,burger,,train,no
data/food101_subset/burger/burger_0194.jpg,burger,,train,no
data/food101_subset/burger/burger_0389.jpg,burger,,train,no
data/food101_subset/burger/burger_0853.jpg,burger,,train,no
data/food101_subset/burger/burger_0170.jpg,burger,,train,no
data/food101_subset/burger/burger_0706.jpg,burger,,train,no
data/food101_subset/burger/burger_0141.jpg,burger,,train,no
data/food101_subset/burger/burger_0174.jpg,burger,,train,no
data/food101_subset/burger/burger_0007.jpg,burger,,train,no
data/food101_subset/burger/burger_0746.jpg,burger,,train,no
data/food101_subset/burger/burger_0479.jpg,burger,,train,no
data/food101_subset/burger/burger_0074.jpg,burger,,train,no
data/food101_subset/burger/burger_0911.jpg,burger,,train,no
data/food101_subset/burger/burger_0814.jpg,burger,,train,no
data/food101_subset/burger/burger_0239.jpg,burger,,train,no
data/food101_subset/burger/burger_0146.jpg,burger,,train,no
data/food101_subset/burger/burger_0793.jpg,burger,,train,no
data/food101_subset/burger/burger_0235.jpg,burger,,train,no
data/food101_subset/burger/burger_0221.jpg,burger,,train,no
data/food101_subset/burger/burger_0924.jpg,burger,,train,no
data/food101_subset/burger/burger_0501.jpg,burger,,train,no
data/food101_subset/burger/burger_0133.jpg,burger,,train,no
data/food101_subset/burger/burger_0991.jpg,burger,,train,no
data/food101_subset/burger/burger_0775.jpg,burger,,train,no
data/food101_subset/burger/burger_0186.jpg,burger,,train,no
data/food101_subset/burger/burger_0042.jpg,burger,,train,no
data/food101_subset/burger/burger_0697.jpg,burger,,train,no
data/food101_subset/burger/burger_0109.jpg,burger,,train,no
data/food101_subset/burger/burger_0589.jpg,burger,,train,no
data/food101_subset/burger/burger_0057.jpg,burger,,train,no
data/food101_subset/burger/burger_0406.jpg,burger,,train,no
data/food101_subset/burger/burger_0443.jpg,burger,,train,no
data/food101_subset/burger/burger_0758.jpg,burger,,train,no
data/food101_subset/burger/burger_0998.jpg,burger,,train,no
data/food101_subset/burger/burger_0025.jpg,burger,,train,no
data/food101_subset/burger/burger_0468.jpg,burger,,train,no
data/food101_subset/burger/burger_0540.jpg,burger,,train,no
data/food101_subset/burger/burger_0532.jpg,burger,,train,no
data/food101_subset/burger/burger_0619.jpg,burger,,train,no
data/food101_subset/burger/burger_0695.jpg,burger,,train,no
data/food101_subset/burger/burger_0927.jpg,burger,,train,no
data/food101_subset/burger/burger_0339.jpg,burger,,train,no
data/food101_subset/burger/burger_0052.jpg,burger,,train,no
data/food101_subset/burger/burger_0508.jpg,burger,,train,no
data/food101_subset/burger/burger_0517.jpg,burger,,train,no
data/food101_subset/burger/burger_0921.jpg,burger,,train,no
data/food101_subset/burger/burger_0782.jpg,burger,,train,no
data/food101_subset/burger/burger_0265.jpg,burger,,train,no
data/food101_subset/burger/burger_0818.jpg,burger,,train,no
data/food101_subset/burger/burger_0711.jpg,burger,,train,no
data/food101_subset/burger/burger_0683.jpg,burger,,train,no
data/food101_subset/burger/burger_0833.jpg,burger,,train,no
data/food101_subset/burger/burger_0519.jpg,burger,,train,no
data/food101_subset/burger/burger_0448.jpg,burger,,train,no
data/food101_subset/burger/burger_0019.jpg,burger,,train,no
data/food101_subset/burger/burger_0716.jpg,burger,,train,no
data/food101_subset/burger/burger_0484.jpg,burger,,train,no
data/food101_subset/burger/burger_0569.jpg,burger,,train,no
data/food101_subset/burger/burger_0434.jpg,burger,,train,no
data/food101_subset/burger/burger_0368.jpg,burger,,train,no
data/food101_subset/burger/burger_0084.jpg,burger,,train,no
data/food101_subset/burger/burger_0062.jpg,burger,,train,no
data/food101_subset/burger/burger_0639.jpg,burger,,train,no
data/food101_subset/burger/burger_0273.jpg,burger,,train,no
data/food101_subset/burger/burger_0286.jpg,burger,,train,no
data/food101_subset/burger/burger_0361.jpg,burger,,train,no
data/food101_subset/burger/burger_0355.jpg,burger,,train,no
data/food101_subset/burger/burger_0457.jpg,burger,,train,no
data/food101_subset/burger/burger_0279.jpg,burger,,train,no
data/food101_subset/burger/burger_0013.jpg,burger,,train,no
data/food101_subset/burger/burger_0183.jpg,burger,,train,no
data/food101_subset/burger/burger_0369.jpg,burger,,train,no
data/food101_subset/burger/burger_0882.jpg,burger,,train,no
data/food101_subset/burger/burger_0616.jpg,burger,,train,no
data/food101_subset/burger/burger_0224.jpg,burger,,train,no
data/food101_subset/burger/burger_0573.jpg,burger,,train,no
data/food101_subset/burger/burger_0971.jpg,burger,,train,no
data/food101_subset/burger/burger_0654.jpg,burger,,train,no
data/food101_subset/burger/burger_0546.jpg,burger,,train,no
data/food101_subset/burger/burger_0583.jpg,burger,,train,no
data/food101_subset/burger/burger_0634.jpg,burger,,train,no
data/food101_subset/burger/burger_0177.jpg,burger,,train,no
data/food101_subset/burger/burger_0666.jpg,burger,,train,no
data/food101_subset/burger/burger_0674.jpg,burger,,train,no
data/food101_subset/burger/burger_0586.jpg,burger,,train,no
data/food101_subset/burger/burger_0874.jpg,burger,,train,no
data/food101_subset/burger/burger_0394.jpg,burger,,train,no
data/food101_subset/burger/burger_0164.jpg,burger,,train,no
data/food101_subset/burger/burger_0249.jpg,burger,,train,no
data/food101_subset/burger/burger_0635.jpg,burger,,train,no
data/food101_subset/burger/burger_0886.jpg,burger,,train,no
data/food101_subset/burger/burger_0670.jpg,burger,,train,no
data/food101_subset/burger/burger_0376.jpg,burger,,train,no
data/food101_subset/burger/burger_0413.jpg,burger,,train,no
data/food101_subset/burger/burger_0075.jpg,burger,,train,no
data/food101_subset/burger/burger_0114.jpg,burger,,train,no
data/food101_subset/burger/burger_0599.jpg,burger,,train,no
data/food101_subset/burger/burger_0962.jpg,burger,,train,no
data/food101_subset/burger/burger_0391.jpg,burger,,train,no
data/food101_subset/burger/burger_0105.jpg,burger,,train,no
data/food101_subset/burger/burger_0115.jpg,burger,,train,no
data/food101_subset/burger/burger_0418.jpg,burger,,train,no
data/food101_subset/burger/burger_0526.jpg,burger,,train,no
data/food101_subset/burger/burger_0458.jpg,burger,,train,no
data/food101_subset/burger/burger_0410.jpg,burger,,train,no
data/food101_subset/burger/burger_0093.jpg,burger,,train,no
data/food101_subset/burger/burger_0931.jpg,burger,,train,no
data/food101_subset/burger/burger_0090.jpg,burger,,train,no
data/food101_subset/burger/burger_0337.jpg,burger,,train,no
data/food101_subset/burger/burger_0989.jpg,burger,,train,no
data/food101_subset/burger/burger_0922.jpg,burger,,train,no
data/food101_subset/burger/burger_0934.jpg,burger,,train,no
data/food101_subset/burger/burger_0606.jpg,burger,,train,no
data/food101_subset/burger/burger_0594.jpg,burger,,train,no
data/food101_subset/burger/burger_0612.jpg,burger,,train,no
data/food101_subset/burger/burger_0095.jpg,burger,,train,no
data/food101_subset/burger/burger_0012.jpg,burger,,train,no
data/food101_subset/burger/burger_0397.jpg,burger,,train,no
data/food101_subset/burger/burger_0534.jpg,burger,,train,no
data/food101_subset/burger/burger_0044.jpg,burger,,train,no
data/food101_subset/burger/burger_0043.jpg,burger,,train,no
data/food101_subset/burger/burger_0330.jpg,burger,,train,no
data/food101_subset/burger/burger_0168.jpg,burger,,train,no
data/food101_subset/burger/burger_0498.jpg,burger,,train,no
data/food101_subset/burger/burger_0877.jpg,burger,,train,no
data/food101_subset/burger/burger_0598.jpg,burger,,train,no
data/food101_subset/burger/burger_0757.jpg,burger,,train,no
data/food101_subset/burger/burger_0101.jpg,burger,,train,no
data/food101_subset/burger/burger_0427.jpg,burger,,train,no
data/food101_subset/burger/burger_0179.jpg,burger,,train,no
data/food101_subset/burger/burger_0445.jpg,burger,,train,no
data/food101_subset/burger/burger_0417.jpg,burger,,train,no
data/food101_subset/burger/burger_0871.jpg,burger,,train,no
data/food101_subset/burger/burger_0883.jpg,burger,,train,no
data/food101_subset/burger/burger_0681.jpg,burger,,train,no
data/food101_subset/burger/burger_0178.jpg,burger,,train,no
data/food101_subset/burger/burger_0396.jpg,burger,,train,no
data/food101_subset/burger/burger_0912.jpg,burger,,train,no
data/food101_subset/burger/burger_0794.jpg,burger,,train,no
data/food101_subset/burger/burger_0961.jpg,burger,,train,no
data/food101_subset/burger/burger_0685.jpg,burger,,train,no
data/food101_subset/burger/burger_0384.jpg,burger,,train,no
data/food101_subset/burger/burger_0957.jpg,burger,,train,no
data/food101_subset/burger/burger_0752.jpg,burger,,train,no
data/food101_subset/burger/burger_0258.jpg,burger,,train,no
data/food101_subset/burger/burger_0539.jpg,burger,,train,no
data/food101_subset/burger/burger_0336.jpg,burger,,train,no
data/food101_subset/burger/burger_0016.jpg,burger,,train,no
data/food101_subset/burger/burger_0325.jpg,burger,,train,no
data/food101_subset/burger/burger_0759.jpg,burger,,train,no
data/food101_subset/burger/burger_0223.jpg,burger,,train,no
data/food101_subset/burger/burger_0180.jpg,burger,,train,no
data/food101_subset/burger/burger_0984.jpg,burger,,train,no
data/food101_subset/burger/burger_0023.jpg,burger,,train,no
data/food101_subset/burger/burger_0357.jpg,burger,,train,no
data/food101_subset/burger/burger_0667.jpg,burger,,train,no
data/food101_subset/burger/burger_0862.jpg,burger,,train,no
data/food101_subset/burger/burger_0341.jpg,burger,,train,no
data/food101_subset/burger/burger_0432.jpg,burger,,train,no
data/food101_subset/burger/burger_0552.jpg,burger,,train,no
data/food101_subset/burger/burger_0834.jpg,burger,,train,no
data/food101_subset/burger/burger_0204.jpg,burger,,train,no
data/food101_subset/burger/burger_0631.jpg,burger,,train,no
data/food101_subset/burger/burger_0094.jpg,burger,,train,no
data/food101_subset/burger/burger_0559.jpg,burger,,train,no
data/food101_subset/burger/burger_0069.jpg,burger,,train,no
data/food101_subset/burger/burger_0623.jpg,burger,,train,no
data/food101_subset/burger/burger_0285.jpg,burger,,train,no
data/food101_subset/burger/burger_0845.jpg,burger,,train,no
data/food101_subset/burger/burger_0435.jpg,burger,,train,no
data/food101_subset/burger/burger_0154.jpg,burger,,train,no
data/food101_subset/burger/burger_0076.jpg,burger,,train,no
data/food101_subset/burger/burger_0731.jpg,burger,,train,no
data/food101_subset/burger/burger_0447.jpg,burger,,train,no
data/food101_subset/burger/burger_0189.jpg,burger,,train,no
data/food101_subset/burger/burger_0272.jpg,burger,,train,no
data/food101_subset/burger/burger_0237.jpg,burger,,train,no
data/food101_subset/burger/burger_0488.jpg,burger,,train,no
data/food101_subset/burger/burger_0118.jpg,burger,,train,no
data/food101_subset/burger/burger_0944.jpg,burger,,train,no
data/food101_subset/burger/burger_0513.jpg,burger,,train,no
data/food101_subset/burger/burger_0826.jpg,burger,,train,no
data/food101_subset/burger/burger_0592.jpg,burger,,train,no
data/food101_subset/burger/burger_0127.jpg,burger,,train,no
data/food101_subset/burger/burger_0117.jpg,burger,,train,no
data/food101_subset/burger/burger_0474.jpg,burger,,train,no
data/food101_subset/burger/burger_0694.jpg,burger,,train,no
data/food101_subset/burger/burger_0058.jpg,burger,,train,no
data/food101_subset/burger/burger_0864.jpg,burger,,train,no
data/food101_subset/burger/burger_0913.jpg,burger,,train,no
data/food101_subset/burger/burger_0370.jpg,burger,,train,no
data/food101_subset/burger/burger_0269.jpg,burger,,train,no
data/food101_subset/burger/burger_0047.jpg,burger,,train,no
data/food101_subset/burger/burger_0350.jpg,burger,,train,no
data/food101_subset/burger/burger_0196.jpg,burger,,train,no
data/food101_subset/burger/burger_1000.jpg,burger,,train,no
data/food101_subset/burger/burger_0835.jpg,burger,,train,no
data/food101_subset/burger/burger_0737.jpg,burger,,train,no
data/food101_subset/burger/burger_0264.jpg,burger,,train,no
data/food101_subset/burger/burger_0444.jpg,burger,,train,no
data/food101_subset/burger/burger_0676.jpg,burger,,train,no
data/food101_subset/burger/burger_0305.jpg,burger,,train,no
data/food101_subset/burger/burger_0342.jpg,burger,,train,no
data/food101_subset/burger/burger_0967.jpg,burger,,train,no
data/food101_subset/burger/burger_0150.jpg,burger,,train,no
data/food101_subset/burger/burger_0125.jpg,burger,,train,no
data/food101_subset/burger/burger_0787.jpg,burger,,train,no
data/food101_subset/burger/burger_0051.jpg,burger,,train,no
data/food101_subset/burger/burger_0354.jpg,burger,,train,no
data/food101_subset/burger/burger_0928.jpg,burger,,train,no
data/food101_subset/burger/burger_0143.jpg,burger,,train,no
data/food101_subset/burger/burger_0471.jpg,burger,,train,no
data/food101_subset/burger/burger_0400.jpg,burger,,train,no
data/food101_subset/burger/burger_0626.jpg,burger,,train,no
data/food101_subset/burger/burger_0321.jpg,burger,,train,no
data/food101_subset/burger/burger_0020.jpg,burger,,train,no
data/food101_subset/burger/burger_0810.jpg,burger,,train,no
data/food101_subset/burger/burger_0791.jpg,burger,,train,no
data/food101_subset/burger/burger_0809.jpg,burger,,train,no
data/food101_subset/burger/burger_0408.jpg,burger,,train,no
data/food101_subset/burger/burger_0538.jpg,burger,,train,no
data/food101_subset/burger/burger_0621.jpg,burger,,train,no
data/food101_subset/burger/burger_0039.jpg,burger,,train,no
data/food101_subset/burger/burger_0176.jpg,burger,,train,no
data/food101_subset/burger/burger_0246.jpg,burger,,train,no
data/food101_subset/burger/burger_0829.jpg,burger,,train,no
data/food101_subset/burger/burger_0668.jpg,burger,,train,no
data/food101_subset/burger/burger_0755.jpg,burger,,train,no
data/food101_subset/burger/burger_0859.jpg,burger,,train,no
data/food101_subset/burger/burger_0155.jpg,burger,,train,no
data/food101_subset/burger/burger_0288.jpg,burger,,train,no
data/food101_subset/burger/burger_0603.jpg,burger,,train,no
data/food101_subset/burger/burger_0570.jpg,burger,,train,no
data/food101_subset/burger/burger_0744.jpg,burger,,train,no
data/food101_subset/burger/burger_0018.jpg,burger,,train,no
data/food101_subset/burger/burger_0128.jpg,burger,,train,no
data/food101_subset/burger/burger_0323.jpg,burger,,train,no
data/food101_subset/burger/burger_0256.jpg,burger,,train,no
data/food101_subset/burger/burger_0658.jpg,burger,,train,no
data/food101_subset/burger/burger_0965.jpg,burger,,train,no
data/food101_subset/burger/burger_0191.jpg,burger,,train,no
data/food101_subset/burger/burger_0116.jpg,burger,,train,no
data/food101_subset/burger/burger_0617.jpg,burger,,train,no
data/food101_subset/burger/burger_0607.jpg,burger,,train,no
data/food101_subset/burger/burger_0181.jpg,burger,,train,no
data/food101_subset/burger/burger_0302.jpg,burger,,train,no
data/food101_subset/burger/burger_0760.jpg,burger,,train,no
data/food101_subset/burger/burger_0713.jpg,burger,,train,no
data/food101_subset/burger/burger_0724.jpg,burger,,train,no
data/food101_subset/burger/burger_0686.jpg,burger,,train,no
data/food101_subset/burger/burger_0980.jpg,burger,,train,no
data/food101_subset/burger/burger_0518.jpg,burger,,train,no
data/food101_subset/burger/burger_0985.jpg,burger,,train,no
data/food101_subset/burger/burger_0046.jpg,burger,,train,no
data/food101_subset/burger/burger_0910.jpg,burger,,train,no
data/food101_subset/burger/burger_0158.jpg,burger,,train,no
data/food101_subset/burger/burger_0852.jpg,burger,,train,no
data/food101_subset/burger/burger_0172.jpg,burger,,train,no
data/food101_subset/burger/burger_0017.jpg,burger,,train,no
data/food101_subset/burger/burger_0512.jpg,burger,,train,no
data/food101_subset/burger/burger_0049.jpg,burger,,train,no
data/food101_subset/burger/burger_0972.jpg,burger,,train,no
data/food101_subset/burger/burger_0941.jpg,burger,,train,no
data/food101_subset/burger/burger_0516.jpg,burger,,train,no
data/food101_subset/burger/burger_0953.jpg,burger,,train,no
data/food101_subset/burger/burger_0481.jpg,burger,,train,no
data/food101_subset/burger/burger_0284.jpg,burger,,train,no
data/food101_subset/burger/burger_0719.jpg,burger,,train,no
data/food101_subset/burger/burger_0878.jpg,burger,,train,no
data/food101_subset/burger/burger_0226.jpg,burger,,train,no
data/food101_subset/burger/burger_0027.jpg,burger,,train,no
data/food101_subset/burger/burger_0955.jpg,burger,,train,no
data/food101_subset/burger/burger_0438.jpg,burger,,train,no
data/food101_subset/burger/burger_0952.jpg,burger,,train,no
data/food101_subset/burger/burger_0365.jpg,burger,,train,no
data/food101_subset/burger/burger_0230.jpg,burger,,train,no
data/food101_subset/burger/burger_0038.jpg,burger,,train,no
data/food101_subset/burger/burger_0966.jpg,burger,,train,no
data/food101_subset/burger/burger_0375.jpg,burger,,train,no
data/food101_subset/burger/burger_0470.jpg,burger,,train,no
data/food101_subset/burger/burger_0968.jpg,burger,,train,no
data/food101_subset/burger/burger_0851.jpg,burger,,train,no
data/food101_subset/burger/burger_0705.jpg,burger,,train,no
data/food101_subset/burger/burger_0842.jpg,burger,,train,no
data/food101_subset/burger/burger_0195.jpg,burger,,train,no
data/food101_subset/burger/burger_0855.jpg,burger,,train,no
data/food101_subset/burger/burger_0865.jpg,burger,,train,no
data/food101_subset/burger/burger_0504.jpg,burger,,train,no
data/food101_subset/burger/burger_0970.jpg,burger,,train,no
data/food101_subset/burger/burger_0831.jpg,burger,,train,no
data/food101_subset/burger/burger_0580.jpg,burger,,train,no
data/food101_subset/burger/burger_0969.jpg,burger,,train,no
data/food101_subset/burger/burger_0163.jpg,burger,,train,no
data/food101_subset/burger/burger_0909.jpg,burger,,train,no
data/food101_subset/burger/burger_0153.jpg,burger,,train,no
data/food101_subset/burger/burger_0802.jpg,burger,,train,no
data/food101_subset/burger/burger_0994.jpg,burger,,train,no
data/food101_subset/burger/burger_0756.jpg,burger,,train,no
data/food101_subset/burger/burger_0112.jpg,burger,,train,no
data/food101_subset/burger/burger_0227.jpg,burger,,train,no
data/food101_subset/burger/burger_0689.jpg,burger,,train,no
data/food101_subset/burger/burger_0104.jpg,burger,,train,no
data/food101_subset/burger/burger_0422.jpg,burger,,train,no
data/food101_subset/burger/burger_0420.jpg,burger,,train,no
data/food101_subset/burger/burger_0751.jpg,burger,,train,no
data/food101_subset/burger/burger_0587.jpg,burger,,train,no
data/food101_subset/burger/burger_0781.jpg,burger,,train,no
data/food101_subset/burger/burger_0673.jpg,burger,,train,no
data/food101_subset/burger/burger_0120.jpg,burger,,train,no
data/food101_subset/burger/burger_0054.jpg,burger,,train,no
data/food101_subset/burger/burger_0152.jpg,burger,,train,no
data/food101_subset/burger/burger_0404.jpg,burger,,train,no
data/food101_subset/burger/burger_0946.jpg,burger,,train,no
data/food101_subset/burger/burger_0208.jpg,burger,,train,no
data/food101_subset/burger/burger_0659.jpg,burger,,train,no
data/food101_subset/burger/burger_0844.jpg,burger,,train,no
data/food101_subset/burger/burger_0763.jpg,burger,,train,no
data/food101_subset/burger/burger_0009.jpg,burger,,train,no
data/food101_subset/burger/burger_0808.jpg,burger,,train,no
data/food101_subset/burger/burger_0037.jpg,burger,,train,no
data/food101_subset/burger/burger_0453.jpg,burger,,train,no
data/food101_subset/burger/burger_0652.jpg,burger,,train,no
data/food101_subset/burger/burger_0254.jpg,burger,,train,no
data/food101_subset/burger/burger_0304.jpg,burger,,train,no
data/food101_subset/burger/burger_0747.jpg,burger,,train,no
data/food101_subset/burger/burger_0572.jpg,burger,,train,no
data/food101_subset/burger/burger_0624.jpg,burger,,train,no
data/food101_subset/burger/burger_0733.jpg,burger,,train,no
data/food101_subset/burger/burger_0892.jpg,burger,,train,no
data/food101_subset/burger/burger_0263.jpg,burger,,train,no
data/food101_subset/burger/burger_0611.jpg,burger,,train,no
data/food101_subset/burger/burger_0298.jpg,burger,,train,no
data/food101_subset/burger/burger_0415.jpg,burger,,train,no
data/food101_subset/burger/burger_0151.jpg,burger,,train,no
data/food101_subset/burger/burger_0789.jpg,burger,,train,no
data/food101_subset/burger/burger_0641.jpg,burger,,train,no
data/food101_subset/burger/burger_0890.jpg,burger,,train,no
data/food101_subset/burger/burger_0551.jpg,burger,,train,no
data/food101_subset/burger/burger_0887.jpg,burger,,train,no
data/food101_subset/burger/burger_0489.jpg,burger,,train,no
data/food101_subset/burger/burger_0148.jpg,burger,,train,no
data/food101_subset/burger/burger_0147.jpg,burger,,train,no
data/food101_subset/burger/burger_0721.jpg,burger,,train,no
data/food101_subset/burger/burger_0932.jpg,burger,,train,no
data/food101_subset/burger/burger_0740.jpg,burger,,train,no
data/food101_subset/burger/burger_0660.jpg,burger,,train,no
data/food101_subset/burger/burger_0349.jpg,burger,,train,no
data/food101_subset/burger/burger_0464.jpg,burger,,train,no
data/food101_subset/burger/burger_0326.jpg,burger,,train,no
data/food101_subset/burger/burger_0187.jpg,burger,,train,no
data/food101_subset/burger/burger_0124.jpg,burger,,train,no
data/food101_subset/burger/burger_0854.jpg,burger,,train,no
data/food101_subset/burger/burger_0609.jpg,burger,,train,no
data/food101_subset/burger/burger_0144.jpg,burger,,train,no
data/food101_subset/burger/burger_0959.jpg,burger,,train,no
data/food101_subset/burger/burger_0198.jpg,burger,,train,no
data/food101_subset/burger/burger_0610.jpg,burger,,train,no
data/food101_subset/burger/burger_0280.jpg,burger,,train,no
data/food101_subset/burger/burger_0294.jpg,burger,,train,no
data/food101_subset/burger/burger_0401.jpg,burger,,train,no
data/food101_subset/burger/burger_0123.jpg,burger,,train,no
data/food101_subset/burger/burger_0184.jpg,burger,,train,no
data/food101_subset/burger/burger_0203.jpg,burger,,train,no
data/food101_subset/burger/burger_0439.jpg,burger,,train,no
data/food101_subset/burger/burger_0247.jpg,burger,,train,no
data/food101_subset/burger/burger_0416.jpg,burger,,train,no
data/food101_subset/burger/burger_0933.jpg,burger,,train,no
data/food101_subset/burger/burger_0766.jpg,burger,,train,no
data/food101_subset/burger/burger_0907.jpg,burger,,train,no
data/food101_subset/burger/burger_0836.jpg,burger,,train,no
data/food101_subset/burger/burger_0888.jpg,burger,,train,no
data/food101_subset/burger/burger_0130.jpg,burger,,train,no
data/food101_subset/burger/burger_0638.jpg,burger,,train,no
data/food101_subset/burger/burger_0403.jpg,burger,,train,no
data/food101_subset/burger/burger_0785.jpg,burger,,train,no
data/food101_subset/burger/burger_0771.jpg,burger,,train,no
data/food101_subset/burger/burger_0736.jpg,burger,,train,no
data/food101_subset/burger/burger_0914.jpg,burger,,train,no
data/food101_subset/burger/burger_0220.jpg,burger,,train,no
data/food101_subset/burger/burger_0642.jpg,burger,,train,no
data/food101_subset/burger/burger_0916.jpg,burger,,train,no
data/food101_subset/burger/burger_0753.jpg,burger,,train,no
data/food101_subset/burger/burger_0807.jpg,burger,,train,no
data/food101_subset/burger/burger_0920.jpg,burger,,train,no
data/food101_subset/burger/burger_0625.jpg,burger,,train,no
data/food101_subset/burger/burger_0875.jpg,burger,,train,no
data/food101_subset/burger/burger_0761.jpg,burger,,train,no
data/food101_subset/burger/burger_0387.jpg,burger,,train,no
data/food101_subset/burger/burger_0973.jpg,burger,,train,no
data/food101_subset/burger/burger_0510.jpg,burger,,train,no
data/food101_subset/burger/burger_0268.jpg,burger,,train,no
data/food101_subset/burger/burger_0820.jpg,burger,,train,no
data/food101_subset/burger/burger_0442.jpg,burger,,train,no
data/food101_subset/burger/burger_0497.jpg,burger,,train,no
data/food101_subset/burger/burger_0113.jpg,burger,,train,no
data/food101_subset/burger/burger_0692.jpg,burger,,train,no
data/food101_subset/burger/burger_0233.jpg,burger,,train,no
data/food101_subset/burger/burger_0870.jpg,burger,,train,no
data/food101_subset/burger/burger_0608.jpg,burger,,train,no
data/food101_subset/burger/burger_0672.jpg,burger,,train,no
data/food101_subset/burger/burger_0374.jpg,burger,,train,no
data/food101_subset/burger/burger_0982.jpg,burger,,train,no
data/food101_subset/burger/burger_0843.jpg,burger,,train,no
data/food101_subset/burger/burger_0234.jpg,burger,,train,no
data/food101_subset/burger/burger_0786.jpg,burger,,train,no
data/food101_subset/burger/burger_0677.jpg,burger,,train,no
data/food101_subset/burger/burger_0318.jpg,burger,,train,no
data/food101_subset/burger/burger_0649.jpg,burger,,train,no
data/food101_subset/burger/burger_0411.jpg,burger,,train,no
data/food101_subset/burger/burger_0899.jpg,burger,,train,no
data/food101_subset/burger/burger_0710.jpg,burger,,train,no
data/food101_subset/burger/burger_0359.jpg,burger,,train,no
data/food101_subset/burger/burger_0259.jpg,burger,,train,no
data/food101_subset/burger/burger_0745.jpg,burger,,train,no
data/food101_subset/burger/burger_0628.jpg,burger,,train,no
data/food101_subset/burger/burger_0633.jpg,burger,,train,no
data/food101_subset/burger/burger_0283.jpg,burger,,train,no
data/food101_subset/burger/burger_0377.jpg,burger,,train,no
data/food101_subset/burger/burger_0385.jpg,burger,,train,no
data/food101_subset/burger/burger_0225.jpg,burger,,train,no
data/food101_subset/burger/burger_0954.jpg,burger,,train,no
data/food101_subset/burger/burger_0815.jpg,burger,,train,no
data/food101_subset/burger/burger_0473.jpg,burger,,train,no
data/food101_subset/burger/burger_0348.jpg,burger,,train,no
data/food101_subset/burger/burger_0506.jpg,burger,,train,no
data/food101_subset/burger/burger_0640.jpg,burger,,train,no
data/food101_subset/burger/burger_0988.jpg,burger,,train,no
data/food101_subset/burger/burger_0929.jpg,burger,,train,no
data/food101_subset/burger/burger_0906.jpg,burger,,train,no
data/food101_subset/burger/burger_0620.jpg,burger,,train,no
data/food101_subset/burger/burger_0856.jpg,burger,,train,no
data/food101_subset/burger/burger_0804.jpg,burger,,train,no
data/food101_subset/burger/burger_0646.jpg,burger,,train,no
data/food101_subset/burger/burger_0847.jpg,burger,,train,no
data/food101_subset/burger/burger_0557.jpg,burger,,val,no
data/food101_subset/burger/burger_0958.jpg,burger,,val,no
data/food101_subset/burger/burger_0578.jpg,burger,,val,no
data/food101_subset/burger/burger_0796.jpg,burger,,val,no
data/food101_subset/burger/burger_0086.jpg,burger,,val,no
data/food101_subset/burger/burger_0243.jpg,burger,,val,no
data/food101_subset/burger/burger_0699.jpg,burger,,val,no
data/food101_subset/burger/burger_0160.jpg,burger,,val,no
data/food101_subset/burger/burger_0525.jpg,burger,,val,no
data/food101_subset/burger/burger_0036.jpg,burger,,val,no
data/food101_subset/burger/burger_0541.jpg,burger,,val,no
data/food101_subset/burger/burger_0171.jpg,burger,,val,no
data/food101_subset/burger/burger_0655.jpg,burger,,val,no
data/food101_subset/burger/burger_0891.jpg,burger,,val,no
data/food101_subset/burger/burger_0858.jpg,burger,,val,no
data/food101_subset/burger/burger_0848.jpg,burger,,val,no
data/food101_subset/burger/burger_0945.jpg,burger,,val,no
data/food101_subset/burger/burger_0734.jpg,burger,,val,no
data/food101_subset/burger/burger_0096.jpg,burger,,val,no
data/food101_subset/burger/burger_0564.jpg,burger,,val,no
data/food101_subset/burger/burger_0241.jpg,burger,,val,no
data/food101_subset/burger/burger_0743.jpg,burger,,val,no
data/food101_subset/burger/burger_0575.jpg,burger,,val,no
data/food101_subset/burger/burger_0691.jpg,burger,,val,no
data/food101_subset/burger/burger_0461.jpg,burger,,val,no
data/food101_subset/burger/burger_0554.jpg,burger,,val,no
data/food101_subset/burger/burger_0889.jpg,burger,,val,no
data/food101_subset/burger/burger_0207.jpg,burger,,val,no
data/food101_subset/burger/burger_0393.jpg,burger,,val,no
data/food101_subset/burger/burger_0795.jpg,burger,,val,no
data/food101_subset/burger/burger_0398.jpg,burger,,val,no
data/food101_subset/burger/burger_0767.jpg,burger,,val,no
data/food101_subset/burger/burger_0849.jpg,burger,,val,no
data/food101_subset/burger/burger_0218.jpg,burger,,val,no
data/food101_subset/burger/burger_0005.jpg,burger,,val,no
data/food101_subset/burger/burger_0769.jpg,burger,,val,no
data/food101_subset/burger/burger_0643.jpg,burger,,val,no
data/food101_subset/burger/burger_0930.jpg,burger,,val,no
data/food101_subset/burger/burger_0613.jpg,burger,,val,no
data/food101_subset/burger/burger_0739.jpg,burger,,val,no
data/food101_subset/burger/burger_0547.jpg,burger,,val,no
data/food101_subset/burger/burger_0726.jpg,burger,,val,no
data/food101_subset/burger/burger_0684.jpg,burger,,val,no
data/food101_subset/burger/burger_0099.jpg,burger,,val,no
data/food101_subset/burger/burger_0805.jpg,burger,,val,no
data/food101_subset/burger/burger_0728.jpg,burger,,val,no
data/food101_subset/burger/burger_0574.jpg,burger,,val,no
data/food101_subset/burger/burger_0407.jpg,burger,,val,no
data/food101_subset/burger/burger_0503.jpg,burger,,val,no
data/food101_subset/burger/burger_0048.jpg,burger,,val,no
data/food101_subset/burger/burger_0033.jpg,burger,,val,no
data/food101_subset/burger/burger_0780.jpg,burger,,val,no
data/food101_subset/burger/burger_0840.jpg,burger,,val,no
data/food101_subset/burger/burger_0201.jpg,burger,,val,no
data/food101_subset/burger/burger_0135.jpg,burger,,val,no
data/food101_subset/burger/burger_0028.jpg,burger,,val,no
data/food101_subset/burger/burger_0881.jpg,burger,,val,no
data/food101_subset/burger/burger_0231.jpg,burger,,val,no
data/food101_subset/burger/burger_0490.jpg,burger,,val,no
data/food101_subset/burger/burger_0773.jpg,burger,,val,no
data/food101_subset/burger/burger_0379.jpg,burger,,val,no
data/food101_subset/burger/burger_0289.jpg,burger,,val,no
data/food101_subset/burger/burger_0419.jpg,burger,,val,no
data/food101_subset/burger/burger_0675.jpg,burger,,val,no
data/food101_subset/burger/burger_0392.jpg,burger,,val,no
data/food101_subset/burger/burger_0593.jpg,burger,,val,no
data/food101_subset/burger/burger_0499.jpg,burger,,val,no
data/food101_subset/burger/burger_0139.jpg,burger,,val,no
data/food101_subset/burger/burger_0063.jpg,burger,,val,no
data/food101_subset/burger/burger_0472.jpg,burger,,val,no
data/food101_subset/burger/burger_0648.jpg,burger,,val,no
data/food101_subset/burger/burger_0129.jpg,burger,,val,no
data/food101_subset/burger/burger_0977.jpg,burger,,val,no
data/food101_subset/burger/burger_0521.jpg,burger,,val,no
data/food101_subset/burger/burger_0839.jpg,burger,,val,no
data/food101_subset/burger/burger_0963.jpg,burger,,val,no
data/food101_subset/burger/burger_0065.jpg,burger,,val,no
data/food101_subset/burger/burger_0813.jpg,burger,,val,no
data/food101_subset/burger/burger_0015.jpg,burger,,val,no
data/food101_subset/burger/burger_0157.jpg,burger,,val,no
data/food101_subset/burger/burger_0041.jpg,burger,,val,no
data/food101_subset/burger/burger_0493.jpg,burger,,val,no
data/food101_subset/burger/burger_0380.jpg,burger,,val,no
data/food101_subset/burger/burger_0188.jpg,burger,,val,no
data/food101_subset/burger/burger_0764.jpg,burger,,val,no
data/food101_subset/burger/burger_0217.jpg,burger,,val,no
data/food101_subset/burger/burger_0792.jpg,burger,,val,no
data/food101_subset/burger/burger_0053.jpg,burger,,val,no
data/food101_subset/burger/burger_0879.jpg,burger,,val,no
data/food101_subset/burger/burger_0338.jpg,burger,,val,no
data/food101_subset/burger/burger_0749.jpg,burger,,val,no
data/food101_subset/burger/burger_0720.jpg,burger,,val,no
data/food101_subset/burger/burger_0725.jpg,burger,,val,no
data/food101_subset/burger/burger_0296.jpg,burger,,val,no
data/food101_subset/burger/burger_0702.jpg,burger,,val,no
data/food101_subset/burger/burger_0252.jpg,burger,,val,no
data/food101_subset/burger/burger_0727.jpg,burger,,val,no
data/food101_subset/burger/burger_0462.jpg,burger,,val,no
data/food101_subset/burger/burger_0456.jpg,burger,,val,no
data/food101_subset/burger/burger_0997.jpg,burger,,val,no
data/food101_subset/burger/burger_0816.jpg,burger,,test,no
data/food101_subset/burger/burger_0863.jpg,burger,,test,no
data/food101_subset/burger/burger_0270.jpg,burger,,test,no
data/food101_subset/burger/burger_0202.jpg,burger,,test,no
data/food101_subset/burger/burger_0162.jpg,burger,,test,no
data/food101_subset/burger/burger_0556.jpg,burger,,test,no
data/food101_subset/burger/burger_0730.jpg,burger,,test,no
data/food101_subset/burger/burger_0402.jpg,burger,,test,no
data/food101_subset/burger/burger_0703.jpg,burger,,test,no
data/food101_subset/burger/burger_0477.jpg,burger,,test,no
data/food101_subset/burger/burger_0822.jpg,burger,,test,no
data/food101_subset/burger/burger_0772.jpg,burger,,test,no
data/food101_subset/burger/burger_0106.jpg,burger,,test,no
data/food101_subset/burger/burger_0566.jpg,burger,,test,no
data/food101_subset/burger/burger_0390.jpg,burger,,test,no
data/food101_subset/burger/burger_0002.jpg,burger,,test,no
data/food101_subset/burger/burger_0938.jpg,burger,,test,no
data/food101_subset/burger/burger_0983.jpg,burger,,test,no
data/food101_subset/burger/burger_0562.jpg,burger,,test,no
data/food101_subset/burger/burger_0081.jpg,burger,,test,no
data/food101_subset/burger/burger_0206.jpg,burger,,test,no
data/food101_subset/burger/burger_0035.jpg,burger,,test,no
data/food101_subset/burger/burger_0776.jpg,burger,,test,no
data/food101_subset/burger/burger_0509.jpg,burger,,test,no
data/food101_subset/burger/burger_0428.jpg,burger,,test,no
data/food101_subset/burger/burger_0455.jpg,burger,,test,no
data/food101_subset/burger/burger_0367.jpg,burger,,test,no
data/food101_subset/burger/burger_0092.jpg,burger,,test,no
data/food101_subset/burger/burger_0340.jpg,burger,,test,no
data/food101_subset/burger/burger_0898.jpg,burger,,test,no
data/food101_subset/burger/burger_0565.jpg,burger,,test,no
data/food101_subset/burger/burger_0346.jpg,burger,,test,no
data/food101_subset/burger/burger_0777.jpg,burger,,test,no
data/food101_subset/burger/burger_0242.jpg,burger,,test,no
data/food101_subset/burger/burger_0014.jpg,burger,,test,no
data/food101_subset/burger/burger_0316.jpg,burger,,test,no
data/food101_subset/burger/burger_0601.jpg,burger,,test,no
data/food101_subset/burger/burger_0388.jpg,burger,,test,no
data/food101_subset/burger/burger_0274.jpg,burger,,test,no
data/food101_subset/burger/burger_0167.jpg,burger,,test,no
data/food101_subset/burger/burger_0841.jpg,burger,,test,no
data/food101_subset/burger/burger_0993.jpg,burger,,test,no
data/food101_subset/burger/burger_0647.jpg,burger,,test,no
data/food101_subset/burger/burger_0819.jpg,burger,,test,no
data/food101_subset/burger/burger_0485.jpg,burger,,test,no
data/food101_subset/burger/burger_0981.jpg,burger,,test,no
data/food101_subset/burger/burger_0505.jpg,burger,,test,no
data/food101_subset/burger/burger_0832.jpg,burger,,test,no
data/food101_subset/burger/burger_0244.jpg,burger,,test,no
data/food101_subset/burger/burger_0567.jpg,burger,,test,no
data/food101_subset/burger/burger_0876.jpg,burger,,test,no
data/food101_subset/burger/burger_0563.jpg,burger,,test,no
data/food101_subset/burger/burger_0687.jpg,burger,,test,no
data/food101_subset/burger/burger_0190.jpg,burger,,test,no
data/food101_subset/burger/burger_0783.jpg,burger,,test,no
data/food101_subset/burger/burger_0700.jpg,burger,,test,no
data/food101_subset/burger/burger_0476.jpg,burger,,test,no
data/food101_subset/burger/burger_0682.jpg,burger,,test,no
data/food101_subset/burger/burger_0511.jpg,burger,,test,no
data/food101_subset/burger/burger_0059.jpg,burger,,test,no
data/food101_subset/burger/burger_0475.jpg,burger,,test,no
data/food101_subset/burger/burger_0561.jpg,burger,,test,no
data/food101_subset/burger/burger_0857.jpg,burger,,test,no
data/food101_subset/burger/burger_0748.jpg,burger,,test,no
data/food101_subset/burger/burger_0253.jpg,burger,,test,no
data/food101_subset/burger/burger_0022.jpg,burger,,test,no
data/food101_subset/burger/burger_0314.jpg,burger,,test,no
data/food101_subset/burger/burger_0460.jpg,burger,,test,no
data/food101_subset/burger/burger_0161.jpg,burger,,test,no
data/food101_subset/burger/burger_0277.jpg,burger,,test,no
data/food101_subset/burger/burger_0956.jpg,burger,,test,no
data/food101_subset/burger/burger_0192.jpg,burger,,test,no
data/food101_subset/burger/burger_0386.jpg,burger,,test,no
data/food101_subset/burger/burger_0806.jpg,burger,,test,no
data/food101_subset/burger/burger_0414.jpg,burger,,test,no
data/food101_subset/burger/burger_0492.jpg,burger,,test,no
data/food101_subset/burger/burger_0344.jpg,burger,,test,no
data/food101_subset/burger/burger_0770.jpg,burger,,test,no
data/food101_subset/burger/burger_0309.jpg,burger,,test,no
data/food101_subset/burger/burger_0662.jpg,burger,,test,no
data/food101_subset/burger/burger_0131.jpg,burger,,test,no
data/food101_subset/burger/burger_0664.jpg,burger,,test,no
data/food101_subset/burger/burger_0872.jpg,burger,,test,no
data/food101_subset/burger/burger_0100.jpg,burger,,test,no
data/food101_subset/burger/burger_0373.jpg,burger,,test,no
data/food101_subset/burger/burger_0088.jpg,burger,,test,no
data/food101_subset/burger/burger_0459.jpg,burger,,test,no
data/food101_subset/burger/burger_0331.jpg,burger,,test,no
data/food101_subset/burger/burger_0215.jpg,burger,,test,no
data/food101_subset/burger/burger_0467.jpg,burger,,test,no
data/food101_subset/burger/burger_0122.jpg,burger,,test,no
data/food101_subset/burger/burger_0615.jpg,burger,,test,no
data/food101_subset/burger/burger_0021.jpg,burger,,test,no
data/food101_subset/burger/burger_0701.jpg,burger,,test,no
data/food101_subset/burger/burger_0072.jpg,burger,,test,no
data/food101_subset/burger/burger_0107.jpg,burger,,test,no
data/food101_subset/burger/burger_0271.jpg,burger,,test,no
data/food101_subset/burger/burger_0861.jpg,burger,,test,no
data/food101_subset/burger/burger_0436.jpg,burger,,test,no
data/food101_subset/burger/burger_0103.jpg,burger,,test,no
data/food101_subset/pasta/pasta_0522.jpg,pasta,,train,no
data/food101_subset/pasta/pasta_0738.jpg,pasta,,train,no
data/food101_subset/pasta/pasta_0741.jpg,pasta,,train,no
data/food101_subset/pasta/pasta_0661.jpg,pasta,,train,no
data/food101_subset/pasta/pasta_0412.jpg,pasta,,train,no
data/food101_subset/pasta/pasta_0679.jpg,pasta,,train,no
data/food101_subset/pasta/pasta_0627.jpg,pasta,,train,no
data/food101_subset/pasta/pasta_0514.jpg,pasta,,train,no
data/food101_subset/pasta/pasta_0860.jpg,pasta,,train,no
data/food101_subset/pasta/pasta_0137.jpg,pasta,,train,no
data/food101_subset/pasta/pasta_0812.jpg,pasta,,train,no
data/food101_subset/pasta/pasta_0077.jpg,pasta,,train,no
data/food101_subset/pasta/pasta_0637.jpg,pasta,,train,no
data/food101_subset/pasta/pasta_0974.jpg,pasta,,train,no
data/food101_subset/pasta/pasta_0939.jpg,pasta,,train,no
data/food101_subset/pasta/pasta_0900.jpg,pasta,,train,no
data/food101_subset/pasta/pasta_0281.jpg,pasta,,train,no
data/food101_subset/pasta/pasta_0884.jpg,pasta,,train,no
data/food101_subset/pasta/pasta_0762.jpg,pasta,,train,no
data/food101_subset/pasta/pasta_0320.jpg,pasta,,train,no
data/food101_subset/pasta/pasta_0550.jpg,pasta,,train,no
data/food101_subset/pasta/pasta_0175.jpg,pasta,,train,no
data/food101_subset/pasta/pasta_0372.jpg,pasta,,train,no
data/food101_subset/pasta/pasta_0528.jpg,pasta,,train,no
data/food101_subset/pasta/pasta_0211.jpg,pasta,,train,no
data/food101_subset/pasta/pasta_0236.jpg,pasta,,train,no
data/food101_subset/pasta/pasta_0102.jpg,pasta,,train,no
data/food101_subset/pasta/pasta_0987.jpg,pasta,,train,no
data/food101_subset/pasta/pasta_0903.jpg,pasta,,train,no
data/food101_subset/pasta/pasta_0948.jpg,pasta,,train,no
data/food101_subset/pasta/pasta_0347.jpg,pasta,,train,no
data/food101_subset/pasta/pasta_0140.jpg,pasta,,train,no
data/food101_subset/pasta/pasta_0622.jpg,pasta,,train,no
data/food101_subset/pasta/pasta_0500.jpg,pasta,,train,no
data/food101_subset/pasta/pasta_0371.jpg,pasta,,train,no
data/food101_subset/pasta/pasta_0199.jpg,pasta,,train,no
data/food101_subset/pasta/pasta_0688.jpg,pasta,,train,no
data/food101_subset/pasta/pasta_0585.jpg,pasta,,train,no
data/food101_subset/pasta/pasta_0902.jpg,pasta,,train,no
data/food101_subset/pasta/pasta_0060.jpg,pasta,,train,no
data/food101_subset/pasta/pasta_0329.jpg,pasta,,train,no
data/food101_subset/pasta/pasta_0097.jpg,pasta,,train,no
data/food101_subset/pasta/pasta_0313.jpg,pasta,,train,no
data/food101_subset/pasta/pasta_0975.jpg,pasta,,train,no
data/food101_subset/pasta/pasta_0300.jpg,pasta,,train,no
data/food101_subset/pasta/pasta_0278.jpg,pasta,,train,no
data/food101_subset/pasta/pasta_0925.jpg,pasta,,train,no
data/food101_subset/pasta/pasta_0602.jpg,pasta,,train,no
data/food101_subset/pasta/pasta_0440.jpg,pasta,,train,no
data/food101_subset/pasta/pasta_0838.jpg,pasta,,train,no
data/food101_subset/pasta/pasta_0571.jpg,pasta,,train,no
data/food101_subset/pasta/pasta_0880.jpg,pasta,,train,no
data/food101_subset/pasta/pasta_0262.jpg,pasta,,train,no
data/food101_subset/pasta/pasta_0579.jpg,pasta,,train,no
data/food101_subset/pasta/pasta_0024.jpg,pasta,,train,no
data/food101_subset/pasta/pasta_0031.jpg,pasta,,train,no
data/food101_subset/pasta/pasta_0618.jpg,pasta,,train,no
data/food101_subset/pasta/pasta_0011.jpg,pasta,,train,no
data/food101_subset/pasta/pasta_0222.jpg,pasta,,train,no
data/food101_subset/pasta/pasta_0821.jpg,pasta,,train,no
data/food101_subset/pasta/pasta_0297.jpg,pasta,,train,no
data/food101_subset/pasta/pasta_0055.jpg,pasta,,train,no
data/food101_subset/pasta/pasta_0543.jpg,pasta,,train,no
data/food101_subset/pasta/pasta_0210.jpg,pasta,,train,no
data/food101_subset/pasta/pasta_0605.jpg,pasta,,train,no
data/food101_subset/pasta/pasta_0693.jpg,pasta,,train,no
data/food101_subset/pasta/pasta_0663.jpg,pasta,,train,no
data/food101_subset/pasta/pasta_0867.jpg,pasta,,train,no
data/food101_subset/pasta/pasta_0071.jpg,pasta,,train,no
data/food101_subset/pasta/pasta_0544.jpg,pasta,,train,no
data/food101_subset/pasta/pasta_0108.jpg,pasta,,train,no
data/food101_subset/pasta/pasta_0494.jpg,pasta,,train,no
data/food101_subset/pasta/pasta_0591.jpg,pasta,,train,no
data/food101_subset/pasta/pasta_0742.jpg,pasta,,train,no
data/food101_subset/pasta/pasta_0293.jpg,pasta,,train,no
data/food101_subset/pasta/pasta_0290.jpg,pasta,,train,no
data/food101_subset/pasta/pasta_0653.jpg,pasta,,train,no
data/food101_subset/pasta/pasta_0040.jpg,pasta,,train,no
data/food101_subset/pasta/pasta_0590.jpg,pasta,,train,no
data/food101_subset/pasta/pasta_0308.jpg,pasta,,train,no
data/food101_subset/pasta/pasta_0680.jpg,pasta,,train,no
data/food101_subset/pasta/pasta_0067.jpg,pasta,,train,no
data/food101_subset/pasta/pasta_0276.jpg,pasta,,train,no
data/food101_subset/pasta/pasta_0068.jpg,pasta,,train,no
data/food101_subset/pasta/pasta_0319.jpg,pasta,,train,no
data/food101_subset/pasta/pasta_0549.jpg,pasta,,train,no
data/food101_subset/pasta/pasta_0999.jpg,pasta,,train,no
data/food101_subset/pasta/pasta_0715.jpg,pasta,,train,no
data/food101_subset/pasta/pasta_0754.jpg,pasta,,train,no
data/food101_subset/pasta/pasta_0328.jpg,pasta,,train,no
data/food101_subset/pasta/pasta_0383.jpg,pasta,,train,no
data/food101_subset/pasta/pasta_0452.jpg,pasta,,train,no
data/food101_subset/pasta/pasta_0523.jpg,pasta,,train,no
data/food101_subset/pasta/pasta_0219.jpg,pasta,,train,no
data/food101_subset/pasta/pasta_0788.jpg,pasta,,train,no
data/food101_subset/pasta/pasta_0437.jpg,pasta,,train,no
data/food101_subset/pasta/pasta_0765.jpg,pasta,,train,no
data/food101_subset/pasta/pasta_0089.jpg,pasta,,train,no
data/food101_subset/pasta/pasta_0064.jpg,pasta,,train,no
data/food101_subset/pasta/pasta_0827.jpg,pasta,,train,no
data/food101_subset/pasta/pasta_0717.jpg,pasta,,train,no
data/food101_subset/pasta/pasta_0352.jpg,pasta,,train,no
data/food101_subset/pasta/pasta_0937.jpg,pasta,,train,no
data/food101_subset/pasta/pasta_0257.jpg,pasta,,train,no
data/food101_subset/pasta/pasta_0636.jpg,pasta,,train,no
data/food101_subset/pasta/pasta_0645.jpg,pasta,,train,no
data/food101_subset/pasta/pasta_0555.jpg,pasta,,train,no
data/food101_subset/pasta/pasta_0960.jpg,pasta,,train,no
data/food101_subset/pasta/pasta_0169.jpg,pasta,,train,no
data/food101_subset/pasta/pasta_0918.jpg,pasta,,train,no
data/food101_subset/pasta/pasta_0529.jpg,pasta,,train,no
data/food101_subset/pasta/pasta_0824.jpg,pasta,,train,no
data/food101_subset/pasta/pasta_0986.jpg,pasta,,train,no
data/food101_subset/pasta/pasta_0817.jpg,pasta,,train,no
data/food101_subset/pasta/pasta_0087.jpg,pasta,,train,no
data/food101_subset/pasta/pasta_0433.jpg,pasta,,train,no
data/food101_subset/pasta/pasta_0185.jpg,pasta,,train,no
data/food101_subset/pasta/pasta_0979.jpg,pasta,,train,no
data/food101_subset/pasta/pasta_0535.jpg,pasta,,train,no
data/food101_subset/pasta/pasta_0295.jpg,pasta,,train,no
data/food101_subset/pasta/pasta_0893.jpg,pasta,,train,no
data/food101_subset/pasta/pasta_0426.jpg,pasta,,train,no
data/food101_subset/pasta/pasta_0714.jpg,pasta,,train,no
data/food101_subset/pasta/pasta_0261.jpg,pasta,,train,no
data/food101_subset/pasta/pasta_0238.jpg,pasta,,train,no
data/food101_subset/pasta/pasta_0560.jpg,pasta,,train,no
data/food101_subset/pasta/pasta_0584.jpg,pasta,,train,no
data/food101_subset/pasta/pasta_0446.jpg,pasta,,train,no
data/food101_subset/pasta/pasta_0868.jpg,pasta,,train,no
data/food101_subset/pasta/pasta_0801.jpg,pasta,,train,no
data/food101_subset/pasta/pasta_0600.jpg,pasta,,train,no
data/food101_subset/pasta/pasta_0850.jpg,pasta,,train,no
data/food101_subset/pasta/pasta_0266.jpg,pasta,,train,no
data/food101_subset/pasta/pasta_0996.jpg,pasta,,train,no
data/food101_subset/pasta/pasta_0530.jpg,pasta,,train,no
data/food101_subset/pasta/pasta_0056.jpg,pasta,,train,no
data/food101_subset/pasta/pasta_0121.jpg,pasta,,train,no
data/food101_subset/pasta/pasta_0216.jpg,pasta,,train,no
data/food101_subset/pasta/pasta_0026.jpg,pasta,,train,no
data/food101_subset/pasta/pasta_0073.jpg,pasta,,train,no
data/food101_subset/pasta/pasta_0045.jpg,pasta,,train,no
data/food101_subset/pasta/pasta_0248.jpg,pasta,,train,no
data/food101_subset/pasta/pasta_0722.jpg,pasta,,train,no
data/food101_subset/pasta/pasta_0282.jpg,pasta,,train,no
data/food101_subset/pasta/pasta_0894.jpg,pasta,,train,no
data/food101_subset/pasta/pasta_0915.jpg,pasta,,train,no
data/food101_subset/pasta/pasta_0811.jpg,pasta,,train,no
data/food101_subset/pasta/pasta_0245.jpg,pasta,,train,no
data/food101_subset/pasta/pasta_0823.jpg,pasta,,train,no
data/food101_subset/pasta/pasta_0322.jpg,pasta,,train,no
data/food101_subset/pasta/pasta_0644.jpg,pasta,,train,no
data/food101_subset/pasta/pasta_0159.jpg,pasta,,train,no
data/food101_subset/pasta/pasta_0978.jpg,pasta,,train,no
data/food101_subset/pasta/pasta_0430.jpg,pasta,,train,no
data/food101_subset/pasta/pasta_0942.jpg,pasta,,train,no
data/food101_subset/pasta/pasta_0463.jpg,pasta,,train,no
data/food101_subset/pasta/pasta_0310.jpg,pasta,,train,no
data/food101_subset/pasta/pasta_0698.jpg,pasta,,train,no
data/food101_subset/pasta/pasta_0061.jpg,pasta,,train,no
data/food101_subset/pasta/pasta_0885.jpg,pasta,,train,no
data/food101_subset/pasta/pasta_0596.jpg,pasta,,train,no
data/food101_subset/pasta/pasta_0768.jpg,pasta,,train,no
data/food101_subset/pasta/pasta_0650.jpg,pasta,,train,no
data/food101_subset/pasta/pasta_0651.jpg,pasta,,train,no
data/food101_subset/pasta/pasta_0866.jpg,pasta,,train,no
data/food101_subset/pasta/pasta_0669.jpg,pasta,,train,no
data/food101_subset/pasta/pasta_0299.jpg,pasta,,train,no
data/food101_subset/pasta/pasta_0690.jpg,pasta,,train,no
data/food101_subset/pasta/pasta_0315.jpg,pasta,,train,no
data/food101_subset/pasta/pasta_0311.jpg,pasta,,train,no
data/food101_subset/pasta/pasta_0362.jpg,pasta,,train,no
data/food101_subset/pasta/pasta_0480.jpg,pasta,,train,no
data/food101_subset/pasta/pasta_0111.jpg,pasta,,train,no
data/food101_subset/pasta/pasta_0990.jpg,pasta,,train,no
data/food101_subset/pasta/pasta_0487.jpg,pasta,,train,no
data/food101_subset/pasta/pasta_0364.jpg,pasta,,train,no
data/food101_subset/pasta/pasta_0255.jpg,pasta,,train,no
data/food101_subset/pasta/pasta_0260.jpg,pasta,,train,no
data/food101_subset/pasta/pasta_0803.jpg,pasta,,train,no
data/food101_subset/pasta/pasta_0678.jpg,pasta,,train,no
data/food101_subset/pasta/pasta_0495.jpg,pasta,,train,no
data/food101_subset/pasta/pasta_0671.jpg,pasta,,train,no
data/food101_subset/pasta/pasta_0378.jpg,pasta,,train,no
data/food101_subset/pasta/pasta_0527.jpg,pasta,,train,no
data/food101_subset/pasta/pasta_0846.jpg,pasta,,train,no
data/food101_subset/pasta/pasta_0138.jpg,pasta,,train,no
data/food101_subset/pasta/pasta_0356.jpg,pasta,,train,no
data/food101_subset/pasta/pasta_0366.jpg,pasta,,train,no
data/food101_subset/pasta/pasta_0943.jpg,pasta,,train,no
data/food101_subset/pasta/pasta_0750.jpg,pasta,,train,no
data/food101_subset/pasta/pasta_0949.jpg,pasta,,train,no
data/food101_subset/pasta/pasta_0830.jpg,pasta,,train,no
data/food101_subset/pasta/pasta_0657.jpg,pasta,,train,no
data/food101_subset/pasta/pasta_0200.jpg,pasta,,train,no
data/food101_subset/pasta/pasta_0214.jpg,pasta,,train,no
data/food101_subset/pasta/pasta_0409.jpg,pasta,,train,no
data/food101_subset/pasta/pasta_0333.jpg,pasta,,train,no
data/food101_subset/pasta/pasta_0209.jpg,pasta,,train,no
data/food101_subset/pasta/pasta_0614.jpg,pasta,,train,no
data/food101_subset/pasta/pasta_0079.jpg,pasta,,train,no
data/food101_subset/pasta/pasta_0030.jpg,pasta,,train,no
data/food101_subset/pasta/pasta_0536.jpg,pasta,,train,no
data/food101_subset/pasta/pasta_0696.jpg,pasta,,train,no
data/food101_subset/pasta/pasta_0558.jpg,pasta,,train,no
data/food101_subset/pasta/pasta_0837.jpg,pasta,,train,no
data/food101_subset/pasta/pasta_0597.jpg,pasta,,train,no
data/food101_subset/pasta/pasta_0166.jpg,pasta,,train,no
data/food101_subset/pasta/pasta_0919.jpg,pasta,,train,no
data/food101_subset/pasta/pasta_0496.jpg,pasta,,train,no
data/food101_subset/pasta/pasta_0825.jpg,pasta,,train,no
data/food101_subset/pasta/pasta_0066.jpg,pasta,,train,no
data/food101_subset/pasta/pasta_0142.jpg,pasta,,train,no
data/food101_subset/pasta/pasta_0926.jpg,pasta,,train,no
data/food101_subset/pasta/pasta_0828.jpg,pasta,,train,no
data/food101_subset/pasta/pasta_0656.jpg,pasta,,train,no
data/food101_subset/pasta/pasta_0332.jpg,pasta,,train,no
data/food101_subset/pasta/pasta_0665.jpg,pasta,,train,no
data/food101_subset/pasta/pasta_0250.jpg,pasta,,train,no
data/food101_subset/pasta/pasta_0908.jpg,pasta,,train,no
data/food101_subset/pasta/pasta_0709.jpg,pasta,,train,no
data/food101_subset/pasta/pasta_0306.jpg,pasta,,train,no
data/food101_subset/pasta/pasta_0735.jpg,pasta,,train,no
data/food101_subset/pasta/pasta_0976.jpg,pasta,,train,no
data/food101_subset/pasta/pasta_0050.jpg,pasta,,train,no
data/food101_subset/pasta/pasta_0897.jpg,pasta,,train,no
data/food101_subset/pasta/pasta_0003.jpg,pasta,,train,no
data/food101_subset/pasta/pasta_0545.jpg,pasta,,train,no
data/food101_subset/pasta/pasta_0351.jpg,pasta,,train,no
data/food101_subset/pasta/pasta_0905.jpg,pasta,,train,no
data/food101_subset/pasta/pasta_0537.jpg,pasta,,train,no
data/food101_subset/pasta/pasta_0345.jpg,pasta,,train,no
data/food101_subset/pasta/pasta_0995.jpg,pasta,,train,no
data/food101_subset/pasta/pasta_0482.jpg,pasta,,train,no
data/food101_subset/pasta/pasta_0576.jpg,pasta,,train,no
data/food101_subset/pasta/pasta_0034.jpg,pasta,,train,no
data/food101_subset/pasta/pasta_0032.jpg,pasta,,train,no
data/food101_subset/pasta/pasta_0232.jpg,pasta,,train,no
data/food101_subset/pasta/pasta_0964.jpg,pasta,,train,no
data/food101_subset/pasta/pasta_0193.jpg,pasta,,train,no
data/food101_subset/pasta/pasta_0334.jpg,pasta,,train,no
data/food101_subset/pasta/pasta_0004.jpg,pasta,,train,no
data/food101_subset/pasta/pasta_0205.jpg,pasta,,train,no
data/food101_subset/pasta/pasta_0515.jpg,pasta,,train,no
data/food101_subset/pasta/pasta_0800.jpg,pasta,,train,no
data/food101_subset/pasta/pasta_0307.jpg,pasta,,train,no
data/food101_subset/pasta/pasta_0110.jpg,pasta,,train,no
data/food101_subset/pasta/pasta_0431.jpg,pasta,,train,no
data/food101_subset/pasta/pasta_0078.jpg,pasta,,train,no
data/food101_subset/pasta/pasta_0085.jpg,pasta,,train,no
data/food101_subset/pasta/pasta_0287.jpg,pasta,,train,no
data/food101_subset/pasta/pasta_0083.jpg,pasta,,train,no
data/food101_subset/pasta/pasta_0992.jpg,pasta,,train,no
data/food101_subset/pasta/pasta_0790.jpg,pasta,,train,no
data/food101_subset/pasta/pasta_0895.jpg,pasta,,train,no
data/food101_subset/pasta/pasta_0399.jpg,pasta,,train,no
data/food101_subset/pasta/pasta_0324.jpg,pasta,,train,no
data/food101_subset/pasta/pasta_0520.jpg,pasta,,train,no
data/food101_subset/pasta/pasta_0917.jpg,pasta,,train,no
data/food101_subset/pasta/pasta_0923.jpg,pasta,,train,no
data/food101_subset/pasta/pasta_0006.jpg,pasta,,train,no
data/food101_subset/pasta/pasta_0732.jpg,pasta,,train,no
data/food101_subset/pasta/pasta_0466.jpg,pasta,,train,no
data/food101_subset/pasta/pasta_0098.jpg,pasta,,train,no
data/food101_subset/pasta/pasta_0267.jpg,pasta,,train,no
data/food101_subset/pasta/pasta_0358.jpg,pasta,,train,no
data/food101_subset/pasta/pasta_0869.jpg,pasta,,train,no
data/food101_subset/pasta/pasta_0799.jpg,pasta,,train,no
data/food101_subset/pasta/pasta_0381.jpg,pasta,,train,no
data/food101_subset/pasta/pasta_0632.jpg,pasta,,train,no
data/food101_subset/pasta/pasta_0382.jpg,pasta,,train,no
data/food101_subset/pasta/pasta_0491.jpg,pasta,,train,no
data/food101_subset/pasta/pasta_0119.jpg,pasta,,train,no
data/food101_subset/pasta/pasta_0901.jpg,pasta,,train,no
data/food101_subset/pasta/pasta_0251.jpg,pasta,,train,no
data/food101_subset/pasta/pasta_0524.jpg,pasta,,train,no
data/food101_subset/pasta/pasta_0010.jpg,pasta,,train,no
data/food101_subset/pasta/pasta_0197.jpg,pasta,,train,no
data/food101_subset/pasta/pasta_0604.jpg,pasta,,train,no
data/food101_subset/pasta/pasta_0082.jpg,pasta,,train,no
data/food101_subset/pasta/pasta_0784.jpg,pasta,,train,no
data/food101_subset/pasta/pasta_0588.jpg,pasta,,train,no
data/food101_subset/pasta/pasta_0798.jpg,pasta,,train,no
data/food101_subset/pasta/pasta_0240.jpg,pasta,,train,no
data/food101_subset/pasta/pasta_0291.jpg,pasta,,train,no
data/food101_subset/pasta/pasta_0212.jpg,pasta,,train,no
data/food101_subset/pasta/pasta_0718.jpg,pasta,,train,no
data/food101_subset/pasta/pasta_0360.jpg,pasta,,train,no
data/food101_subset/pasta/pasta_0450.jpg,pasta,,train,no
data/food101_subset/pasta/pasta_0228.jpg,pasta,,train,no
data/food101_subset/pasta/pasta_0951.jpg,pasta,,train,no
data/food101_subset/pasta/pasta_0947.jpg,pasta,,train,no
data/food101_subset/pasta/pasta_0797.jpg,pasta,,train,no
data/food101_subset/pasta/pasta_0502.jpg,pasta,,train,no
data/food101_subset/pasta/pasta_0465.jpg,pasta,,train,no
data/food101_subset/pasta/pasta_0363.jpg,pasta,,train,no
data/food101_subset/pasta/pasta_0469.jpg,pasta,,train,no
data/food101_subset/pasta/pasta_0936.jpg,pasta,,train,no
data/food101_subset/pasta/pasta_0429.jpg,pasta,,train,no
data/food101_subset/pasta/pasta_0008.jpg,pasta,,train,no
data/food101_subset/pasta/pasta_0156.jpg,pasta,,train,no
data/food101_subset/pasta/pasta_0542.jpg,pasta,,train,no
data/food101_subset/pasta/pasta_0441.jpg,pasta,,train,no
data/food101_subset/pasta/pasta_0483.jpg,pasta,,train,no
data/food101_subset/pasta/pasta_0423.jpg,pasta,,train,no
data/food101_subset/pasta/pasta_0779.jpg,pasta,,train,no
data/food101_subset/pasta/pasta_0950.jpg,pasta,,train,no
data/food101_subset/pasta/pasta_0335.jpg,pasta,,train,no
data/food101_subset/pasta/pasta_0577.jpg,pasta,,train,no
data/food101_subset/pasta/pasta_0935.jpg,pasta,,train,no
data/food101_subset/pasta/pasta_0568.jpg,pasta,,train,no
data/food101_subset/pasta/pasta_0595.jpg,pasta,,train,no
data/food101_subset/pasta/pasta_0531.jpg,pasta,,train,no
data/food101_subset/pasta/pasta_0582.jpg,pasta,,train,no
data/food101_subset/pasta/pasta_0708.jpg,pasta,,train,no
data/food101_subset/pasta/pasta_0449.jpg,pasta,,train,no
data/food101_subset/pasta/pasta_0454.jpg,pasta,,train,no
data/food101_subset/pasta/pasta_0229.jpg,pasta,,train,no
data/food101_subset/pasta/pasta_0353.jpg,pasta,,train,no
data/food101_subset/pasta/pasta_0729.jpg,pasta,,train,no
data/food101_subset/pasta/pasta_0213.jpg,pasta,,train,no
data/food101_subset/pasta/pasta_0080.jpg,pasta,,train,no
data/food101_subset/pasta/pasta_0149.jpg,pasta,,train,no
data/food101_subset/pasta/pasta_0303.jpg,pasta,,train,no
data/food101_subset/pasta/pasta_0629.jpg,pasta,,train,no
data/food101_subset/pasta/pasta_0778.jpg,pasta,,train,no
data/food101_subset/pasta/pasta_0507.jpg,pasta,,train,no
data/food101_subset/pasta/pasta_0343.jpg,pasta,,train,no
data/food101_subset/pasta/pasta_0486.jpg,pasta,,train,no
data/food101_subset/pasta/pasta_0712.jpg,pasta,,train,no
data/food101_subset/pasta/pasta_0134.jpg,pasta,,train,no
data/food101_subset/pasta/pasta_0704.jpg,pasta,,train,no
data/food101_subset/pasta/pasta_0312.jpg,pasta,,train,no
data/food101_subset/pasta/pasta_0723.jpg,pasta,,train,no
data/food101_subset/pasta/pasta_0630.jpg,pasta,,train,no
data/food101_subset/pasta/pasta_0001.jpg,pasta,,train,no
data/food101_subset/pasta/pasta_0317.jpg,pasta,,train,no
data/food101_subset/pasta/pasta_0707.jpg,pasta,,train,no
data/food101_subset/pasta/pasta_0548.jpg,pasta,,train,no
data/food101_subset/pasta/pasta_0873.jpg,pasta,,train,no
data/food101_subset/pasta/pasta_0533.jpg,pasta,,train,no
data/food101_subset/pasta/pasta_0478.jpg,pasta,,train,no
data/food101_subset/pasta/pasta_0405.jpg,pasta,,train,no
data/food101_subset/pasta/pasta_0173.jpg,pasta,,train,no
data/food101_subset/pasta/pasta_0126.jpg,pasta,,train,no
data/food101_subset/pasta/pasta_0395.jpg,pasta,,train,no
data/food101_subset/pasta/pasta_0421.jpg,pasta,,train,no
data/food101_subset/pasta/pasta_0553.jpg,pasta,,train,no
data/food101_subset/pasta/pasta_0904.jpg,pasta,,train,no
data/food101_subset/pasta/pasta_0091.jpg,pasta,,train,no
data/food101_subset/pasta/pasta_0940.jpg,pasta,,train,no
data/food101_subset/pasta/pasta_0182.jpg,pasta,,train,no
data/food101_subset/pasta/pasta_0275.jpg,pasta,,train,no
data/food101_subset/pasta/pasta_0896.jpg,pasta,,train,no
data/food101_subset/pasta/pasta_0070.jpg,pasta,,train,no
data/food101_subset/pasta/pasta_0292.jpg,pasta,,train,no
data/food101_subset/pasta/pasta_0132.jpg,pasta,,train,no
data/food101_subset/pasta/pasta_0301.jpg,pasta,,train,no
data/food101_subset/pasta/pasta_0425.jpg,pasta,,train,no
data/food101_subset/pasta/pasta_0327.jpg,pasta,,train,no
data/food101_subset/pasta/pasta_0145.jpg,pasta,,train,no
data/food101_subset/pasta/pasta_0424.jpg,pasta,,train,no
data/food101_subset/pasta/pasta_0581.jpg,pasta,,train,no
data/food101_subset/pasta/pasta_0136.jpg,pasta,,train,no
data/food101_subset/pasta/pasta_0451.jpg,pasta,,train,no
data/food101_subset/pasta/pasta_0165.jpg,pasta,,train,no
data/food101_subset/pasta/pasta_0029.jpg,pasta,,train,no
data/food101_subset/pasta/pasta_0774.jpg,pasta,,train,no
data/food101_subset/pasta/pasta_0194.jpg,pasta,,train,no
data/food101_subset/pasta/pasta_0389.jpg,pasta,,train,no
data/food101_subset/pasta/pasta_0853.jpg,pasta,,train,no
data/food101_subset/pasta/pasta_0170.jpg,pasta,,train,no
data/food101_subset/pasta/pasta_0706.jpg,pasta,,train,no
data/food101_subset/pasta/pasta_0141.jpg,pasta,,train,no
data/food101_subset/pasta/pasta_0174.jpg,pasta,,train,no
data/food101_subset/pasta/pasta_0007.jpg,pasta,,train,no
data/food101_subset/pasta/pasta_0746.jpg,pasta,,train,no
data/food101_subset/pasta/pasta_0479.jpg,pasta,,train,no
data/food101_subset/pasta/pasta_0074.jpg,pasta,,train,no
data/food101_subset/pasta/pasta_0911.jpg,pasta,,train,no
data/food101_subset/pasta/pasta_0814.jpg,pasta,,train,no
data/food101_subset/pasta/pasta_0239.jpg,pasta,,train,no
data/food101_subset/pasta/pasta_0146.jpg,pasta,,train,no
data/food101_subset/pasta/pasta_0793.jpg,pasta,,train,no
data/food101_subset/pasta/pasta_0235.jpg,pasta,,train,no
data/food101_subset/pasta/pasta_0221.jpg,pasta,,train,no
data/food101_subset/pasta/pasta_0924.jpg,pasta,,train,no
data/food101_subset/pasta/pasta_0501.jpg,pasta,,train,no
data/food101_subset/pasta/pasta_0133.jpg,pasta,,train,no
data/food101_subset/pasta/pasta_0991.jpg,pasta,,train,no
data/food101_subset/pasta/pasta_0775.jpg,pasta,,train,no
data/food101_subset/pasta/pasta_0186.jpg,pasta,,train,no
data/food101_subset/pasta/pasta_0042.jpg,pasta,,train,no
data/food101_subset/pasta/pasta_0697.jpg,pasta,,train,no
data/food101_subset/pasta/pasta_0109.jpg,pasta,,train,no
data/food101_subset/pasta/pasta_0589.jpg,pasta,,train,no
data/food101_subset/pasta/pasta_0057.jpg,pasta,,train,no
data/food101_subset/pasta/pasta_0406.jpg,pasta,,train,no
data/food101_subset/pasta/pasta_0443.jpg,pasta,,train,no
data/food101_subset/pasta/pasta_0758.jpg,pasta,,train,no
data/food101_subset/pasta/pasta_0998.jpg,pasta,,train,no
data/food101_subset/pasta/pasta_0025.jpg,pasta,,train,no
data/food101_subset/pasta/pasta_0468.jpg,pasta,,train,no
data/food101_subset/pasta/pasta_0540.jpg,pasta,,train,no
data/food101_subset/pasta/pasta_0532.jpg,pasta,,train,no
data/food101_subset/pasta/pasta_0619.jpg,pasta,,train,no
data/food101_subset/pasta/pasta_0695.jpg,pasta,,train,no
data/food101_subset/pasta/pasta_0927.jpg,pasta,,train,no
data/food101_subset/pasta/pasta_0339.jpg,pasta,,train,no
data/food101_subset/pasta/pasta_0052.jpg,pasta,,train,no
data/food101_subset/pasta/pasta_0508.jpg,pasta,,train,no
data/food101_subset/pasta/pasta_0517.jpg,pasta,,train,no
data/food101_subset/pasta/pasta_0921.jpg,pasta,,train,no
data/food101_subset/pasta/pasta_0782.jpg,pasta,,train,no
data/food101_subset/pasta/pasta_0265.jpg,pasta,,train,no
data/food101_subset/pasta/pasta_0818.jpg,pasta,,train,no
data/food101_subset/pasta/pasta_0711.jpg,pasta,,train,no
data/food101_subset/pasta/pasta_0683.jpg,pasta,,train,no
data/food101_subset/pasta/pasta_0833.jpg,pasta,,train,no
data/food101_subset/pasta/pasta_0519.jpg,pasta,,train,no
data/food101_subset/pasta/pasta_0448.jpg,pasta,,train,no
data/food101_subset/pasta/pasta_0019.jpg,pasta,,train,no
data/food101_subset/pasta/pasta_0716.jpg,pasta,,train,no
data/food101_subset/pasta/pasta_0484.jpg,pasta,,train,no
data/food101_subset/pasta/pasta_0569.jpg,pasta,,train,no
data/food101_subset/pasta/pasta_0434.jpg,pasta,,train,no
data/food101_subset/pasta/pasta_0368.jpg,pasta,,train,no
data/food101_subset/pasta/pasta_0084.jpg,pasta,,train,no
data/food101_subset/pasta/pasta_0062.jpg,pasta,,train,no
data/food101_subset/pasta/pasta_0639.jpg,pasta,,train,no
data/food101_subset/pasta/pasta_0273.jpg,pasta,,train,no
data/food101_subset/pasta/pasta_0286.jpg,pasta,,train,no
data/food101_subset/pasta/pasta_0361.jpg,pasta,,train,no
data/food101_subset/pasta/pasta_0355.jpg,pasta,,train,no
data/food101_subset/pasta/pasta_0457.jpg,pasta,,train,no
data/food101_subset/pasta/pasta_0279.jpg,pasta,,train,no
data/food101_subset/pasta/pasta_0013.jpg,pasta,,train,no
data/food101_subset/pasta/pasta_0183.jpg,pasta,,train,no
data/food101_subset/pasta/pasta_0369.jpg,pasta,,train,no
data/food101_subset/pasta/pasta_0882.jpg,pasta,,train,no
data/food101_subset/pasta/pasta_0616.jpg,pasta,,train,no
data/food101_subset/pasta/pasta_0224.jpg,pasta,,train,no
data/food101_subset/pasta/pasta_0573.jpg,pasta,,train,no
data/food101_subset/pasta/pasta_0971.jpg,pasta,,train,no
data/food101_subset/pasta/pasta_0654.jpg,pasta,,train,no
data/food101_subset/pasta/pasta_0546.jpg,pasta,,train,no
data/food101_subset/pasta/pasta_0583.jpg,pasta,,train,no
data/food101_subset/pasta/pasta_0634.jpg,pasta,,train,no
data/food101_subset/pasta/pasta_0177.jpg,pasta,,train,no
data/food101_subset/pasta/pasta_0666.jpg,pasta,,train,no
data/food101_subset/pasta/pasta_0674.jpg,pasta,,train,no
data/food101_subset/pasta/pasta_0586.jpg,pasta,,train,no
data/food101_subset/pasta/pasta_0874.jpg,pasta,,train,no
data/food101_subset/pasta/pasta_0394.jpg,pasta,,train,no
data/food101_subset/pasta/pasta_0164.jpg,pasta,,train,no
data/food101_subset/pasta/pasta_0249.jpg,pasta,,train,no
data/food101_subset/pasta/pasta_0635.jpg,pasta,,train,no
data/food101_subset/pasta/pasta_0886.jpg,pasta,,train,no
data/food101_subset/pasta/pasta_0670.jpg,pasta,,train,no
data/food101_subset/pasta/pasta_0376.jpg,pasta,,train,no
data/food101_subset/pasta/pasta_0413.jpg,pasta,,train,no
data/food101_subset/pasta/pasta_0075.jpg,pasta,,train,no
data/food101_subset/pasta/pasta_0114.jpg,pasta,,train,no
data/food101_subset/pasta/pasta_0599.jpg,pasta,,train,no
data/food101_subset/pasta/pasta_0962.jpg,pasta,,train,no
data/food101_subset/pasta/pasta_0391.jpg,pasta,,train,no
data/food101_subset/pasta/pasta_0105.jpg,pasta,,train,no
data/food101_subset/pasta/pasta_0115.jpg,pasta,,train,no
data/food101_subset/pasta/pasta_0418.jpg,pasta,,train,no
data/food101_subset/pasta/pasta_0526.jpg,pasta,,train,no
data/food101_subset/pasta/pasta_0458.jpg,pasta,,train,no
data/food101_subset/pasta/pasta_0410.jpg,pasta,,train,no
data/food101_subset/pasta/pasta_0093.jpg,pasta,,train,no
data/food101_subset/pasta/pasta_0931.jpg,pasta,,train,no
data/food101_subset/pasta/pasta_0090.jpg,pasta,,train,no
data/food101_subset/pasta/pasta_0337.jpg,pasta,,train,no
data/food101_subset/pasta/pasta_0989.jpg,pasta,,train,no
data/food101_subset/pasta/pasta_0922.jpg,pasta,,train,no
data/food101_subset/pasta/pasta_0934.jpg,pasta,,train,no
data/food101_subset/pasta/pasta_0606.jpg,pasta,,train,no
data/food101_subset/pasta/pasta_0594.jpg,pasta,,train,no
data/food101_subset/pasta/pasta_0612.jpg,pasta,,train,no
data/food101_subset/pasta/pasta_0095.jpg,pasta,,train,no
data/food101_subset/pasta/pasta_0012.jpg,pasta,,train,no
data/food101_subset/pasta/pasta_0397.jpg,pasta,,train,no
data/food101_subset/pasta/pasta_0534.jpg,pasta,,train,no
data/food101_subset/pasta/pasta_0044.jpg,pasta,,train,no
data/food101_subset/pasta/pasta_0043.jpg,pasta,,train,no
data/food101_subset/pasta/pasta_0330.jpg,pasta,,train,no
data/food101_subset/pasta/pasta_0168.jpg,pasta,,train,no
data/food101_subset/pasta/pasta_0498.jpg,pasta,,train,no
data/food101_subset/pasta/pasta_0877.jpg,pasta,,train,no
data/food101_subset/pasta/pasta_0598.jpg,pasta,,train,no
data/food101_subset/pasta/pasta_0757.jpg,pasta,,train,no
data/food101_subset/pasta/pasta_0101.jpg,pasta,,train,no
data/food101_subset/pasta/pasta_0427.jpg,pasta,,train,no
data/food101_subset/pasta/pasta_0179.jpg,pasta,,train,no
data/food101_subset/pasta/pasta_0445.jpg,pasta,,train,no
data/food101_subset/pasta/pasta_0417.jpg,pasta,,train,no
data/food101_subset/pasta/pasta_0871.jpg,pasta,,train,no
data/food101_subset/pasta/pasta_0883.jpg,pasta,,train,no
data/food101_subset/pasta/pasta_0681.jpg,pasta,,train,no
data/food101_subset/pasta/pasta_0178.jpg,pasta,,train,no
data/food101_subset/pasta/pasta_0396.jpg,pasta,,train,no
data/food101_subset/pasta/pasta_0912.jpg,pasta,,train,no
data/food101_subset/pasta/pasta_0794.jpg,pasta,,train,no
data/food101_subset/pasta/pasta_0961.jpg,pasta,,train,no
data/food101_subset/pasta/pasta_0685.jpg,pasta,,train,no
data/food101_subset/pasta/pasta_0384.jpg,pasta,,train,no
data/food101_subset/pasta/pasta_0957.jpg,pasta,,train,no
data/food101_subset/pasta/pasta_0752.jpg,pasta,,train,no
data/food101_subset/pasta/pasta_0258.jpg,pasta,,train,no
data/food101_subset/pasta/pasta_0539.jpg,pasta,,train,no
data/food101_subset/pasta/pasta_0336.jpg,pasta,,train,no
data/food101_subset/pasta/pasta_0016.jpg,pasta,,train,no
data/food101_subset/pasta/pasta_0325.jpg,pasta,,train,no
data/food101_subset/pasta/pasta_0759.jpg,pasta,,train,no
data/food101_subset/pasta/pasta_0223.jpg,pasta,,train,no
data/food101_subset/pasta/pasta_0180.jpg,pasta,,train,no
data/food101_subset/pasta/pasta_0984.jpg,pasta,,train,no
data/food101_subset/pasta/pasta_0023.jpg,pasta,,train,no
data/food101_subset/pasta/pasta_0357.jpg,pasta,,train,no
data/food101_subset/pasta/pasta_0667.jpg,pasta,,train,no
data/food101_subset/pasta/pasta_0862.jpg,pasta,,train,no
data/food101_subset/pasta/pasta_0341.jpg,pasta,,train,no
data/food101_subset/pasta/pasta_0432.jpg,pasta,,train,no
data/food101_subset/pasta/pasta_0552.jpg,pasta,,train,no
data/food101_subset/pasta/pasta_0834.jpg,pasta,,train,no
data/food101_subset/pasta/pasta_0204.jpg,pasta,,train,no
data/food101_subset/pasta/pasta_0631.jpg,pasta,,train,no
data/food101_subset/pasta/pasta_0094.jpg,pasta,,train,no
data/food101_subset/pasta/pasta_0559.jpg,pasta,,train,no
data/food101_subset/pasta/pasta_0069.jpg,pasta,,train,no
data/food101_subset/pasta/pasta_0623.jpg,pasta,,train,no
data/food101_subset/pasta/pasta_0285.jpg,pasta,,train,no
data/food101_subset/pasta/pasta_0845.jpg,pasta,,train,no
data/food101_subset/pasta/pasta_0435.jpg,pasta,,train,no
data/food101_subset/pasta/pasta_0154.jpg,pasta,,train,no
data/food101_subset/pasta/pasta_0076.jpg,pasta,,train,no
data/food101_subset/pasta/pasta_0731.jpg,pasta,,train,no
data/food101_subset/pasta/pasta_0447.jpg,pasta,,train,no
data/food101_subset/pasta/pasta_0189.jpg,pasta,,train,no
data/food101_subset/pasta/pasta_0272.jpg,pasta,,train,no
data/food101_subset/pasta/pasta_0237.jpg,pasta,,train,no
data/food101_subset/pasta/pasta_0488.jpg,pasta,,train,no
data/food101_subset/pasta/pasta_0118.jpg,pasta,,train,no
data/food101_subset/pasta/pasta_0944.jpg,pasta,,train,no
data/food101_subset/pasta/pasta_0513.jpg,pasta,,train,no
data/food101_subset/pasta/pasta_0826.jpg,pasta,,train,no
data/food101_subset/pasta/pasta_0592.jpg,pasta,,train,no
data/food101_subset/pasta/pasta_0127.jpg,pasta,,train,no
data/food101_subset/pasta/pasta_0117.jpg,pasta,,train,no
data/food101_subset/pasta/pasta_0474.jpg,pasta,,train,no
data/food101_subset/pasta/pasta_0694.jpg,pasta,,train,no
data/food101_subset/pasta/pasta_0058.jpg,pasta,,train,no
data/food101_subset/pasta/pasta_0864.jpg,pasta,,train,no
data/food101_subset/pasta/pasta_0913.jpg,pasta,,train,no
data/food101_subset/pasta/pasta_0370.jpg,pasta,,train,no
data/food101_subset/pasta/pasta_0269.jpg,pasta,,train,no
data/food101_subset/pasta/pasta_0047.jpg,pasta,,train,no
data/food101_subset/pasta/pasta_0350.jpg,pasta,,train,no
data/food101_subset/pasta/pasta_0196.jpg,pasta,,train,no
data/food101_subset/pasta/pasta_1000.jpg,pasta,,train,no
data/food101_subset/pasta/pasta_0835.jpg,pasta,,train,no
data/food101_subset/pasta/pasta_0737.jpg,pasta,,train,no
data/food101_subset/pasta/pasta_0264.jpg,pasta,,train,no
data/food101_subset/pasta/pasta_0444.jpg,pasta,,train,no
data/food101_subset/pasta/pasta_0676.jpg,pasta,,train,no
data/food101_subset/pasta/pasta_0305.jpg,pasta,,train,no
data/food101_subset/pasta/pasta_0342.jpg,pasta,,train,no
data/food101_subset/pasta/pasta_0967.jpg,pasta,,train,no
data/food101_subset/pasta/pasta_0150.jpg,pasta,,train,no
data/food101_subset/pasta/pasta_0125.jpg,pasta,,train,no
data/food101_subset/pasta/pasta_0787.jpg,pasta,,train,no
data/food101_subset/pasta/pasta_0051.jpg,pasta,,train,no
data/food101_subset/pasta/pasta_0354.jpg,pasta,,train,no
data/food101_subset/pasta/pasta_0928.jpg,pasta,,train,no
data/food101_subset/pasta/pasta_0143.jpg,pasta,,train,no
data/food101_subset/pasta/pasta_0471.jpg,pasta,,train,no
data/food101_subset/pasta/pasta_0400.jpg,pasta,,train,no
data/food101_subset/pasta/pasta_0626.jpg,pasta,,train,no
data/food101_subset/pasta/pasta_0321.jpg,pasta,,train,no
data/food101_subset/pasta/pasta_0020.jpg,pasta,,train,no
data/food101_subset/pasta/pasta_0810.jpg,pasta,,train,no
data/food101_subset/pasta/pasta_0791.jpg,pasta,,train,no
data/food101_subset/pasta/pasta_0809.jpg,pasta,,train,no
data/food101_subset/pasta/pasta_0408.jpg,pasta,,train,no
data/food101_subset/pasta/pasta_0538.jpg,pasta,,train,no
data/food101_subset/pasta/pasta_0621.jpg,pasta,,train,no
data/food101_subset/pasta/pasta_0039.jpg,pasta,,train,no
data/food101_subset/pasta/pasta_0176.jpg,pasta,,train,no
data/food101_subset/pasta/pasta_0246.jpg,pasta,,train,no
data/food101_subset/pasta/pasta_0829.jpg,pasta,,train,no
data/food101_subset/pasta/pasta_0668.jpg,pasta,,train,no
data/food101_subset/pasta/pasta_0755.jpg,pasta,,train,no
data/food101_subset/pasta/pasta_0859.jpg,pasta,,train,no
data/food101_subset/pasta/pasta_0155.jpg,pasta,,train,no
data/food101_subset/pasta/pasta_0288.jpg,pasta,,train,no
data/food101_subset/pasta/pasta_0603.jpg,pasta,,train,no
data/food101_subset/pasta/pasta_0570.jpg,pasta,,train,no
data/food101_subset/pasta/pasta_0744.jpg,pasta,,train,no
data/food101_subset/pasta/pasta_0018.jpg,pasta,,train,no
data/food101_subset/pasta/pasta_0128.jpg,pasta,,train,no
data/food101_subset/pasta/pasta_0323.jpg,pasta,,train,no
data/food101_subset/pasta/pasta_0256.jpg,pasta,,train,no
data/food101_subset/pasta/pasta_0658.jpg,pasta,,train,no
data/food101_subset/pasta/pasta_0965.jpg,pasta,,train,no
data/food101_subset/pasta/pasta_0191.jpg,pasta,,train,no
data/food101_subset/pasta/pasta_0116.jpg,pasta,,train,no
data/food101_subset/pasta/pasta_0617.jpg,pasta,,train,no
data/food101_subset/pasta/pasta_0607.jpg,pasta,,train,no
data/food101_subset/pasta/pasta_0181.jpg,pasta,,train,no
data/food101_subset/pasta/pasta_0302.jpg,pasta,,train,no
data/food101_subset/pasta/pasta_0760.jpg,pasta,,train,no
data/food101_subset/pasta/pasta_0713.jpg,pasta,,train,no
data/food101_subset/pasta/pasta_0724.jpg,pasta,,train,no
data/food101_subset/pasta/pasta_0686.jpg,pasta,,train,no
data/food101_subset/pasta/pasta_0980.jpg,pasta,,train,no
data/food101_subset/pasta/pasta_0518.jpg,pasta,,train,no
data/food101_subset/pasta/pasta_0985.jpg,pasta,,train,no
data/food101_subset/pasta/pasta_0046.jpg,pasta,,train,no
data/food101_subset/pasta/pasta_0910.jpg,pasta,,train,no
data/food101_subset/pasta/pasta_0158.jpg,pasta,,train,no
data/food101_subset/pasta/pasta_0852.jpg,pasta,,train,no
data/food101_subset/pasta/pasta_0172.jpg,pasta,,train,no
data/food101_subset/pasta/pasta_0017.jpg,pasta,,train,no
data/food101_subset/pasta/pasta_0512.jpg,pasta,,train,no
data/food101_subset/pasta/pasta_0049.jpg,pasta,,train,no
data/food101_subset/pasta/pasta_0972.jpg,pasta,,train,no
data/food101_subset/pasta/pasta_0941.jpg,pasta,,train,no
data/food101_subset/pasta/pasta_0516.jpg,pasta,,train,no
data/food101_subset/pasta/pasta_0953.jpg,pasta,,train,no
data/food101_subset/pasta/pasta_0481.jpg,pasta,,train,no
data/food101_subset/pasta/pasta_0284.jpg,pasta,,train,no
data/food101_subset/pasta/pasta_0719.jpg,pasta,,train,no
data/food101_subset/pasta/pasta_0878.jpg,pasta,,train,no
data/food101_subset/pasta/pasta_0226.jpg,pasta,,train,no
data/food101_subset/pasta/pasta_0027.jpg,pasta,,train,no
data/food101_subset/pasta/pasta_0955.jpg,pasta,,train,no
data/food101_subset/pasta/pasta_0438.jpg,pasta,,train,no
data/food101_subset/pasta/pasta_0952.jpg,pasta,,train,no
data/food101_subset/pasta/pasta_0365.jpg,pasta,,train,no
data/food101_subset/pasta/pasta_0230.jpg,pasta,,train,no
data/food101_subset/pasta/pasta_0038.jpg,pasta,,train,no
data/food101_subset/pasta/pasta_0966.jpg,pasta,,train,no
data/food101_subset/pasta/pasta_0375.jpg,pasta,,train,no
data/food101_subset/pasta/pasta_0470.jpg,pasta,,train,no
data/food101_subset/pasta/pasta_0968.jpg,pasta,,train,no
data/food101_subset/pasta/pasta_0851.jpg,pasta,,train,no
data/food101_subset/pasta/pasta_0705.jpg,pasta,,train,no
data/food101_subset/pasta/pasta_0842.jpg,pasta,,train,no
data/food101_subset/pasta/pasta_0195.jpg,pasta,,train,no
data/food101_subset/pasta/pasta_0855.jpg,pasta,,train,no
data/food101_subset/pasta/pasta_0865.jpg,pasta,,train,no
data/food101_subset/pasta/pasta_0504.jpg,pasta,,train,no
data/food101_subset/pasta/pasta_0970.jpg,pasta,,train,no
data/food101_subset/pasta/pasta_0831.jpg,pasta,,train,no
data/food101_subset/pasta/pasta_0580.jpg,pasta,,train,no
data/food101_subset/pasta/pasta_0969.jpg,pasta,,train,no
data/food101_subset/pasta/pasta_0163.jpg,pasta,,train,no
data/food101_subset/pasta/pasta_0909.jpg,pasta,,train,no
data/food101_subset/pasta/pasta_0153.jpg,pasta,,train,no
data/food101_subset/pasta/pasta_0802.jpg,pasta,,train,no
data/food101_subset/pasta/pasta_0994.jpg,pasta,,train,no
data/food101_subset/pasta/pasta_0756.jpg,pasta,,train,no
data/food101_subset/pasta/pasta_0112.jpg,pasta,,train,no
data/food101_subset/pasta/pasta_0227.jpg,pasta,,train,no
data/food101_subset/pasta/pasta_0689.jpg,pasta,,train,no
data/food101_subset/pasta/pasta_0104.jpg,pasta,,train,no
data/food101_subset/pasta/pasta_0422.jpg,pasta,,train,no
data/food101_subset/pasta/pasta_0420.jpg,pasta,,train,no
data/food101_subset/pasta/pasta_0751.jpg,pasta,,train,no
data/food101_subset/pasta/pasta_0587.jpg,pasta,,train,no
data/food101_subset/pasta/pasta_0781.jpg,pasta,,train,no
data/food101_subset/pasta/pasta_0673.jpg,pasta,,train,no
data/food101_subset/pasta/pasta_0120.jpg,pasta,,train,no
data/food101_subset/pasta/pasta_0054.jpg,pasta,,train,no
data/food101_subset/pasta/pasta_0152.jpg,pasta,,train,no
data/food101_subset/pasta/pasta_0404.jpg,pasta,,train,no
data/food101_subset/pasta/pasta_0946.jpg,pasta,,train,no
data/food101_subset/pasta/pasta_0208.jpg,pasta,,train,no
data/food101_subset/pasta/pasta_0659.jpg,pasta,,train,no
data/food101_subset/pasta/pasta_0844.jpg,pasta,,train,no
data/food101_subset/pasta/pasta_0763.jpg,pasta,,train,no
data/food101_subset/pasta/pasta_0009.jpg,pasta,,train,no
data/food101_subset/pasta/pasta_0808.jpg,pasta,,train,no
data/food101_subset/pasta/pasta_0037.jpg,pasta,,train,no
data/food101_subset/pasta/pasta_0453.jpg,pasta,,train,no
data/food101_subset/pasta/pasta_0652.jpg,pasta,,train,no
data/food101_subset/pasta/pasta_0254.jpg,pasta,,train,no
data/food101_subset/pasta/pasta_0304.jpg,pasta,,train,no
data/food101_subset/pasta/pasta_0747.jpg,pasta,,train,no
data/food101_subset/pasta/pasta_0572.jpg,pasta,,train,no
data/food101_subset/pasta/pasta_0624.jpg,pasta,,train,no
data/food101_subset/pasta/pasta_0733.jpg,pasta,,train,no
data/food101_subset/pasta/pasta_0892.jpg,pasta,,train,no
data/food101_subset/pasta/pasta_0263.jpg,pasta,,train,no
data/food101_subset/pasta/pasta_0611.jpg,pasta,,train,no
data/food101_subset/pasta/pasta_0298.jpg,pasta,,train,no
data/food101_subset/pasta/pasta_0415.jpg,pasta,,train,no
data/food101_subset/pasta/pasta_0151.jpg,pasta,,train,no
data/food101_subset/pasta/pasta_0789.jpg,pasta,,train,no
data/food101_subset/pasta/pasta_0641.jpg,pasta,,train,no
data/food101_subset/pasta/pasta_0890.jpg,pasta,,train,no
data/food101_subset/pasta/pasta_0551.jpg,pasta,,train,no
data/food101_subset/pasta/pasta_0887.jpg,pasta,,train,no
data/food101_subset/pasta/pasta_0489.jpg,pasta,,train,no
data/food101_subset/pasta/pasta_0148.jpg,pasta,,train,no
data/food101_subset/pasta/pasta_0147.jpg,pasta,,train,no
data/food101_subset/pasta/pasta_0721.jpg,pasta,,train,no
data/food101_subset/pasta/pasta_0932.jpg,pasta,,train,no
data/food101_subset/pasta/pasta_0740.jpg,pasta,,train,no
data/food101_subset/pasta/pasta_0660.jpg,pasta,,train,no
data/food101_subset/pasta/pasta_0349.jpg,pasta,,train,no
data/food101_subset/pasta/pasta_0464.jpg,pasta,,train,no
data/food101_subset/pasta/pasta_0326.jpg,pasta,,train,no
data/food101_subset/pasta/pasta_0187.jpg,pasta,,train,no
data/food101_subset/pasta/pasta_0124.jpg,pasta,,train,no
data/food101_subset/pasta/pasta_0854.jpg,pasta,,train,no
data/food101_subset/pasta/pasta_0609.jpg,pasta,,train,no
data/food101_subset/pasta/pasta_0144.jpg,pasta,,train,no
data/food101_subset/pasta/pasta_0959.jpg,pasta,,train,no
data/food101_subset/pasta/pasta_0198.jpg,pasta,,train,no
data/food101_subset/pasta/pasta_0610.jpg,pasta,,train,no
data/food101_subset/pasta/pasta_0280.jpg,pasta,,train,no
data/food101_subset/pasta/pasta_0294.jpg,pasta,,train,no
data/food101_subset/pasta/pasta_0401.jpg,pasta,,train,no
data/food101_subset/pasta/pasta_0123.jpg,pasta,,train,no
data/food101_subset/pasta/pasta_0184.jpg,pasta,,train,no
data/food101_subset/pasta/pasta_0203.jpg,pasta,,train,no
data/food101_subset/pasta/pasta_0439.jpg,pasta,,train,no
data/food101_subset/pasta/pasta_0247.jpg,pasta,,train,no
data/food101_subset/pasta/pasta_0416.jpg,pasta,,train,no
data/food101_subset/pasta/pasta_0933.jpg,pasta,,train,no
data/food101_subset/pasta/pasta_0766.jpg,pasta,,train,no
data/food101_subset/pasta/pasta_0907.jpg,pasta,,train,no
data/food101_subset/pasta/pasta_0836.jpg,pasta,,train,no
data/food101_subset/pasta/pasta_0888.jpg,pasta,,train,no
data/food101_subset/pasta/pasta_0130.jpg,pasta,,train,no
data/food101_subset/pasta/pasta_0638.jpg,pasta,,train,no
data/food101_subset/pasta/pasta_0403.jpg,pasta,,train,no
data/food101_subset/pasta/pasta_0785.jpg,pasta,,train,no
data/food101_subset/pasta/pasta_0771.jpg,pasta,,train,no
data/food101_subset/pasta/pasta_0736.jpg,pasta,,train,no
data/food101_subset/pasta/pasta_0914.jpg,pasta,,train,no
data/food101_subset/pasta/pasta_0220.jpg,pasta,,train,no
data/food101_subset/pasta/pasta_0642.jpg,pasta,,train,no
data/food101_subset/pasta/pasta_0916.jpg,pasta,,train,no
data/food101_subset/pasta/pasta_0753.jpg,pasta,,train,no
data/food101_subset/pasta/pasta_0807.jpg,pasta,,train,no
data/food101_subset/pasta/pasta_0920.jpg,pasta,,train,no
data/food101_subset/pasta/pasta_0625.jpg,pasta,,train,no
data/food101_subset/pasta/pasta_0875.jpg,pasta,,train,no
data/food101_subset/pasta/pasta_0761.jpg,pasta,,train,no
data/food101_subset/pasta/pasta_0387.jpg,pasta,,train,no
data/food101_subset/pasta/pasta_0973.jpg,pasta,,train,no
data/food101_subset/pasta/pasta_0510.jpg,pasta,,train,no
data/food101_subset/pasta/pasta_0268.jpg,pasta,,train,no
data/food101_subset/pasta/pasta_0820.jpg,pasta,,train,no
data/food101_subset/pasta/pasta_0442.jpg,pasta,,train,no
data/food101_subset/pasta/pasta_0497.jpg,pasta,,train,no
data/food101_subset/pasta/pasta_0113.jpg,pasta,,train,no
data/food101_subset/pasta/pasta_0692.jpg,pasta,,train,no
data/food101_subset/pasta/pasta_0233.jpg,pasta,,train,no
data/food101_subset/pasta/pasta_0870.jpg,pasta,,train,no
data/food101_subset/pasta/pasta_0608.jpg,pasta,,train,no
data/food101_subset/pasta/pasta_0672.jpg,pasta,,train,no
data/food101_subset/pasta/pasta_0374.jpg,pasta,,train,no
data/food101_subset/pasta/pasta_0982.jpg,pasta,,train,no
data/food101_subset/pasta/pasta_0843.jpg,pasta,,train,no
data/food101_subset/pasta/pasta_0234.jpg,pasta,,train,no
data/food101_subset/pasta/pasta_0786.jpg,pasta,,train,no
data/food101_subset/pasta/pasta_0677.jpg,pasta,,train,no
data/food101_subset/pasta/pasta_0318.jpg,pasta,,train,no
data/food101_subset/pasta/pasta_0649.jpg,pasta,,train,no
data/food101_subset/pasta/pasta_0411.jpg,pasta,,train,no
data/food101_subset/pasta/pasta_0899.jpg,pasta,,train,no
data/food101_subset/pasta/pasta_0710.jpg,pasta,,train,no
data/food101_subset/pasta/pasta_0359.jpg,pasta,,train,no
data/food101_subset/pasta/pasta_0259.jpg,pasta,,train,no
data/food101_subset/pasta/pasta_0745.jpg,pasta,,train,no
data/food101_subset/pasta/pasta_0628.jpg,pasta,,train,no
data/food101_subset/pasta/pasta_0633.jpg,pasta,,train,no
data/food101_subset/pasta/pasta_0283.jpg,pasta,,train,no
data/food101_subset/pasta/pasta_0377.jpg,pasta,,train,no
data/food101_subset/pasta/pasta_0385.jpg,pasta,,train,no
data/food101_subset/pasta/pasta_0225.jpg,pasta,,train,no
data/food101_subset/pasta/pasta_0954.jpg,pasta,,train,no
data/food101_subset/pasta/pasta_0815.jpg,pasta,,train,no
data/food101_subset/pasta/pasta_0473.jpg,pasta,,train,no
data/food101_subset/pasta/pasta_0348.jpg,pasta,,train,no
data/food101_subset/pasta/pasta_0506.jpg,pasta,,train,no
data/food101_subset/pasta/pasta_0640.jpg,pasta,,train,no
data/food101_subset/pasta/pasta_0988.jpg,pasta,,train,no
data/food101_subset/pasta/pasta_0929.jpg,pasta,,train,no
data/food101_subset/pasta/pasta_0906.jpg,pasta,,train,no
data/food101_subset/pasta/pasta_0620.jpg,pasta,,train,no
data/food101_subset/pasta/pasta_0856.jpg,pasta,,train,no
data/food101_subset/pasta/pasta_0804.jpg,pasta,,train,no
data/food101_subset/pasta/pasta_0646.jpg,pasta,,train,no
data/food101_subset/pasta/pasta_0847.jpg,pasta,,train,no
data/food101_subset/pasta/pasta_0557.jpg,pasta,,val,no
data/food101_subset/pasta/pasta_0958.jpg,pasta,,val,no
data/food101_subset/pasta/pasta_0578.jpg,pasta,,val,no
data/food101_subset/pasta/pasta_0796.jpg,pasta,,val,no
data/food101_subset/pasta/pasta_0086.jpg,pasta,,val,no
data/food101_subset/pasta/pasta_0243.jpg,pasta,,val,no
data/food101_subset/pasta/pasta_0699.jpg,pasta,,val,no
data/food101_subset/pasta/pasta_0160.jpg,pasta,,val,no
data/food101_subset/pasta/pasta_0525.jpg,pasta,,val,no
data/food101_subset/pasta/pasta_0036.jpg,pasta,,val,no
data/food101_subset/pasta/pasta_0541.jpg,pasta,,val,no
data/food101_subset/pasta/pasta_0171.jpg,pasta,,val,no
data/food101_subset/pasta/pasta_0655.jpg,pasta,,val,no
data/food101_subset/pasta/pasta_0891.jpg,pasta,,val,no
data/food101_subset/pasta/pasta_0858.jpg,pasta,,val,no
data/food101_subset/pasta/pasta_0848.jpg,pasta,,val,no
data/food101_subset/pasta/pasta_0945.jpg,pasta,,val,no
data/food101_subset/pasta/pasta_0734.jpg,pasta,,val,no
data/food101_subset/pasta/pasta_0096.jpg,pasta,,val,no
data/food101_subset/pasta/pasta_0564.jpg,pasta,,val,no
data/food101_subset/pasta/pasta_0241.jpg,pasta,,val,no
data/food101_subset/pasta/pasta_0743.jpg,pasta,,val,no
data/food101_subset/pasta/pasta_0575.jpg,pasta,,val,no
data/food101_subset/pasta/pasta_0691.jpg,pasta,,val,no
data/food101_subset/pasta/pasta_0461.jpg,pasta,,val,no
data/food101_subset/pasta/pasta_0554.jpg,pasta,,val,no
data/food101_subset/pasta/pasta_0889.jpg,pasta,,val,no
data/food101_subset/pasta/pasta_0207.jpg,pasta,,val,no
data/food101_subset/pasta/pasta_0393.jpg,pasta,,val,no
data/food101_subset/pasta/pasta_0795.jpg,pasta,,val,no
data/food101_subset/pasta/pasta_0398.jpg,pasta,,val,no
data/food101_subset/pasta/pasta_0767.jpg,pasta,,val,no
data/food101_subset/pasta/pasta_0849.jpg,pasta,,val,no
data/food101_subset/pasta/pasta_0218.jpg,pasta,,val,no
data/food101_subset/pasta/pasta_0005.jpg,pasta,,val,no
data/food101_subset/pasta/pasta_0769.jpg,pasta,,val,no
data/food101_subset/pasta/pasta_0643.jpg,pasta,,val,no
data/food101_subset/pasta/pasta_0930.jpg,pasta,,val,no
data/food101_subset/pasta/pasta_0613.jpg,pasta,,val,no
data/food101_subset/pasta/pasta_0739.jpg,pasta,,val,no
data/food101_subset/pasta/pasta_0547.jpg,pasta,,val,no
data/food101_subset/pasta/pasta_0726.jpg,pasta,,val,no
data/food101_subset/pasta/pasta_0684.jpg,pasta,,val,no
data/food101_subset/pasta/pasta_0099.jpg,pasta,,val,no
data/food101_subset/pasta/pasta_0805.jpg,pasta,,val,no
data/food101_subset/pasta/pasta_0728.jpg,pasta,,val,no
data/food101_subset/pasta/pasta_0574.jpg,pasta,,val,no
data/food101_subset/pasta/pasta_0407.jpg,pasta,,val,no
data/food101_subset/pasta/pasta_0503.jpg,pasta,,val,no
data/food101_subset/pasta/pasta_0048.jpg,pasta,,val,no
data/food101_subset/pasta/pasta_0033.jpg,pasta,,val,no
data/food101_subset/pasta/pasta_0780.jpg,pasta,,val,no
data/food101_subset/pasta/pasta_0840.jpg,pasta,,val,no
data/food101_subset/pasta/pasta_0201.jpg,pasta,,val,no
data/food101_subset/pasta/pasta_0135.jpg,pasta,,val,no
data/food101_subset/pasta/pasta_0028.jpg,pasta,,val,no
data/food101_subset/pasta/pasta_0881.jpg,pasta,,val,no
data/food101_subset/pasta/pasta_0231.jpg,pasta,,val,no
data/food101_subset/pasta/pasta_0490.jpg,pasta,,val,no
data/food101_subset/pasta/pasta_0773.jpg,pasta,,val,no
data/food101_subset/pasta/pasta_0379.jpg,pasta,,val,no
data/food101_subset/pasta/pasta_0289.jpg,pasta,,val,no
data/food101_subset/pasta/pasta_0419.jpg,pasta,,val,no
data/food101_subset/pasta/pasta_0675.jpg,pasta,,val,no
data/food101_subset/pasta/pasta_0392.jpg,pasta,,val,no
data/food101_subset/pasta/pasta_0593.jpg,pasta,,val,no
data/food101_subset/pasta/pasta_0499.jpg,pasta,,val,no
data/food101_subset/pasta/pasta_0139.jpg,pasta,,val,no
data/food101_subset/pasta/pasta_0063.jpg,pasta,,val,no
data/food101_subset/pasta/pasta_0472.jpg,pasta,,val,no
data/food101_subset/pasta/pasta_0648.jpg,pasta,,val,no
data/food101_subset/pasta/pasta_0129.jpg,pasta,,val,no
data/food101_subset/pasta/pasta_0977.jpg,pasta,,val,no
data/food101_subset/pasta/pasta_0521.jpg,pasta,,val,no
data/food101_subset/pasta/pasta_0839.jpg,pasta,,val,no
data/food101_subset/pasta/pasta_0963.jpg,pasta,,val,no
data/food101_subset/pasta/pasta_0065.jpg,pasta,,val,no
data/food101_subset/pasta/pasta_0813.jpg,pasta,,val,no
data/food101_subset/pasta/pasta_0015.jpg,pasta,,val,no
data/food101_subset/pasta/pasta_0157.jpg,pasta,,val,no
data/food101_subset/pasta/pasta_0041.jpg,pasta,,val,no
data/food101_subset/pasta/pasta_0493.jpg,pasta,,val,no
data/food101_subset/pasta/pasta_0380.jpg,pasta,,val,no
data/food101_subset/pasta/pasta_0188.jpg,pasta,,val,no
data/food101_subset/pasta/pasta_0764.jpg,pasta,,val,no
data/food101_subset/pasta/pasta_0217.jpg,pasta,,val,no
data/food101_subset/pasta/pasta_0792.jpg,pasta,,val,no
data/food101_subset/pasta/pasta_0053.jpg,pasta,,val,no
data/food101_subset/pasta/pasta_0879.jpg,pasta,,val,no
data/food101_subset/pasta/pasta_0338.jpg,pasta,,val,no
data/food101_subset/pasta/pasta_0749.jpg,pasta,,val,no
data/food101_subset/pasta/pasta_0720.jpg,pasta,,val,no
data/food101_subset/pasta/pasta_0725.jpg,pasta,,val,no
data/food101_subset/pasta/pasta_0296.jpg,pasta,,val,no
data/food101_subset/pasta/pasta_0702.jpg,pasta,,val,no
data/food101_subset/pasta/pasta_0252.jpg,pasta,,val,no
data/food101_subset/pasta/pasta_0727.jpg,pasta,,val,no
data/food101_subset/pasta/pasta_0462.jpg,pasta,,val,no
data/food101_subset/pasta/pasta_0456.jpg,pasta,,val,no
data/food101_subset/pasta/pasta_0997.jpg,pasta,,val,no
data/food101_subset/pasta/pasta_0816.jpg,pasta,,test,no
data/food101_subset/pasta/pasta_0863.jpg,pasta,,test,no
data/food101_subset/pasta/pasta_0270.jpg,pasta,,test,no
data/food101_subset/pasta/pasta_0202.jpg,pasta,,test,no
data/food101_subset/pasta/pasta_0162.jpg,pasta,,test,no
data/food101_subset/pasta/pasta_0556.jpg,pasta,,test,no
data/food101_subset/pasta/pasta_0730.jpg,pasta,,test,no
data/food101_subset/pasta/pasta_0402.jpg,pasta,,test,no
data/food101_subset/pasta/pasta_0703.jpg,pasta,,test,no
data/food101_subset/pasta/pasta_0477.jpg,pasta,,test,no
data/food101_subset/pasta/pasta_0822.jpg,pasta,,test,no
data/food101_subset/pasta/pasta_0772.jpg,pasta,,test,no
data/food101_subset/pasta/pasta_0106.jpg,pasta,,test,no
data/food101_subset/pasta/pasta_0566.jpg,pasta,,test,no
data/food101_subset/pasta/pasta_0390.jpg,pasta,,test,no
data/food101_subset/pasta/pasta_0002.jpg,pasta,,test,no
data/food101_subset/pasta/pasta_0938.jpg,pasta,,test,no
data/food101_subset/pasta/pasta_0983.jpg,pasta,,test,no
data/food101_subset/pasta/pasta_0562.jpg,pasta,,test,no
data/food101_subset/pasta/pasta_0081.jpg,pasta,,test,no
data/food101_subset/pasta/pasta_0206.jpg,pasta,,test,no
data/food101_subset/pasta/pasta_0035.jpg,pasta,,test,no
data/food101_subset/pasta/pasta_0776.jpg,pasta,,test,no
data/food101_subset/pasta/pasta_0509.jpg,pasta,,test,no
data/food101_subset/pasta/pasta_0428.jpg,pasta,,test,no
data/food101_subset/pasta/pasta_0455.jpg,pasta,,test,no
data/food101_subset/pasta/pasta_0367.jpg,pasta,,test,no
data/food101_subset/pasta/pasta_0092.jpg,pasta,,test,no
data/food101_subset/pasta/pasta_0340.jpg,pasta,,test,no
data/food101_subset/pasta/pasta_0898.jpg,pasta,,test,no
data/food101_subset/pasta/pasta_0565.jpg,pasta,,test,no
data/food101_subset/pasta/pasta_0346.jpg,pasta,,test,no
data/food101_subset/pasta/pasta_0777.jpg,pasta,,test,no
data/food101_subset/pasta/pasta_0242.jpg,pasta,,test,no
data/food101_subset/pasta/pasta_0014.jpg,pasta,,test,no
data/food101_subset/pasta/pasta_0316.jpg,pasta,,test,no
data/food101_subset/pasta/pasta_0601.jpg,pasta,,test,no
data/food101_subset/pasta/pasta_0388.jpg,pasta,,test,no
data/food101_subset/pasta/pasta_0274.jpg,pasta,,test,no
data/food101_subset/pasta/pasta_0167.jpg,pasta,,test,no
data/food101_subset/pasta/pasta_0841.jpg,pasta,,test,no
data/food101_subset/pasta/pasta_0993.jpg,pasta,,test,no
data/food101_subset/pasta/pasta_0647.jpg,pasta,,test,no
data/food101_subset/pasta/pasta_0819.jpg,pasta,,test,no
data/food101_subset/pasta/pasta_0485.jpg,pasta,,test,no
data/food101_subset/pasta/pasta_0981.jpg,pasta,,test,no
data/food101_subset/pasta/pasta_0505.jpg,pasta,,test,no
data/food101_subset/pasta/pasta_0832.jpg,pasta,,test,no
data/food101_subset/pasta/pasta_0244.jpg,pasta,,test,no
data/food101_subset/pasta/pasta_0567.jpg,pasta,,test,no
data/food101_subset/pasta/pasta_0876.jpg,pasta,,test,no
data/food101_subset/pasta/pasta_0563.jpg,pasta,,test,no
data/food101_subset/pasta/pasta_0687.jpg,pasta,,test,no
data/food101_subset/pasta/pasta_0190.jpg,pasta,,test,no
data/food101_subset/pasta/pasta_0783.jpg,pasta,,test,no
data/food101_subset/pasta/pasta_0700.jpg,pasta,,test,no
data/food101_subset/pasta/pasta_0476.jpg,pasta,,test,no
data/food101_subset/pasta/pasta_0682.jpg,pasta,,test,no
data/food101_subset/pasta/pasta_0511.jpg,pasta,,test,no
data/food101_subset/pasta/pasta_0059.jpg,pasta,,test,no
data/food101_subset/pasta/pasta_0475.jpg,pasta,,test,no
data/food101_subset/pasta/pasta_0561.jpg,pasta,,test,no
data/food101_subset/pasta/pasta_0857.jpg,pasta,,test,no
data/food101_subset/pasta/pasta_0748.jpg,pasta,,test,no
data/food101_subset/pasta/pasta_0253.jpg,pasta,,test,no
data/food101_subset/pasta/pasta_0022.jpg,pasta,,test,no
data/food101_subset/pasta/pasta_0314.jpg,pasta,,test,no
data/food101_subset/pasta/pasta_0460.jpg,pasta,,test,no
data/food101_subset/pasta/pasta_0161.jpg,pasta,,test,no
data/food101_subset/pasta/pasta_0277.jpg,pasta,,test,no
data/food101_subset/pasta/pasta_0956.jpg,pasta,,test,no
data/food101_subset/pasta/pasta_0192.jpg,pasta,,test,no
data/food101_subset/pasta/pasta_0386.jpg,pasta,,test,no
data/food101_subset/pasta/pasta_0806.jpg,pasta,,test,no
data/food101_subset/pasta/pasta_0414.jpg,pasta,,test,no
data/food101_subset/pasta/pasta_0492.jpg,pasta,,test,no
data/food101_subset/pasta/pasta_0344.jpg,pasta,,test,no
data/food101_subset/pasta/pasta_0770.jpg,pasta,,test,no
data/food101_subset/pasta/pasta_0309.jpg,pasta,,test,no
data/food101_subset/pasta/pasta_0662.jpg,pasta,,test,no
data/food101_subset/pasta/pasta_0131.jpg,pasta,,test,no
data/food101_subset/pasta/pasta_0664.jpg,pasta,,test,no
data/food101_subset/pasta/pasta_0872.jpg,pasta,,test,no
data/food101_subset/pasta/pasta_0100.jpg,pasta,,test,no
data/food101_subset/pasta/pasta_0373.jpg,pasta,,test,no
data/food101_subset/pasta/pasta_0088.jpg,pasta,,test,no
data/food101_subset/pasta/pasta_0459.jpg,pasta,,test,no
data/food101_subset/pasta/pasta_0331.jpg,pasta,,test,no
data/food101_subset/pasta/pasta_0215.jpg,pasta,,test,no
data/food101_subset/pasta/pasta_0467.jpg,pasta,,test,no
data/food101_subset/pasta/pasta_0122.jpg,pasta,,test,no
data/food101_subset/pasta/pasta_0615.jpg,pasta,,test,no
data/food101_subset/pasta/pasta_0021.jpg,pasta,,test,no
data/food101_subset/pasta/pasta_0701.jpg,pasta,,test,no
data/food101_subset/pasta/pasta_0072.jpg,pasta,,test,no
data/food101_subset/pasta/pasta_0107.jpg,pasta,,test,no
data/food101_subset/pasta/pasta_0271.jpg,pasta,,test,no
data/food101_subset/pasta/pasta_0861.jpg,pasta,,test,no
data/food101_subset/pasta/pasta_0436.jpg,pasta,,test,no
data/food101_subset/pasta/pasta_0103.jpg,pasta,,test,no
data/food101_subset/pizza/pizza_0522.jpg,pizza,,train,no
data/food101_subset/pizza/pizza_0738.jpg,pizza,,train,no
data/food101_subset/pizza/pizza_0741.jpg,pizza,,train,no
data/food101_subset/pizza/pizza_0661.jpg,pizza,,train,no
data/food101_subset/pizza/pizza_0412.jpg,pizza,,train,no
data/food101_subset/pizza/pizza_0679.jpg,pizza,,train,no
data/food101_subset/pizza/pizza_0627.jpg,pizza,,train,no
data/food101_subset/pizza/pizza_0514.jpg,pizza,,train,no
data/food101_subset/pizza/pizza_0860.jpg,pizza,,train,no
data/food101_subset/pizza/pizza_0137.jpg,pizza,,train,no
data/food101_subset/pizza/pizza_0812.jpg,pizza,,train,no
data/food101_subset/pizza/pizza_0077.jpg,pizza,,train,no
data/food101_subset/pizza/pizza_0637.jpg,pizza,,train,no
data/food101_subset/pizza/pizza_0974.jpg,pizza,,train,no
data/food101_subset/pizza/pizza_0939.jpg,pizza,,train,no
data/food101_subset/pizza/pizza_0900.jpg,pizza,,train,no
data/food101_subset/pizza/pizza_0281.jpg,pizza,,train,no
data/food101_subset/pizza/pizza_0884.jpg,pizza,,train,no
data/food101_subset/pizza/pizza_0762.jpg,pizza,,train,no
data/food101_subset/pizza/pizza_0320.jpg,pizza,,train,no
data/food101_subset/pizza/pizza_0550.jpg,pizza,,train,no
data/food101_subset/pizza/pizza_0175.jpg,pizza,,train,no
data/food101_subset/pizza/pizza_0372.jpg,pizza,,train,no
data/food101_subset/pizza/pizza_0528.jpg,pizza,,train,no
data/food101_subset/pizza/pizza_0211.jpg,pizza,,train,no
data/food101_subset/pizza/pizza_0236.jpg,pizza,,train,no
data/food101_subset/pizza/pizza_0102.jpg,pizza,,train,no
data/food101_subset/pizza/pizza_0987.jpg,pizza,,train,no
data/food101_subset/pizza/pizza_0903.jpg,pizza,,train,no
data/food101_subset/pizza/pizza_0948.jpg,pizza,,train,no
data/food101_subset/pizza/pizza_0347.jpg,pizza,,train,no
data/food101_subset/pizza/pizza_0140.jpg,pizza,,train,no
data/food101_subset/pizza/pizza_0622.jpg,pizza,,train,no
data/food101_subset/pizza/pizza_0500.jpg,pizza,,train,no
data/food101_subset/pizza/pizza_0371.jpg,pizza,,train,no
data/food101_subset/pizza/pizza_0199.jpg,pizza,,train,no
data/food101_subset/pizza/pizza_0688.jpg,pizza,,train,no
data/food101_subset/pizza/pizza_0585.jpg,pizza,,train,no
data/food101_subset/pizza/pizza_0902.jpg,pizza,,train,no
data/food101_subset/pizza/pizza_0060.jpg,pizza,,train,no
data/food101_subset/pizza/pizza_0329.jpg,pizza,,train,no
data/food101_subset/pizza/pizza_0097.jpg,pizza,,train,no
data/food101_subset/pizza/pizza_0313.jpg,pizza,,train,no
data/food101_subset/pizza/pizza_0975.jpg,pizza,,train,no
data/food101_subset/pizza/pizza_0300.jpg,pizza,,train,no
data/food101_subset/pizza/pizza_0278.jpg,pizza,,train,no
data/food101_subset/pizza/pizza_0925.jpg,pizza,,train,no
data/food101_subset/pizza/pizza_0602.jpg,pizza,,train,no
data/food101_subset/pizza/pizza_0440.jpg,pizza,,train,no
data/food101_subset/pizza/pizza_0838.jpg,pizza,,train,no
data/food101_subset/pizza/pizza_0571.jpg,pizza,,train,no
data/food101_subset/pizza/pizza_0880.jpg,pizza,,train,no
data/food101_subset/pizza/pizza_0262.jpg,pizza,,train,no
data/food101_subset/pizza/pizza_0579.jpg,pizza,,train,no
data/food101_subset/pizza/pizza_0024.jpg,pizza,,train,no
data/food101_subset/pizza/pizza_0031.jpg,pizza,,train,no
data/food101_subset/pizza/pizza_0618.jpg,pizza,,train,no
data/food101_subset/pizza/pizza_0011.jpg,pizza,,train,no
data/food101_subset/pizza/pizza_0222.jpg,pizza,,train,no
data/food101_subset/pizza/pizza_0821.jpg,pizza,,train,no
data/food101_subset/pizza/pizza_0297.jpg,pizza,,train,no
data/food101_subset/pizza/pizza_0055.jpg,pizza,,train,no
data/food101_subset/pizza/pizza_0543.jpg,pizza,,train,no
data/food101_subset/pizza/pizza_0210.jpg,pizza,,train,no
data/food101_subset/pizza/pizza_0605.jpg,pizza,,train,no
data/food101_subset/pizza/pizza_0693.jpg,pizza,,train,no
data/food101_subset/pizza/pizza_0663.jpg,pizza,,train,no
data/food101_subset/pizza/pizza_0867.jpg,pizza,,train,no
data/food101_subset/pizza/pizza_0071.jpg,pizza,,train,no
data/food101_subset/pizza/pizza_0544.jpg,pizza,,train,no
data/food101_subset/pizza/pizza_0108.jpg,pizza,,train,no
data/food101_subset/pizza/pizza_0494.jpg,pizza,,train,no
data/food101_subset/pizza/pizza_0591.jpg,pizza,,train,no
data/food101_subset/pizza/pizza_0742.jpg,pizza,,train,no
data/food101_subset/pizza/pizza_0293.jpg,pizza,,train,no
data/food101_subset/pizza/pizza_0290.jpg,pizza,,train,no
data/food101_subset/pizza/pizza_0653.jpg,pizza,,train,no
data/food101_subset/pizza/pizza_0040.jpg,pizza,,train,no
data/food101_subset/pizza/pizza_0590.jpg,pizza,,train,no
data/food101_subset/pizza/pizza_0308.jpg,pizza,,train,no
data/food101_subset/pizza/pizza_0680.jpg,pizza,,train,no
data/food101_subset/pizza/pizza_0067.jpg,pizza,,train,no
data/food101_subset/pizza/pizza_0276.jpg,pizza,,train,no
data/food101_subset/pizza/pizza_0068.jpg,pizza,,train,no
data/food101_subset/pizza/pizza_0319.jpg,pizza,,train,no
data/food101_subset/pizza/pizza_0549.jpg,pizza,,train,no
data/food101_subset/pizza/pizza_0999.jpg,pizza,,train,no
data/food101_subset/pizza/pizza_0715.jpg,pizza,,train,no
data/food101_subset/pizza/pizza_0754.jpg,pizza,,train,no
data/food101_subset/pizza/pizza_0328.jpg,pizza,,train,no
data/food101_subset/pizza/pizza_0383.jpg,pizza,,train,no
data/food101_subset/pizza/pizza_0452.jpg,pizza,,train,no
data/food101_subset/pizza/pizza_0523.jpg,pizza,,train,no
data/food101_subset/pizza/pizza_0219.jpg,pizza,,train,no
data/food101_subset/pizza/pizza_0788.jpg,pizza,,train,no
data/food101_subset/pizza/pizza_0437.jpg,pizza,,train,no
data/food101_subset/pizza/pizza_0765.jpg,pizza,,train,no
data/food101_subset/pizza/pizza_0089.jpg,pizza,,train,no
data/food101_subset/pizza/pizza_0064.jpg,pizza,,train,no
data/food101_subset/pizza/pizza_0827.jpg,pizza,,train,no
data/food101_subset/pizza/pizza_0717.jpg,pizza,,train,no
data/food101_subset/pizza/pizza_0352.jpg,pizza,,train,no
data/food101_subset/pizza/pizza_0937.jpg,pizza,,train,no
data/food101_subset/pizza/pizza_0257.jpg,pizza,,train,no
data/food101_subset/pizza/pizza_0636.jpg,pizza,,train,no
data/food101_subset/pizza/pizza_0645.jpg,pizza,,train,no
data/food101_subset/pizza/pizza_0555.jpg,pizza,,train,no
data/food101_subset/pizza/pizza_0960.jpg,pizza,,train,no
data/food101_subset/pizza/pizza_0169.jpg,pizza,,train,no
data/food101_subset/pizza/pizza_0918.jpg,pizza,,train,no
data/food101_subset/pizza/pizza_0529.jpg,pizza,,train,no
data/food101_subset/pizza/pizza_0824.jpg,pizza,,train,no
data/food101_subset/pizza/pizza_0986.jpg,pizza,,train,no
data/food101_subset/pizza/pizza_0817.jpg,pizza,,train,no
data/food101_subset/pizza/pizza_0087.jpg,pizza,,train,no
data/food101_subset/pizza/pizza_0433.jpg,pizza,,train,no
data/food101_subset/pizza/pizza_0185.jpg,pizza,,train,no
data/food101_subset/pizza/pizza_0979.jpg,pizza,,train,no
data/food101_subset/pizza/pizza_0535.jpg,pizza,,train,no
data/food101_subset/pizza/pizza_0295.jpg,pizza,,train,no
data/food101_subset/pizza/pizza_0893.jpg,pizza,,train,no
data/food101_subset/pizza/pizza_0426.jpg,pizza,,train,no
data/food101_subset/pizza/pizza_0714.jpg,pizza,,train,no
data/food101_subset/pizza/pizza_0261.jpg,pizza,,train,no
data/food101_subset/pizza/pizza_0238.jpg,pizza,,train,no
data/food101_subset/pizza/pizza_0560.jpg,pizza,,train,no
data/food101_subset/pizza/pizza_0584.jpg,pizza,,train,no
data/food101_subset/pizza/pizza_0446.jpg,pizza,,train,no
data/food101_subset/pizza/pizza_0868.jpg,pizza,,train,no
data/food101_subset/pizza/pizza_0801.jpg,pizza,,train,no
data/food101_subset/pizza/pizza_0600.jpg,pizza,,train,no
data/food101_subset/pizza/pizza_0850.jpg,pizza,,train,no
data/food101_subset/pizza/pizza_0266.jpg,pizza,,train,no
data/food101_subset/pizza/pizza_0996.jpg,pizza,,train,no
data/food101_subset/pizza/pizza_0530.jpg,pizza,,train,no
data/food101_subset/pizza/pizza_0056.jpg,pizza,,train,no
data/food101_subset/pizza/pizza_0121.jpg,pizza,,train,no
data/food101_subset/pizza/pizza_0216.jpg,pizza,,train,no
data/food101_subset/pizza/pizza_0026.jpg,pizza,,train,no
data/food101_subset/pizza/pizza_0073.jpg,pizza,,train,no
data/food101_subset/pizza/pizza_0045.jpg,pizza,,train,no
data/food101_subset/pizza/pizza_0248.jpg,pizza,,train,no
data/food101_subset/pizza/pizza_0722.jpg,pizza,,train,no
data/food101_subset/pizza/pizza_0282.jpg,pizza,,train,no
data/food101_subset/pizza/pizza_0894.jpg,pizza,,train,no
data/food101_subset/pizza/pizza_0915.jpg,pizza,,train,no
data/food101_subset/pizza/pizza_0811.jpg,pizza,,train,no
data/food101_subset/pizza/pizza_0245.jpg,pizza,,train,no
data/food101_subset/pizza/pizza_0823.jpg,pizza,,train,no
data/food101_subset/pizza/pizza_0322.jpg,pizza,,train,no
data/food101_subset/pizza/pizza_0644.jpg,pizza,,train,no
data/food101_subset/pizza/pizza_0159.jpg,pizza,,train,no
data/food101_subset/pizza/pizza_0978.jpg,pizza,,train,no
data/food101_subset/pizza/pizza_0430.jpg,pizza,,train,no
data/food101_subset/pizza/pizza_0942.jpg,pizza,,train,no
data/food101_subset/pizza/pizza_0463.jpg,pizza,,train,no
data/food101_subset/pizza/pizza_0310.jpg,pizza,,train,no
data/food101_subset/pizza/pizza_0698.jpg,pizza,,train,no
data/food101_subset/pizza/pizza_0061.jpg,pizza,,train,no
data/food101_subset/pizza/pizza_0885.jpg,pizza,,train,no
data/food101_subset/pizza/pizza_0596.jpg,pizza,,train,no
data/food101_subset/pizza/pizza_0768.jpg,pizza,,train,no
data/food101_subset/pizza/pizza_0650.jpg,pizza,,train,no
data/food101_subset/pizza/pizza_0651.jpg,pizza,,train,no
data/food101_subset/pizza/pizza_0866.jpg,pizza,,train,no
data/food101_subset/pizza/pizza_0669.jpg,pizza,,train,no
data/food101_subset/pizza/pizza_0299.jpg,pizza,,train,no
data/food101_subset/pizza/pizza_0690.jpg,pizza,,train,no
data/food101_subset/pizza/pizza_0315.jpg,pizza,,train,no
data/food101_subset/pizza/pizza_0311.jpg,pizza,,train,no
data/food101_subset/pizza/pizza_0362.jpg,pizza,,train,no
data/food101_subset/pizza/pizza_0480.jpg,pizza,,train,no
data/food101_subset/pizza/pizza_0111.jpg,pizza,,train,no
data/food101_subset/pizza/pizza_0990.jpg,pizza,,train,no
data/food101_subset/pizza/pizza_0487.jpg,pizza,,train,no
data/food101_subset/pizza/pizza_0364.jpg,pizza,,train,no
data/food101_subset/pizza/pizza_0255.jpg,pizza,,train,no
data/food101_subset/pizza/pizza_0260.jpg,pizza,,train,no
data/food101_subset/pizza/pizza_0803.jpg,pizza,,train,no
data/food101_subset/pizza/pizza_0678.jpg,pizza,,train,no
data/food101_subset/pizza/pizza_0495.jpg,pizza,,train,no
data/food101_subset/pizza/pizza_0671.jpg,pizza,,train,no
data/food101_subset/pizza/pizza_0378.jpg,pizza,,train,no
data/food101_subset/pizza/pizza_0527.jpg,pizza,,train,no
data/food101_subset/pizza/pizza_0846.jpg,pizza,,train,no
data/food101_subset/pizza/pizza_0138.jpg,pizza,,train,no
data/food101_subset/pizza/pizza_0356.jpg,pizza,,train,no
data/food101_subset/pizza/pizza_0366.jpg,pizza,,train,no
data/food101_subset/pizza/pizza_0943.jpg,pizza,,train,no
data/food101_subset/pizza/pizza_0750.jpg,pizza,,train,no
data/food101_subset/pizza/pizza_0949.jpg,pizza,,train,no
data/food101_subset/pizza/pizza_0830.jpg,pizza,,train,no
data/food101_subset/pizza/pizza_0657.jpg,pizza,,train,no
data/food101_subset/pizza/pizza_0200.jpg,pizza,,train,no
data/food101_subset/pizza/pizza_0214.jpg,pizza,,train,no
data/food101_subset/pizza/pizza_0409.jpg,pizza,,train,no
data/food101_subset/pizza/pizza_0333.jpg,pizza,,train,no
data/food101_subset/pizza/pizza_0209.jpg,pizza,,train,no
data/food101_subset/pizza/pizza_0614.jpg,pizza,,train,no
data/food101_subset/pizza/pizza_0079.jpg,pizza,,train,no
data/food101_subset/pizza/pizza_0030.jpg,pizza,,train,no
data/food101_subset/pizza/pizza_0536.jpg,pizza,,train,no
data/food101_subset/pizza/pizza_0696.jpg,pizza,,train,no
data/food101_subset/pizza/pizza_0558.jpg,pizza,,train,no
data/food101_subset/pizza/pizza_0837.jpg,pizza,,train,no
data/food101_subset/pizza/pizza_0597.jpg,pizza,,train,no
data/food101_subset/pizza/pizza_0166.jpg,pizza,,train,no
data/food101_subset/pizza/pizza_0919.jpg,pizza,,train,no
data/food101_subset/pizza/pizza_0496.jpg,pizza,,train,no
data/food101_subset/pizza/pizza_0825.jpg,pizza,,train,no
data/food101_subset/pizza/pizza_0066.jpg,pizza,,train,no
data/food101_subset/pizza/pizza_0142.jpg,pizza,,train,no
data/food101_subset/pizza/pizza_0926.jpg,pizza,,train,no
data/food101_subset/pizza/pizza_0828.jpg,pizza,,train,no
data/food101_subset/pizza/pizza_0656.jpg,pizza,,train,no
data/food101_subset/pizza/pizza_0332.jpg,pizza,,train,no
data/food101_subset/pizza/pizza_0665.jpg,pizza,,train,no
data/food101_subset/pizza/pizza_0250.jpg,pizza,,train,no
data/food101_subset/pizza/pizza_0908.jpg,pizza,,train,no
data/food101_subset/pizza/pizza_0709.jpg,pizza,,train,no
data/food101_subset/pizza/pizza_0306.jpg,pizza,,train,no
data/food101_subset/pizza/pizza_0735.jpg,pizza,,train,no
data/food101_subset/pizza/pizza_0976.jpg,pizza,,train,no
data/food101_subset/pizza/pizza_0050.jpg,pizza,,train,no
data/food101_subset/pizza/pizza_0897.jpg,pizza,,train,no
data/food101_subset/pizza/pizza_0003.jpg,pizza,,train,no
data/food101_subset/pizza/pizza_0545.jpg,pizza,,train,no
data/food101_subset/pizza/pizza_0351.jpg,pizza,,train,no
data/food101_subset/pizza/pizza_0905.jpg,pizza,,train,no
data/food101_subset/pizza/pizza_0537.jpg,pizza,,train,no
data/food101_subset/pizza/pizza_0345.jpg,pizza,,train,no
data/food101_subset/pizza/pizza_0995.jpg,pizza,,train,no
data/food101_subset/pizza/pizza_0482.jpg,pizza,,train,no
data/food101_subset/pizza/pizza_0576.jpg,pizza,,train,no
data/food101_subset/pizza/pizza_0034.jpg,pizza,,train,no
data/food101_subset/pizza/pizza_0032.jpg,pizza,,train,no
data/food101_subset/pizza/pizza_0232.jpg,pizza,,train,no
data/food101_subset/pizza/pizza_0964.jpg,pizza,,train,no
data/food101_subset/pizza/pizza_0193.jpg,pizza,,train,no
data/food101_subset/pizza/pizza_0334.jpg,pizza,,train,no
data/food101_subset/pizza/pizza_0004.jpg,pizza,,train,no
data/food101_subset/pizza/pizza_0205.jpg,pizza,,train,no
data/food101_subset/pizza/pizza_0515.jpg,pizza,,train,no
data/food101_subset/pizza/pizza_0800.jpg,pizza,,train,no
data/food101_subset/pizza/pizza_0307.jpg,pizza,,train,no
data/food101_subset/pizza/pizza_0110.jpg,pizza,,train,no
data/food101_subset/pizza/pizza_0431.jpg,pizza,,train,no
data/food101_subset/pizza/pizza_0078.jpg,pizza,,train,no
data/food101_subset/pizza/pizza_0085.jpg,pizza,,train,no
data/food101_subset/pizza/pizza_0287.jpg,pizza,,train,no
data/food101_subset/pizza/pizza_0083.jpg,pizza,,train,no
data/food101_subset/pizza/pizza_0992.jpg,pizza,,train,no
data/food101_subset/pizza/pizza_0790.jpg,pizza,,train,no
data/food101_subset/pizza/pizza_0895.jpg,pizza,,train,no
data/food101_subset/pizza/pizza_0399.jpg,pizza,,train,no
data/food101_subset/pizza/pizza_0324.jpg,pizza,,train,no
data/food101_subset/pizza/pizza_0520.jpg,pizza,,train,no
data/food101_subset/pizza/pizza_0917.jpg,pizza,,train,no
data/food101_subset/pizza/pizza_0923.jpg,pizza,,train,no
data/food101_subset/pizza/pizza_0006.jpg,pizza,,train,no
data/food101_subset/pizza/pizza_0732.jpg,pizza,,train,no
data/food101_subset/pizza/pizza_0466.jpg,pizza,,train,no
data/food101_subset/pizza/pizza_0098.jpg,pizza,,train,no
data/food101_subset/pizza/pizza_0267.jpg,pizza,,train,no
data/food101_subset/pizza/pizza_0358.jpg,pizza,,train,no
data/food101_subset/pizza/pizza_0869.jpg,pizza,,train,no
data/food101_subset/pizza/pizza_0799.jpg,pizza,,train,no
data/food101_subset/pizza/pizza_0381.jpg,pizza,,train,no
data/food101_subset/pizza/pizza_0632.jpg,pizza,,train,no
data/food101_subset/pizza/pizza_0382.jpg,pizza,,train,no
data/food101_subset/pizza/pizza_0491.jpg,pizza,,train,no
data/food101_subset/pizza/pizza_0119.jpg,pizza,,train,no
data/food101_subset/pizza/pizza_0901.jpg,pizza,,train,no
data/food101_subset/pizza/pizza_0251.jpg,pizza,,train,no
data/food101_subset/pizza/pizza_0524.jpg,pizza,,train,no
data/food101_subset/pizza/pizza_0010.jpg,pizza,,train,no
data/food101_subset/pizza/pizza_0197.jpg,pizza,,train,no
data/food101_subset/pizza/pizza_0604.jpg,pizza,,train,no
data/food101_subset/pizza/pizza_0082.jpg,pizza,,train,no
data/food101_subset/pizza/pizza_0784.jpg,pizza,,train,no
data/food101_subset/pizza/pizza_0588.jpg,pizza,,train,no
data/food101_subset/pizza/pizza_0798.jpg,pizza,,train,no
data/food101_subset/pizza/pizza_0240.jpg,pizza,,train,no
data/food101_subset/pizza/pizza_0291.jpg,pizza,,train,no
data/food101_subset/pizza/pizza_0212.jpg,pizza,,train,no
data/food101_subset/pizza/pizza_0718.jpg,pizza,,train,no
data/food101_subset/pizza/pizza_0360.jpg,pizza,,train,no
data/food101_subset/pizza/pizza_0450.jpg,pizza,,train,no
data/food101_subset/pizza/pizza_0228.jpg,pizza,,train,no
data/food101_subset/pizza/pizza_0951.jpg,pizza,,train,no
data/food101_subset/pizza/pizza_0947.jpg,pizza,,train,no
data/food101_subset/pizza/pizza_0797.jpg,pizza,,train,no
data/food101_subset/pizza/pizza_0502.jpg,pizza,,train,no
data/food101_subset/pizza/pizza_0465.jpg,pizza,,train,no
data/food101_subset/pizza/pizza_0363.jpg,pizza,,train,no
data/food101_subset/pizza/pizza_0469.jpg,pizza,,train,no
data/food101_subset/pizza/pizza_0936.jpg,pizza,,train,no
data/food101_subset/pizza/pizza_0429.jpg,pizza,,train,no
data/food101_subset/pizza/pizza_0008.jpg,pizza,,train,no
data/food101_subset/pizza/pizza_0156.jpg,pizza,,train,no
data/food101_subset/pizza/pizza_0542.jpg,pizza,,train,no
data/food101_subset/pizza/pizza_0441.jpg,pizza,,train,no
data/food101_subset/pizza/pizza_0483.jpg,pizza,,train,no
data/food101_subset/pizza/pizza_0423.jpg,pizza,,train,no
data/food101_subset/pizza/pizza_0779.jpg,pizza,,train,no
data/food101_subset/pizza/pizza_0950.jpg,pizza,,train,no
data/food101_subset/pizza/pizza_0335.jpg,pizza,,train,no
data/food101_subset/pizza/pizza_0577.jpg,pizza,,train,no
data/food101_subset/pizza/pizza_0935.jpg,pizza,,train,no
data/food101_subset/pizza/pizza_0568.jpg,pizza,,train,no
data/food101_subset/pizza/pizza_0595.jpg,pizza,,train,no
data/food101_subset/pizza/pizza_0531.jpg,pizza,,train,no
data/food101_subset/pizza/pizza_0582.jpg,pizza,,train,no
data/food101_subset/pizza/pizza_0708.jpg,pizza,,train,no
data/food101_subset/pizza/pizza_0449.jpg,pizza,,train,no
data/food101_subset/pizza/pizza_0454.jpg,pizza,,train,no
data/food101_subset/pizza/pizza_0229.jpg,pizza,,train,no
data/food101_subset/pizza/pizza_0353.jpg,pizza,,train,no
data/food101_subset/pizza/pizza_0729.jpg,pizza,,train,no
data/food101_subset/pizza/pizza_0213.jpg,pizza,,train,no
data/food101_subset/pizza/pizza_0080.jpg,pizza,,train,no
data/food101_subset/pizza/pizza_0149.jpg,pizza,,train,no
data/food101_subset/pizza/pizza_0303.jpg,pizza,,train,no
data/food101_subset/pizza/pizza_0629.jpg,pizza,,train,no
data/food101_subset/pizza/pizza_0778.jpg,pizza,,train,no
data/food101_subset/pizza/pizza_0507.jpg,pizza,,train,no
data/food101_subset/pizza/pizza_0343.jpg,pizza,,train,no
data/food101_subset/pizza/pizza_0486.jpg,pizza,,train,no
data/food101_subset/pizza/pizza_0712.jpg,pizza,,train,no
data/food101_subset/pizza/pizza_0134.jpg,pizza,,train,no
data/food101_subset/pizza/pizza_0704.jpg,pizza,,train,no
data/food101_subset/pizza/pizza_0312.jpg,pizza,,train,no
data/food101_subset/pizza/pizza_0723.jpg,pizza,,train,no
data/food101_subset/pizza/pizza_0630.jpg,pizza,,train,no
data/food101_subset/pizza/pizza_0001.jpg,pizza,,train,no
data/food101_subset/pizza/pizza_0317.jpg,pizza,,train,no
data/food101_subset/pizza/pizza_0707.jpg,pizza,,train,no
data/food101_subset/pizza/pizza_0548.jpg,pizza,,train,no
data/food101_subset/pizza/pizza_0873.jpg,pizza,,train,no
data/food101_subset/pizza/pizza_0533.jpg,pizza,,train,no
data/food101_subset/pizza/pizza_0478.jpg,pizza,,train,no
data/food101_subset/pizza/pizza_0405.jpg,pizza,,train,no
data/food101_subset/pizza/pizza_0173.jpg,pizza,,train,no
data/food101_subset/pizza/pizza_0126.jpg,pizza,,train,no
data/food101_subset/pizza/pizza_0395.jpg,pizza,,train,no
data/food101_subset/pizza/pizza_0421.jpg,pizza,,train,no
data/food101_subset/pizza/pizza_0553.jpg,pizza,,train,no
data/food101_subset/pizza/pizza_0904.jpg,pizza,,train,no
data/food101_subset/pizza/pizza_0091.jpg,pizza,,train,no
data/food101_subset/pizza/pizza_0940.jpg,pizza,,train,no
data/food101_subset/pizza/pizza_0182.jpg,pizza,,train,no
data/food101_subset/pizza/pizza_0275.jpg,pizza,,train,no
data/food101_subset/pizza/pizza_0896.jpg,pizza,,train,no
data/food101_subset/pizza/pizza_0070.jpg,pizza,,train,no
data/food101_subset/pizza/pizza_0292.jpg,pizza,,train,no
data/food101_subset/pizza/pizza_0132.jpg,pizza,,train,no
data/food101_subset/pizza/pizza_0301.jpg,pizza,,train,no
data/food101_subset/pizza/pizza_0425.jpg,pizza,,train,no
data/food101_subset/pizza/pizza_0327.jpg,pizza,,train,no
data/food101_subset/pizza/pizza_0145.jpg,pizza,,train,no
data/food101_subset/pizza/pizza_0424.jpg,pizza,,train,no
data/food101_subset/pizza/pizza_0581.jpg,pizza,,train,no
data/food101_subset/pizza/pizza_0136.jpg,pizza,,train,no
data/food101_subset/pizza/pizza_0451.jpg,pizza,,train,no
data/food101_subset/pizza/pizza_0165.jpg,pizza,,train,no
data/food101_subset/pizza/pizza_0029.jpg,pizza,,train,no
data/food101_subset/pizza/pizza_0774.jpg,pizza,,train,no
data/food101_subset/pizza/pizza_0194.jpg,pizza,,train,no
data/food101_subset/pizza/pizza_0389.jpg,pizza,,train,no
data/food101_subset/pizza/pizza_0853.jpg,pizza,,train,no
data/food101_subset/pizza/pizza_0170.jpg,pizza,,train,no
data/food101_subset/pizza/pizza_0706.jpg,pizza,,train,no
data/food101_subset/pizza/pizza_0141.jpg,pizza,,train,no
data/food101_subset/pizza/pizza_0174.jpg,pizza,,train,no
data/food101_subset/pizza/pizza_0007.jpg,pizza,,train,no
data/food101_subset/pizza/pizza_0746.jpg,pizza,,train,no
data/food101_subset/pizza/pizza_0479.jpg,pizza,,train,no
data/food101_subset/pizza/pizza_0074.jpg,pizza,,train,no
data/food101_subset/pizza/pizza_0911.jpg,pizza,,train,no
data/food101_subset/pizza/pizza_0814.jpg,pizza,,train,no
data/food101_subset/pizza/pizza_0239.jpg,pizza,,train,no
data/food101_subset/pizza/pizza_0146.jpg,pizza,,train,no
data/food101_subset/pizza/pizza_0793.jpg,pizza,,train,no
data/food101_subset/pizza/pizza_0235.jpg,pizza,,train,no
data/food101_subset/pizza/pizza_0221.jpg,pizza,,train,no
data/food101_subset/pizza/pizza_0924.jpg,pizza,,train,no
data/food101_subset/pizza/pizza_0501.jpg,pizza,,train,no
data/food101_subset/pizza/pizza_0133.jpg,pizza,,train,no
data/food101_subset/pizza/pizza_0991.jpg,pizza,,train,no
data/food101_subset/pizza/pizza_0775.jpg,pizza,,train,no
data/food101_subset/pizza/pizza_0186.jpg,pizza,,train,no
data/food101_subset/pizza/pizza_0042.jpg,pizza,,train,no
data/food101_subset/pizza/pizza_0697.jpg,pizza,,train,no
data/food101_subset/pizza/pizza_0109.jpg,pizza,,train,no
data/food101_subset/pizza/pizza_0589.jpg,pizza,,train,no
data/food101_subset/pizza/pizza_0057.jpg,pizza,,train,no
data/food101_subset/pizza/pizza_0406.jpg,pizza,,train,no
data/food101_subset/pizza/pizza_0443.jpg,pizza,,train,no
data/food101_subset/pizza/pizza_0758.jpg,pizza,,train,no
data/food101_subset/pizza/pizza_0998.jpg,pizza,,train,no
data/food101_subset/pizza/pizza_0025.jpg,pizza,,train,no
data/food101_subset/pizza/pizza_0468.jpg,pizza,,train,no
data/food101_subset/pizza/pizza_0540.jpg,pizza,,train,no
data/food101_subset/pizza/pizza_0532.jpg,pizza,,train,no
data/food101_subset/pizza/pizza_0619.jpg,pizza,,train,no
data/food101_subset/pizza/pizza_0695.jpg,pizza,,train,no
data/food101_subset/pizza/pizza_0927.jpg,pizza,,train,no
data/food101_subset/pizza/pizza_0339.jpg,pizza,,train,no
data/food101_subset/pizza/pizza_0052.jpg,pizza,,train,no
data/food101_subset/pizza/pizza_0508.jpg,pizza,,train,no
data/food101_subset/pizza/pizza_0517.jpg,pizza,,train,no
data/food101_subset/pizza/pizza_0921.jpg,pizza,,train,no
data/food101_subset/pizza/pizza_0782.jpg,pizza,,train,no
data/food101_subset/pizza/pizza_0265.jpg,pizza,,train,no
data/food101_subset/pizza/pizza_0818.jpg,pizza,,train,no
data/food101_subset/pizza/pizza_0711.jpg,pizza,,train,no
data/food101_subset/pizza/pizza_0683.jpg,pizza,,train,no
data/food101_subset/pizza/pizza_0833.jpg,pizza,,train,no
data/food101_subset/pizza/pizza_0519.jpg,pizza,,train,no
data/food101_subset/pizza/pizza_0448.jpg,pizza,,train,no
data/food101_subset/pizza/pizza_0019.jpg,pizza,,train,no
data/food101_subset/pizza/pizza_0716.jpg,pizza,,train,no
data/food101_subset/pizza/pizza_0484.jpg,pizza,,train,no
data/food101_subset/pizza/pizza_0569.jpg,pizza,,train,no
data/food101_subset/pizza/pizza_0434.jpg,pizza,,train,no
data/food101_subset/pizza/pizza_0368.jpg,pizza,,train,no
data/food101_subset/pizza/pizza_0084.jpg,pizza,,train,no
data/food101_subset/pizza/pizza_0062.jpg,pizza,,train,no
data/food101_subset/pizza/pizza_0639.jpg,pizza,,train,no
data/food101_subset/pizza/pizza_0273.jpg,pizza,,train,no
data/food101_subset/pizza/pizza_0286.jpg,pizza,,train,no
data/food101_subset/pizza/pizza_0361.jpg,pizza,,train,no
data/food101_subset/pizza/pizza_0355.jpg,pizza,,train,no
data/food101_subset/pizza/pizza_0457.jpg,pizza,,train,no
data/food101_subset/pizza/pizza_0279.jpg,pizza,,train,no
data/food101_subset/pizza/pizza_0013.jpg,pizza,,train,no
data/food101_subset/pizza/pizza_0183.jpg,pizza,,train,no
data/food101_subset/pizza/pizza_0369.jpg,pizza,,train,no
data/food101_subset/pizza/pizza_0882.jpg,pizza,,train,no
data/food101_subset/pizza/pizza_0616.jpg,pizza,,train,no
data/food101_subset/pizza/pizza_0224.jpg,pizza,,train,no
data/food101_subset/pizza/pizza_0573.jpg,pizza,,train,no
data/food101_subset/pizza/pizza_0971.jpg,pizza,,train,no
data/food101_subset/pizza/pizza_0654.jpg,pizza,,train,no
data/food101_subset/pizza/pizza_0546.jpg,pizza,,train,no
data/food101_subset/pizza/pizza_0583.jpg,pizza,,train,no
data/food101_subset/pizza/pizza_0634.jpg,pizza,,train,no
data/food101_subset/pizza/pizza_0177.jpg,pizza,,train,no
data/food101_subset/pizza/pizza_0666.jpg,pizza,,train,no
data/food101_subset/pizza/pizza_0674.jpg,pizza,,train,no
data/food101_subset/pizza/pizza_0586.jpg,pizza,,train,no
data/food101_subset/pizza/pizza_0874.jpg,pizza,,train,no
data/food101_subset/pizza/pizza_0394.jpg,pizza,,train,no
data/food101_subset/pizza/pizza_0164.jpg,pizza,,train,no
data/food101_subset/pizza/pizza_0249.jpg,pizza,,train,no
data/food101_subset/pizza/pizza_0635.jpg,pizza,,train,no
data/food101_subset/pizza/pizza_0886.jpg,pizza,,train,no
data/food101_subset/pizza/pizza_0670.jpg,pizza,,train,no
data/food101_subset/pizza/pizza_0376.jpg,pizza,,train,no
data/food101_subset/pizza/pizza_0413.jpg,pizza,,train,no
data/food101_subset/pizza/pizza_0075.jpg,pizza,,train,no
data/food101_subset/pizza/pizza_0114.jpg,pizza,,train,no
data/food101_subset/pizza/pizza_0599.jpg,pizza,,train,no
data/food101_subset/pizza/pizza_0962.jpg,pizza,,train,no
data/food101_subset/pizza/pizza_0391.jpg,pizza,,train,no
data/food101_subset/pizza/pizza_0105.jpg,pizza,,train,no
data/food101_subset/pizza/pizza_0115.jpg,pizza,,train,no
data/food101_subset/pizza/pizza_0418.jpg,pizza,,train,no
data/food101_subset/pizza/pizza_0526.jpg,pizza,,train,no
data/food101_subset/pizza/pizza_0458.jpg,pizza,,train,no
data/food101_subset/pizza/pizza_0410.jpg,pizza,,train,no
data/food101_subset/pizza/pizza_0093.jpg,pizza,,train,no
data/food101_subset/pizza/pizza_0931.jpg,pizza,,train,no
data/food101_subset/pizza/pizza_0090.jpg,pizza,,train,no
data/food101_subset/pizza/pizza_0337.jpg,pizza,,train,no
data/food101_subset/pizza/pizza_0989.jpg,pizza,,train,no
data/food101_subset/pizza/pizza_0922.jpg,pizza,,train,no
data/food101_subset/pizza/pizza_0934.jpg,pizza,,train,no
data/food101_subset/pizza/pizza_0606.jpg,pizza,,train,no
data/food101_subset/pizza/pizza_0594.jpg,pizza,,train,no
data/food101_subset/pizza/pizza_0612.jpg,pizza,,train,no
data/food101_subset/pizza/pizza_0095.jpg,pizza,,train,no
data/food101_subset/pizza/pizza_0012.jpg,pizza,,train,no
data/food101_subset/pizza/pizza_0397.jpg,pizza,,train,no
data/food101_subset/pizza/pizza_0534.jpg,pizza,,train,no
data/food101_subset/pizza/pizza_0044.jpg,pizza,,train,no
data/food101_subset/pizza/pizza_0043.jpg,pizza,,train,no
data/food101_subset/pizza/pizza_0330.jpg,pizza,,train,no
data/food101_subset/pizza/pizza_0168.jpg,pizza,,train,no
data/food101_subset/pizza/pizza_0498.jpg,pizza,,train,no
data/food101_subset/pizza/pizza_0877.jpg,pizza,,train,no
data/food101_subset/pizza/pizza_0598.jpg,pizza,,train,no
data/food101_subset/pizza/pizza_0757.jpg,pizza,,train,no
data/food101_subset/pizza/pizza_0101.jpg,pizza,,train,no
data/food101_subset/pizza/pizza_0427.jpg,pizza,,train,no
data/food101_subset/pizza/pizza_0179.jpg,pizza,,train,no
data/food101_subset/pizza/pizza_0445.jpg,pizza,,train,no
data/food101_subset/pizza/pizza_0417.jpg,pizza,,train,no
data/food101_subset/pizza/pizza_0871.jpg,pizza,,train,no
data/food101_subset/pizza/pizza_0883.jpg,pizza,,train,no
data/food101_subset/pizza/pizza_0681.jpg,pizza,,train,no
data/food101_subset/pizza/pizza_0178.jpg,pizza,,train,no
data/food101_subset/pizza/pizza_0396.jpg,pizza,,train,no
data/food101_subset/pizza/pizza_0912.jpg,pizza,,train,no
data/food101_subset/pizza/pizza_0794.jpg,pizza,,train,no
data/food101_subset/pizza/pizza_0961.jpg,pizza,,train,no
data/food101_subset/pizza/pizza_0685.jpg,pizza,,train,no
data/food101_subset/pizza/pizza_0384.jpg,pizza,,train,no
data/food101_subset/pizza/pizza_0957.jpg,pizza,,train,no
data/food101_subset/pizza/pizza_0752.jpg,pizza,,train,no
data/food101_subset/pizza/pizza_0258.jpg,pizza,,train,no
data/food101_subset/pizza/pizza_0539.jpg,pizza,,train,no
data/food101_subset/pizza/pizza_0336.jpg,pizza,,train,no
data/food101_subset/pizza/pizza_0016.jpg,pizza,,train,no
data/food101_subset/pizza/pizza_0325.jpg,pizza,,train,no
data/food101_subset/pizza/pizza_0759.jpg,pizza,,train,no
data/food101_subset/pizza/pizza_0223.jpg,pizza,,train,no
data/food101_subset/pizza/pizza_0180.jpg,pizza,,train,no
data/food101_subset/pizza/pizza_0984.jpg,pizza,,train,no
data/food101_subset/pizza/pizza_0023.jpg,pizza,,train,no
data/food101_subset/pizza/pizza_0357.jpg,pizza,,train,no
data/food101_subset/pizza/pizza_0667.jpg,pizza,,train,no
data/food101_subset/pizza/pizza_0862.jpg,pizza,,train,no
data/food101_subset/pizza/pizza_0341.jpg,pizza,,train,no
data/food101_subset/pizza/pizza_0432.jpg,pizza,,train,no
data/food101_subset/pizza/pizza_0552.jpg,pizza,,train,no
data/food101_subset/pizza/pizza_0834.jpg,pizza,,train,no
data/food101_subset/pizza/pizza_0204.jpg,pizza,,train,no
data/food101_subset/pizza/pizza_0631.jpg,pizza,,train,no
data/food101_subset/pizza/pizza_0094.jpg,pizza,,train,no
data/food101_subset/pizza/pizza_0559.jpg,pizza,,train,no
data/food101_subset/pizza/pizza_0069.jpg,pizza,,train,no
data/food101_subset/pizza/pizza_0623.jpg,pizza,,train,no
data/food101_subset/pizza/pizza_0285.jpg,pizza,,train,no
data/food101_subset/pizza/pizza_0845.jpg,pizza,,train,no
data/food101_subset/pizza/pizza_0435.jpg,pizza,,train,no
data/food101_subset/pizza/pizza_0154.jpg,pizza,,train,no
data/food101_subset/pizza/pizza_0076.jpg,pizza,,train,no
data/food101_subset/pizza/pizza_0731.jpg,pizza,,train,no
data/food101_subset/pizza/pizza_0447.jpg,pizza,,train,no
data/food101_subset/pizza/pizza_0189.jpg,pizza,,train,no
data/food101_subset/pizza/pizza_0272.jpg,pizza,,train,no
data/food101_subset/pizza/pizza_0237.jpg,pizza,,train,no
data/food101_subset/pizza/pizza_0488.jpg,pizza,,train,no
data/food101_subset/pizza/pizza_0118.jpg,pizza,,train,no
data/food101_subset/pizza/pizza_0944.jpg,pizza,,train,no
data/food101_subset/pizza/pizza_0513.jpg,pizza,,train,no
data/food101_subset/pizza/pizza_0826.jpg,pizza,,train,no
data/food101_subset/pizza/pizza_0592.jpg,pizza,,train,no
data/food101_subset/pizza/pizza_0127.jpg,pizza,,train,no
data/food101_subset/pizza/pizza_0117.jpg,pizza,,train,no
data/food101_subset/pizza/pizza_0474.jpg,pizza,,train,no
data/food101_subset/pizza/pizza_0694.jpg,pizza,,train,no
data/food101_subset/pizza/pizza_0058.jpg,pizza,,train,no
data/food101_subset/pizza/pizza_0864.jpg,pizza,,train,no
data/food101_subset/pizza/pizza_0913.jpg,pizza,,train,no
data/food101_subset/pizza/pizza_0370.jpg,pizza,,train,no
data/food101_subset/pizza/pizza_0269.jpg,pizza,,train,no
data/food101_subset/pizza/pizza_0047.jpg,pizza,,train,no
data/food101_subset/pizza/pizza_0350.jpg,pizza,,train,no
data/food101_subset/pizza/pizza_0196.jpg,pizza,,train,no
data/food101_subset/pizza/pizza_1000.jpg,pizza,,train,no
data/food101_subset/pizza/pizza_0835.jpg,pizza,,train,no
data/food101_subset/pizza/pizza_0737.jpg,pizza,,train,no
data/food101_subset/pizza/pizza_0264.jpg,pizza,,train,no
data/food101_subset/pizza/pizza_0444.jpg,pizza,,train,no
data/food101_subset/pizza/pizza_0676.jpg,pizza,,train,no
data/food101_subset/pizza/pizza_0305.jpg,pizza,,train,no
data/food101_subset/pizza/pizza_0342.jpg,pizza,,train,no
data/food101_subset/pizza/pizza_0967.jpg,pizza,,train,no
data/food101_subset/pizza/pizza_0150.jpg,pizza,,train,no
data/food101_subset/pizza/pizza_0125.jpg,pizza,,train,no
data/food101_subset/pizza/pizza_0787.jpg,pizza,,train,no
data/food101_subset/pizza/pizza_0051.jpg,pizza,,train,no
data/food101_subset/pizza/pizza_0354.jpg,pizza,,train,no
data/food101_subset/pizza/pizza_0928.jpg,pizza,,train,no
data/food101_subset/pizza/pizza_0143.jpg,pizza,,train,no
data/food101_subset/pizza/pizza_0471.jpg,pizza,,train,no
data/food101_subset/pizza/pizza_0400.jpg,pizza,,train,no
data/food101_subset/pizza/pizza_0626.jpg,pizza,,train,no
data/food101_subset/pizza/pizza_0321.jpg,pizza,,train,no
data/food101_subset/pizza/pizza_0020.jpg,pizza,,train,no
data/food101_subset/pizza/pizza_0810.jpg,pizza,,train,no
data/food101_subset/pizza/pizza_0791.jpg,pizza,,train,no
data/food101_subset/pizza/pizza_0809.jpg,pizza,,train,no
data/food101_subset/pizza/pizza_0408.jpg,pizza,,train,no
data/food101_subset/pizza/pizza_0538.jpg,pizza,,train,no
data/food101_subset/pizza/pizza_0621.jpg,pizza,,train,no
data/food101_subset/pizza/pizza_0039.jpg,pizza,,train,no
data/food101_subset/pizza/pizza_0176.jpg,pizza,,train,no
data/food101_subset/pizza/pizza_0246.jpg,pizza,,train,no
data/food101_subset/pizza/pizza_0829.jpg,pizza,,train,no
data/food101_subset/pizza/pizza_0668.jpg,pizza,,train,no
data/food101_subset/pizza/pizza_0755.jpg,pizza,,train,no
data/food101_subset/pizza/pizza_0859.jpg,pizza,,train,no
data/food101_subset/pizza/pizza_0155.jpg,pizza,,train,no
data/food101_subset/pizza/pizza_0288.jpg,pizza,,train,no
data/food101_subset/pizza/pizza_0603.jpg,pizza,,train,no
data/food101_subset/pizza/pizza_0570.jpg,pizza,,train,no
data/food101_subset/pizza/pizza_0744.jpg,pizza,,train,no
data/food101_subset/pizza/pizza_0018.jpg,pizza,,train,no
data/food101_subset/pizza/pizza_0128.jpg,pizza,,train,no
data/food101_subset/pizza/pizza_0323.jpg,pizza,,train,no
data/food101_subset/pizza/pizza_0256.jpg,pizza,,train,no
data/food101_subset/pizza/pizza_0658.jpg,pizza,,train,no
data/food101_subset/pizza/pizza_0965.jpg,pizza,,train,no
data/food101_subset/pizza/pizza_0191.jpg,pizza,,train,no
data/food101_subset/pizza/pizza_0116.jpg,pizza,,train,no
data/food101_subset/pizza/pizza_0617.jpg,pizza,,train,no
data/food101_subset/pizza/pizza_0607.jpg,pizza,,train,no
data/food101_subset/pizza/pizza_0181.jpg,pizza,,train,no
data/food101_subset/pizza/pizza_0302.jpg,pizza,,train,no
data/food101_subset/pizza/pizza_0760.jpg,pizza,,train,no
data/food101_subset/pizza/pizza_0713.jpg,pizza,,train,no
data/food101_subset/pizza/pizza_0724.jpg,pizza,,train,no
data/food101_subset/pizza/pizza_0686.jpg,pizza,,train,no
data/food101_subset/pizza/pizza_0980.jpg,pizza,,train,no
data/food101_subset/pizza/pizza_0518.jpg,pizza,,train,no
data/food101_subset/pizza/pizza_0985.jpg,pizza,,train,no
data/food101_subset/pizza/pizza_0046.jpg,pizza,,train,no
data/food101_subset/pizza/pizza_0910.jpg,pizza,,train,no
data/food101_subset/pizza/pizza_0158.jpg,pizza,,train,no
data/food101_subset/pizza/pizza_0852.jpg,pizza,,train,no
data/food101_subset/pizza/pizza_0172.jpg,pizza,,train,no
data/food101_subset/pizza/pizza_0017.jpg,pizza,,train,no
data/food101_subset/pizza/pizza_0512.jpg,pizza,,train,no
data/food101_subset/pizza/pizza_0049.jpg,pizza,,train,no
data/food101_subset/pizza/pizza_0972.jpg,pizza,,train,no
data/food101_subset/pizza/pizza_0941.jpg,pizza,,train,no
data/food101_subset/pizza/pizza_0516.jpg,pizza,,train,no
data/food101_subset/pizza/pizza_0953.jpg,pizza,,train,no
data/food101_subset/pizza/pizza_0481.jpg,pizza,,train,no
data/food101_subset/pizza/pizza_0284.jpg,pizza,,train,no
data/food101_subset/pizza/pizza_0719.jpg,pizza,,train,no
data/food101_subset/pizza/pizza_0878.jpg,pizza,,train,no
data/food101_subset/pizza/pizza_0226.jpg,pizza,,train,no
data/food101_subset/pizza/pizza_0027.jpg,pizza,,train,no
data/food101_subset/pizza/pizza_0955.jpg,pizza,,train,no
data/food101_subset/pizza/pizza_0438.jpg,pizza,,train,no
data/food101_subset/pizza/pizza_0952.jpg,pizza,,train,no
data/food101_subset/pizza/pizza_0365.jpg,pizza,,train,no
data/food101_subset/pizza/pizza_0230.jpg,pizza,,train,no
data/food101_subset/pizza/pizza_0038.jpg,pizza,,train,no
data/food101_subset/pizza/pizza_0966.jpg,pizza,,train,no
data/food101_subset/pizza/pizza_0375.jpg,pizza,,train,no
data/food101_subset/pizza/pizza_0470.jpg,pizza,,train,no
data/food101_subset/pizza/pizza_0968.jpg,pizza,,train,no
data/food101_subset/pizza/pizza_0851.jpg,pizza,,train,no
data/food101_subset/pizza/pizza_0705.jpg,pizza,,train,no
data/food101_subset/pizza/pizza_0842.jpg,pizza,,train,no
data/food101_subset/pizza/pizza_0195.jpg,pizza,,train,no
data/food101_subset/pizza/pizza_0855.jpg,pizza,,train,no
data/food101_subset/pizza/pizza_0865.jpg,pizza,,train,no
data/food101_subset/pizza/pizza_0504.jpg,pizza,,train,no
data/food101_subset/pizza/pizza_0970.jpg,pizza,,train,no
data/food101_subset/pizza/pizza_0831.jpg,pizza,,train,no
data/food101_subset/pizza/pizza_0580.jpg,pizza,,train,no
data/food101_subset/pizza/pizza_0969.jpg,pizza,,train,no
data/food101_subset/pizza/pizza_0163.jpg,pizza,,train,no
data/food101_subset/pizza/pizza_0909.jpg,pizza,,train,no
data/food101_subset/pizza/pizza_0153.jpg,pizza,,train,no
data/food101_subset/pizza/pizza_0802.jpg,pizza,,train,no
data/food101_subset/pizza/pizza_0994.jpg,pizza,,train,no
data/food101_subset/pizza/pizza_0756.jpg,pizza,,train,no
data/food101_subset/pizza/pizza_0112.jpg,pizza,,train,no
data/food101_subset/pizza/pizza_0227.jpg,pizza,,train,no
data/food101_subset/pizza/pizza_0689.jpg,pizza,,train,no
data/food101_subset/pizza/pizza_0104.jpg,pizza,,train,no
data/food101_subset/pizza/pizza_0422.jpg,pizza,,train,no
data/food101_subset/pizza/pizza_0420.jpg,pizza,,train,no
data/food101_subset/pizza/pizza_0751.jpg,pizza,,train,no
data/food101_subset/pizza/pizza_0587.jpg,pizza,,train,no
data/food101_subset/pizza/pizza_0781.jpg,pizza,,train,no
data/food101_subset/pizza/pizza_0673.jpg,pizza,,train,no
data/food101_subset/pizza/pizza_0120.jpg,pizza,,train,no
data/food101_subset/pizza/pizza_0054.jpg,pizza,,train,no
data/food101_subset/pizza/pizza_0152.jpg,pizza,,train,no
data/food101_subset/pizza/pizza_0404.jpg,pizza,,train,no
data/food101_subset/pizza/pizza_0946.jpg,pizza,,train,no
data/food101_subset/pizza/pizza_0208.jpg,pizza,,train,no
data/food101_subset/pizza/pizza_0659.jpg,pizza,,train,no
data/food101_subset/pizza/pizza_0844.jpg,pizza,,train,no
data/food101_subset/pizza/pizza_0763.jpg,pizza,,train,no
data/food101_subset/pizza/pizza_0009.jpg,pizza,,train,no
data/food101_subset/pizza/pizza_0808.jpg,pizza,,train,no
data/food101_subset/pizza/pizza_0037.jpg,pizza,,train,no
data/food101_subset/pizza/pizza_0453.jpg,pizza,,train,no
data/food101_subset/pizza/pizza_0652.jpg,pizza,,train,no
data/food101_subset/pizza/pizza_0254.jpg,pizza,,train,no
data/food101_subset/pizza/pizza_0304.jpg,pizza,,train,no
data/food101_subset/pizza/pizza_0747.jpg,pizza,,train,no
data/food101_subset/pizza/pizza_0572.jpg,pizza,,train,no
data/food101_subset/pizza/pizza_0624.jpg,pizza,,train,no
data/food101_subset/pizza/pizza_0733.jpg,pizza,,train,no
data/food101_subset/pizza/pizza_0892.jpg,pizza,,train,no
data/food101_subset/pizza/pizza_0263.jpg,pizza,,train,no
data/food101_subset/pizza/pizza_0611.jpg,pizza,,train,no
data/food101_subset/pizza/pizza_0298.jpg,pizza,,train,no
data/food101_subset/pizza/pizza_0415.jpg,pizza,,train,no
data/food101_subset/pizza/pizza_0151.jpg,pizza,,train,no
data/food101_subset/pizza/pizza_0789.jpg,pizza,,train,no
data/food101_subset/pizza/pizza_0641.jpg,pizza,,train,no
data/food101_subset/pizza/pizza_0890.jpg,pizza,,train,no
data/food101_subset/pizza/pizza_0551.jpg,pizza,,train,no
data/food101_subset/pizza/pizza_0887.jpg,pizza,,train,no
data/food101_subset/pizza/pizza_0489.jpg,pizza,,train,no
data/food101_subset/pizza/pizza_0148.jpg,pizza,,train,no
data/food101_subset/pizza/pizza_0147.jpg,pizza,,train,no
data/food101_subset/pizza/pizza_0721.jpg,pizza,,train,no
data/food101_subset/pizza/pizza_0932.jpg,pizza,,train,no
data/food101_subset/pizza/pizza_0740.jpg,pizza,,train,no
data/food101_subset/pizza/pizza_0660.jpg,pizza,,train,no
data/food101_subset/pizza/pizza_0349.jpg,pizza,,train,no
data/food101_subset/pizza/pizza_0464.jpg,pizza,,train,no
data/food101_subset/pizza/pizza_0326.jpg,pizza,,train,no
data/food101_subset/pizza/pizza_0187.jpg,pizza,,train,no
data/food101_subset/pizza/pizza_0124.jpg,pizza,,train,no
data/food101_subset/pizza/pizza_0854.jpg,pizza,,train,no
data/food101_subset/pizza/pizza_0609.jpg,pizza,,train,no
data/food101_subset/pizza/pizza_0144.jpg,pizza,,train,no
data/food101_subset/pizza/pizza_0959.jpg,pizza,,train,no
data/food101_subset/pizza/pizza_0198.jpg,pizza,,train,no
data/food101_subset/pizza/pizza_0610.jpg,pizza,,train,no
data/food101_subset/pizza/pizza_0280.jpg,pizza,,train,no
data/food101_subset/pizza/pizza_0294.jpg,pizza,,train,no
data/food101_subset/pizza/pizza_0401.jpg,pizza,,train,no
data/food101_subset/pizza/pizza_0123.jpg,pizza,,train,no
data/food101_subset/pizza/pizza_0184.jpg,pizza,,train,no
data/food101_subset/pizza/pizza_0203.jpg,pizza,,train,no
data/food101_subset/pizza/pizza_0439.jpg,pizza,,train,no
data/food101_subset/pizza/pizza_0247.jpg,pizza,,train,no
data/food101_subset/pizza/pizza_0416.jpg,pizza,,train,no
data/food101_subset/pizza/pizza_0933.jpg,pizza,,train,no
data/food101_subset/pizza/pizza_0766.jpg,pizza,,train,no
data/food101_subset/pizza/pizza_0907.jpg,pizza,,train,no
data/food101_subset/pizza/pizza_0836.jpg,pizza,,train,no
data/food101_subset/pizza/pizza_0888.jpg,pizza,,train,no
data/food101_subset/pizza/pizza_0130.jpg,pizza,,train,no
data/food101_subset/pizza/pizza_0638.jpg,pizza,,train,no
data/food101_subset/pizza/pizza_0403.jpg,pizza,,train,no
data/food101_subset/pizza/pizza_0785.jpg,pizza,,train,no
data/food101_subset/pizza/pizza_0771.jpg,pizza,,train,no
data/food101_subset/pizza/pizza_0736.jpg,pizza,,train,no
data/food101_subset/pizza/pizza_0914.jpg,pizza,,train,no
data/food101_subset/pizza/pizza_0220.jpg,pizza,,train,no
data/food101_subset/pizza/pizza_0642.jpg,pizza,,train,no
data/food101_subset/pizza/pizza_0916.jpg,pizza,,train,no
data/food101_subset/pizza/pizza_0753.jpg,pizza,,train,no
data/food101_subset/pizza/pizza_0807.jpg,pizza,,train,no
data/food101_subset/pizza/pizza_0920.jpg,pizza,,train,no
data/food101_subset/pizza/pizza_0625.jpg,pizza,,train,no
data/food101_subset/pizza/pizza_0875.jpg,pizza,,train,no
data/food101_subset/pizza/pizza_0761.jpg,pizza,,train,no
data/food101_subset/pizza/pizza_0387.jpg,pizza,,train,no
data/food101_subset/pizza/pizza_0973.jpg,pizza,,train,no
data/food101_subset/pizza/pizza_0510.jpg,pizza,,train,no
data/food101_subset/pizza/pizza_0268.jpg,pizza,,train,no
data/food101_subset/pizza/pizza_0820.jpg,pizza,,train,no
data/food101_subset/pizza/pizza_0442.jpg,pizza,,train,no
data/food101_subset/pizza/pizza_0497.jpg,pizza,,train,no
data/food101_subset/pizza/pizza_0113.jpg,pizza,,train,no
data/food101_subset/pizza/pizza_0692.jpg,pizza,,train,no
data/food101_subset/pizza/pizza_0233.jpg,pizza,,train,no
data/food101_subset/pizza/pizza_0870.jpg,pizza,,train,no
data/food101_subset/pizza/pizza_0608.jpg,pizza,,train,no
data/food101_subset/pizza/pizza_0672.jpg,pizza,,train,no
data/food101_subset/pizza/pizza_0374.jpg,pizza,,train,no
data/food101_subset/pizza/pizza_0982.jpg,pizza,,train,no
data/food101_subset/pizza/pizza_0843.jpg,pizza,,train,no
data/food101_subset/pizza/pizza_0234.jpg,pizza,,train,no
data/food101_subset/pizza/pizza_0786.jpg,pizza,,train,no
data/food101_subset/pizza/pizza_0677.jpg,pizza,,train,no
data/food101_subset/pizza/pizza_0318.jpg,pizza,,train,no
data/food101_subset/pizza/pizza_0649.jpg,pizza,,train,no
data/food101_subset/pizza/pizza_0411.jpg,pizza,,train,no
data/food101_subset/pizza/pizza_0899.jpg,pizza,,train,no
data/food101_subset/pizza/pizza_0710.jpg,pizza,,train,no
data/food101_subset/pizza/pizza_0359.jpg,pizza,,train,no
data/food101_subset/pizza/pizza_0259.jpg,pizza,,train,no
data/food101_subset/pizza/pizza_0745.jpg,pizza,,train,no
data/food101_subset/pizza/pizza_0628.jpg,pizza,,train,no
data/food101_subset/pizza/pizza_0633.jpg,pizza,,train,no
data/food101_subset/pizza/pizza_0283.jpg,pizza,,train,no
data/food101_subset/pizza/pizza_0377.jpg,pizza,,train,no
data/food101_subset/pizza/pizza_0385.jpg,pizza,,train,no
data/food101_subset/pizza/pizza_0225.jpg,pizza,,train,no
data/food101_subset/pizza/pizza_0954.jpg,pizza,,train,no
data/food101_subset/pizza/pizza_0815.jpg,pizza,,train,no
data/food101_subset/pizza/pizza_0473.jpg,pizza,,train,no
data/food101_subset/pizza/pizza_0348.jpg,pizza,,train,no
data/food101_subset/pizza/pizza_0506.jpg,pizza,,train,no
data/food101_subset/pizza/pizza_0640.jpg,pizza,,train,no
data/food101_subset/pizza/pizza_0988.jpg,pizza,,train,no
data/food101_subset/pizza/pizza_0929.jpg,pizza,,train,no
data/food101_subset/pizza/pizza_0906.jpg,pizza,,train,no
data/food101_subset/pizza/pizza_0620.jpg,pizza,,train,no
data/food101_subset/pizza/pizza_0856.jpg,pizza,,train,no
data/food101_subset/pizza/pizza_0804.jpg,pizza,,train,no
data/food101_subset/pizza/pizza_0646.jpg,pizza,,train,no
data/food101_subset/pizza/pizza_0847.jpg,pizza,,train,no
data/food101_subset/pizza/pizza_0557.jpg,pizza,,val,no
data/food101_subset/pizza/pizza_0958.jpg,pizza,,val,no
data/food101_subset/pizza/pizza_0578.jpg,pizza,,val,no
data/food101_subset/pizza/pizza_0796.jpg,pizza,,val,no
data/food101_subset/pizza/pizza_0086.jpg,pizza,,val,no
data/food101_subset/pizza/pizza_0243.jpg,pizza,,val,no
data/food101_subset/pizza/pizza_0699.jpg,pizza,,val,no
data/food101_subset/pizza/pizza_0160.jpg,pizza,,val,no
data/food101_subset/pizza/pizza_0525.jpg,pizza,,val,no
data/food101_subset/pizza/pizza_0036.jpg,pizza,,val,no
data/food101_subset/pizza/pizza_0541.jpg,pizza,,val,no
data/food101_subset/pizza/pizza_0171.jpg,pizza,,val,no
data/food101_subset/pizza/pizza_0655.jpg,pizza,,val,no
data/food101_subset/pizza/pizza_0891.jpg,pizza,,val,no
data/food101_subset/pizza/pizza_0858.jpg,pizza,,val,no
data/food101_subset/pizza/pizza_0848.jpg,pizza,,val,no
data/food101_subset/pizza/pizza_0945.jpg,pizza,,val,no
data/food101_subset/pizza/pizza_0734.jpg,pizza,,val,no
data/food101_subset/pizza/pizza_0096.jpg,pizza,,val,no
data/food101_subset/pizza/pizza_0564.jpg,pizza,,val,no
data/food101_subset/pizza/pizza_0241.jpg,pizza,,val,no
data/food101_subset/pizza/pizza_0743.jpg,pizza,,val,no
data/food101_subset/pizza/pizza_0575.jpg,pizza,,val,no
data/food101_subset/pizza/pizza_0691.jpg,pizza,,val,no
data/food101_subset/pizza/pizza_0461.jpg,pizza,,val,no
data/food101_subset/pizza/pizza_0554.jpg,pizza,,val,no
data/food101_subset/pizza/pizza_0889.jpg,pizza,,val,no
data/food101_subset/pizza/pizza_0207.jpg,pizza,,val,no
data/food101_subset/pizza/pizza_0393.jpg,pizza,,val,no
data/food101_subset/pizza/pizza_0795.jpg,pizza,,val,no
data/food101_subset/pizza/pizza_0398.jpg,pizza,,val,no
data/food101_subset/pizza/pizza_0767.jpg,pizza,,val,no
data/food101_subset/pizza/pizza_0849.jpg,pizza,,val,no
data/food101_subset/pizza/pizza_0218.jpg,pizza,,val,no
data/food101_subset/pizza/pizza_0005.jpg,pizza,,val,no
data/food101_subset/pizza/pizza_0769.jpg,pizza,,val,no
data/food101_subset/pizza/pizza_0643.jpg,pizza,,val,no
data/food101_subset/pizza/pizza_0930.jpg,pizza,,val,no
data/food101_subset/pizza/pizza_0613.jpg,pizza,,val,no
data/food101_subset/pizza/pizza_0739.jpg,pizza,,val,no
data/food101_subset/pizza/pizza_0547.jpg,pizza,,val,no
data/food101_subset/pizza/pizza_0726.jpg,pizza,,val,no
data/food101_subset/pizza/pizza_0684.jpg,pizza,,val,no
data/food101_subset/pizza/pizza_0099.jpg,pizza,,val,no
data/food101_subset/pizza/pizza_0805.jpg,pizza,,val,no
data/food101_subset/pizza/pizza_0728.jpg,pizza,,val,no
data/food101_subset/pizza/pizza_0574.jpg,pizza,,val,no
data/food101_subset/pizza/pizza_0407.jpg,pizza,,val,no
data/food101_subset/pizza/pizza_0503.jpg,pizza,,val,no
data/food101_subset/pizza/pizza_0048.jpg,pizza,,val,no
data/food101_subset/pizza/pizza_0033.jpg,pizza,,val,no
data/food101_subset/pizza/pizza_0780.jpg,pizza,,val,no
data/food101_subset/pizza/pizza_0840.jpg,pizza,,val,no
data/food101_subset/pizza/pizza_0201.jpg,pizza,,val,no
data/food101_subset/pizza/pizza_0135.jpg,pizza,,val,no
data/food101_subset/pizza/pizza_0028.jpg,pizza,,val,no
data/food101_subset/pizza/pizza_0881.jpg,pizza,,val,no
data/food101_subset/pizza/pizza_0231.jpg,pizza,,val,no
data/food101_subset/pizza/pizza_0490.jpg,pizza,,val,no
data/food101_subset/pizza/pizza_0773.jpg,pizza,,val,no
data/food101_subset/pizza/pizza_0379.jpg,pizza,,val,no
data/food101_subset/pizza/pizza_0289.jpg,pizza,,val,no
data/food101_subset/pizza/pizza_0419.jpg,pizza,,val,no
data/food101_subset/pizza/pizza_0675.jpg,pizza,,val,no
data/food101_subset/pizza/pizza_0392.jpg,pizza,,val,no
data/food101_subset/pizza/pizza_0593.jpg,pizza,,val,no
data/food101_subset/pizza/pizza_0499.jpg,pizza,,val,no
data/food101_subset/pizza/pizza_0139.jpg,pizza,,val,no
data/food101_subset/pizza/pizza_0063.jpg,pizza,,val,no
data/food101_subset/pizza/pizza_0472.jpg,pizza,,val,no
data/food101_subset/pizza/pizza_0648.jpg,pizza,,val,no
data/food101_subset/pizza/pizza_0129.jpg,pizza,,val,no
data/food101_subset/pizza/pizza_0977.jpg,pizza,,val,no
data/food101_subset/pizza/pizza_0521.jpg,pizza,,val,no
data/food101_subset/pizza/pizza_0839.jpg,pizza,,val,no
data/food101_subset/pizza/pizza_0963.jpg,pizza,,val,no
data/food101_subset/pizza/pizza_0065.jpg,pizza,,val,no
data/food101_subset/pizza/pizza_0813.jpg,pizza,,val,no
data/food101_subset/pizza/pizza_0015.jpg,pizza,,val,no
data/food101_subset/pizza/pizza_0157.jpg,pizza,,val,no
data/food101_subset/pizza/pizza_0041.jpg,pizza,,val,no
data/food101_subset/pizza/pizza_0493.jpg,pizza,,val,no
data/food101_subset/pizza/pizza_0380.jpg,pizza,,val,no
data/food101_subset/pizza/pizza_0188.jpg,pizza,,val,no
data/food101_subset/pizza/pizza_0764.jpg,pizza,,val,no
data/food101_subset/pizza/pizza_0217.jpg,pizza,,val,no
data/food101_subset/pizza/pizza_0792.jpg,pizza,,val,no
data/food101_subset/pizza/pizza_0053.jpg,pizza,,val,no
data/food101_subset/pizza/pizza_0879.jpg,pizza,,val,no
data/food101_subset/pizza/pizza_0338.jpg,pizza,,val,no
data/food101_subset/pizza/pizza_0749.jpg,pizza,,val,no
data/food101_subset/pizza/pizza_0720.jpg,pizza,,val,no
data/food101_subset/pizza/pizza_0725.jpg,pizza,,val,no
data/food101_subset/pizza/pizza_0296.jpg,pizza,,val,no
data/food101_subset/pizza/pizza_0702.jpg,pizza,,val,no
data/food101_subset/pizza/pizza_0252.jpg,pizza,,val,no
data/food101_subset/pizza/pizza_0727.jpg,pizza,,val,no
data/food101_subset/pizza/pizza_0462.jpg,pizza,,val,no
data/food101_subset/pizza/pizza_0456.jpg,pizza,,val,no
data/food101_subset/pizza/pizza_0997.jpg,pizza,,val,no
data/food101_subset/pizza/pizza_0816.jpg,pizza,,test,no
data/food101_subset/pizza/pizza_0863.jpg,pizza,,test,no
data/food101_subset/pizza/pizza_0270.jpg,pizza,,test,no
data/food101_subset/pizza/pizza_0202.jpg,pizza,,test,no
data/food101_subset/pizza/pizza_0162.jpg,pizza,,test,no
data/food101_subset/pizza/pizza_0556.jpg,pizza,,test,no
data/food101_subset/pizza/pizza_0730.jpg,pizza,,test,no
data/food101_subset/pizza/pizza_0402.jpg,pizza,,test,no
data/food101_subset/pizza/pizza_0703.jpg,pizza,,test,no
data/food101_subset/pizza/pizza_0477.jpg,pizza,,test,no
data/food101_subset/pizza/pizza_0822.jpg,pizza,,test,no
data/food101_subset/pizza/pizza_0772.jpg,pizza,,test,no
data/food101_subset/pizza/pizza_0106.jpg,pizza,,test,no
data/food101_subset/pizza/pizza_0566.jpg,pizza,,test,no
data/food101_subset/pizza/pizza_0390.jpg,pizza,,test,no
data/food101_subset/pizza/pizza_0002.jpg,pizza,,test,no
data/food101_subset/pizza/pizza_0938.jpg,pizza,,test,no
data/food101_subset/pizza/pizza_0983.jpg,pizza,,test,no
data/food101_subset/pizza/pizza_0562.jpg,pizza,,test,no
data/food101_subset/pizza/pizza_0081.jpg,pizza,,test,no
data/food101_subset/pizza/pizza_0206.jpg,pizza,,test,no
data/food101_subset/pizza/pizza_0035.jpg,pizza,,test,no
data/food101_subset/pizza/pizza_0776.jpg,pizza,,test,no
data/food101_subset/pizza/pizza_0509.jpg,pizza,,test,no
data/food101_subset/pizza/pizza_0428.jpg,pizza,,test,no
data/food101_subset/pizza/pizza_0455.jpg,pizza,,test,no
data/food101_subset/pizza/pizza_0367.jpg,pizza,,test,no
data/food101_subset/pizza/pizza_0092.jpg,pizza,,test,no
data/food101_subset/pizza/pizza_0340.jpg,pizza,,test,no
data/food101_subset/pizza/pizza_0898.jpg,pizza,,test,no
data/food101_subset/pizza/pizza_0565.jpg,pizza,,test,no
data/food101_subset/pizza/pizza_0346.jpg,pizza,,test,no
data/food101_subset/pizza/pizza_0777.jpg,pizza,,test,no
data/food101_subset/pizza/pizza_0242.jpg,pizza,,test,no
data/food101_subset/pizza/pizza_0014.jpg,pizza,,test,no
data/food101_subset/pizza/pizza_0316.jpg,pizza,,test,no
data/food101_subset/pizza/pizza_0601.jpg,pizza,,test,no
data/food101_subset/pizza/pizza_0388.jpg,pizza,,test,no
data/food101_subset/pizza/pizza_0274.jpg,pizza,,test,no
data/food101_subset/pizza/pizza_0167.jpg,pizza,,test,no
data/food101_subset/pizza/pizza_0841.jpg,pizza,,test,no
data/food101_subset/pizza/pizza_0993.jpg,pizza,,test,no
data/food101_subset/pizza/pizza_0647.jpg,pizza,,test,no
data/food101_subset/pizza/pizza_0819.jpg,pizza,,test,no
data/food101_subset/pizza/pizza_0485.jpg,pizza,,test,no
data/food101_subset/pizza/pizza_0981.jpg,pizza,,test,no
data/food101_subset/pizza/pizza_0505.jpg,pizza,,test,no
data/food101_subset/pizza/pizza_0832.jpg,pizza,,test,no
data/food101_subset/pizza/pizza_0244.jpg,pizza,,test,no
data/food101_subset/pizza/pizza_0567.jpg,pizza,,test,no
data/food101_subset/pizza/pizza_0876.jpg,pizza,,test,no
data/food101_subset/pizza/pizza_0563.jpg,pizza,,test,no
data/food101_subset/pizza/pizza_0687.jpg,pizza,,test,no
data/food101_subset/pizza/pizza_0190.jpg,pizza,,test,no
data/food101_subset/pizza/pizza_0783.jpg,pizza,,test,no
data/food101_subset/pizza/pizza_0700.jpg,pizza,,test,no
data/food101_subset/pizza/pizza_0476.jpg,pizza,,test,no
data/food101_subset/pizza/pizza_0682.jpg,pizza,,test,no
data/food101_subset/pizza/pizza_0511.jpg,pizza,,test,no
data/food101_subset/pizza/pizza_0059.jpg,pizza,,test,no
data/food101_subset/pizza/pizza_0475.jpg,pizza,,test,no
data/food101_subset/pizza/pizza_0561.jpg,pizza,,test,no
data/food101_subset/pizza/pizza_0857.jpg,pizza,,test,no
data/food101_subset/pizza/pizza_0748.jpg,pizza,,test,no
data/food101_subset/pizza/pizza_0253.jpg,pizza,,test,no
data/food101_subset/pizza/pizza_0022.jpg,pizza,,test,no
data/food101_subset/pizza/pizza_0314.jpg,pizza,,test,no
data/food101_subset/pizza/pizza_0460.jpg,pizza,,test,no
data/food101_subset/pizza/pizza_0161.jpg,pizza,,test,no
data/food101_subset/pizza/pizza_0277.jpg,pizza,,test,no
data/food101_subset/pizza/pizza_0956.jpg,pizza,,test,no
data/food101_subset/pizza/pizza_0192.jpg,pizza,,test,no
data/food101_subset/pizza/pizza_0386.jpg,pizza,,test,no
data/food101_subset/pizza/pizza_0806.jpg,pizza,,test,no
data/food101_subset/pizza/pizza_0414.jpg,pizza,,test,no
data/food101_subset/pizza/pizza_0492.jpg,pizza,,test,no
data/food101_subset/pizza/pizza_0344.jpg,pizza,,test,no
data/food101_subset/pizza/pizza_0770.jpg,pizza,,test,no
data/food101_subset/pizza/pizza_0309.jpg,pizza,,test,no
data/food101_subset/pizza/pizza_0662.jpg,pizza,,test,no
data/food101_subset/pizza/pizza_0131.jpg,pizza,,test,no
data/food101_subset/pizza/pizza_0664.jpg,pizza,,test,no
data/food101_subset/pizza/pizza_0872.jpg,pizza,,test,no
data/food101_subset/pizza/pizza_0100.jpg,pizza,,test,no
data/food101_subset/pizza/pizza_0373.jpg,pizza,,test,no
data/food101_subset/pizza/pizza_0088.jpg,pizza,,test,no
data/food101_subset/pizza/pizza_0459.jpg,pizza,,test,no
data/food101_subset/pizza/pizza_0331.jpg,pizza,,test,no
data/food101_subset/pizza/pizza_0215.jpg,pizza,,test,no
data/food101_subset/pizza/pizza_0467.jpg,pizza,,test,no
data/food101_subset/pizza/pizza_0122.jpg,pizza,,test,no
data/food101_subset/pizza/pizza_0615.jpg,pizza,,test,no
data/food101_subset/pizza/pizza_0021.jpg,pizza,,test,no
data/food101_subset/pizza/pizza_0701.jpg,pizza,,test,no
data/food101_subset/pizza/pizza_0072.jpg,pizza,,test,no
data/food101_subset/pizza/pizza_0107.jpg,pizza,,test,no
data/food101_subset/pizza/pizza_0271.jpg,pizza,,test,no
data/food101_subset/pizza/pizza_0861.jpg,pizza,,test,no
data/food101_subset/pizza/pizza_0436.jpg,pizza,,test,no
data/food101_subset/pizza/pizza_0103.jpg,pizza,,test,no
data/food101_subset/salad/salad_0522.jpg,salad,,train,no
data/food101_subset/salad/salad_0738.jpg,salad,,train,no
data/food101_subset/salad/salad_0741.jpg,salad,,train,no
data/food101_subset/salad/salad_0661.jpg,salad,,train,no
data/food101_subset/salad/salad_0412.jpg,salad,,train,no
data/food101_subset/salad/salad_0679.jpg,salad,,train,no
data/food101_subset/salad/salad_0627.jpg,salad,,train,no
data/food101_subset/salad/salad_0514.jpg,salad,,train,no
data/food101_subset/salad/salad_0860.jpg,salad,,train,no
data/food101_subset/salad/salad_0137.jpg,salad,,train,no
data/food101_subset/salad/salad_0812.jpg,salad,,train,no
data/food101_subset/salad/salad_0077.jpg,salad,,train,no
data/food101_subset/salad/salad_0637.jpg,salad,,train,no
data/food101_subset/salad/salad_0974.jpg,salad,,train,no
data/food101_subset/salad/salad_0939.jpg,salad,,train,no
data/food101_subset/salad/salad_0900.jpg,salad,,train,no
data/food101_subset/salad/salad_0281.jpg,salad,,train,no
data/food101_subset/salad/salad_0884.jpg,salad,,train,no
data/food101_subset/salad/salad_0762.jpg,salad,,train,no
data/food101_subset/salad/salad_0320.jpg,salad,,train,no
data/food101_subset/salad/salad_0550.jpg,salad,,train,no
data/food101_subset/salad/salad_0175.jpg,salad,,train,no
data/food101_subset/salad/salad_0372.jpg,salad,,train,no
data/food101_subset/salad/salad_0528.jpg,salad,,train,no
data/food101_subset/salad/salad_0211.jpg,salad,,train,no
data/food101_subset/salad/salad_0236.jpg,salad,,train,no
data/food101_subset/salad/salad_0102.jpg,salad,,train,no
data/food101_subset/salad/salad_0987.jpg,salad,,train,no
data/food101_subset/salad/salad_0903.jpg,salad,,train,no
data/food101_subset/salad/salad_0948.jpg,salad,,train,no
data/food101_subset/salad/salad_0347.jpg,salad,,train,no
data/food101_subset/salad/salad_0140.jpg,salad,,train,no
data/food101_subset/salad/salad_0622.jpg,salad,,train,no
data/food101_subset/salad/salad_0500.jpg,salad,,train,no
data/food101_subset/salad/salad_0371.jpg,salad,,train,no
data/food101_subset/salad/salad_0199.jpg,salad,,train,no
data/food101_subset/salad/salad_0688.jpg,salad,,train,no
data/food101_subset/salad/salad_0585.jpg,salad,,train,no
data/food101_subset/salad/salad_0902.jpg,salad,,train,no
data/food101_subset/salad/salad_0060.jpg,salad,,train,no
data/food101_subset/salad/salad_0329.jpg,salad,,train,no
data/food101_subset/salad/salad_0097.jpg,salad,,train,no
data/food101_subset/salad/salad_0313.jpg,salad,,train,no
data/food101_subset/salad/salad_0975.jpg,salad,,train,no
data/food101_subset/salad/salad_0300.jpg,salad,,train,no
data/food101_subset/salad/salad_0278.jpg,salad,,train,no
data/food101_subset/salad/salad_0925.jpg,salad,,train,no
data/food101_subset/salad/salad_0602.jpg,salad,,train,no
data/food101_subset/salad/salad_0440.jpg,salad,,train,no
data/food101_subset/salad/salad_0838.jpg,salad,,train,no
data/food101_subset/salad/salad_0571.jpg,salad,,train,no
data/food101_subset/salad/salad_0880.jpg,salad,,train,no
data/food101_subset/salad/salad_0262.jpg,salad,,train,no
data/food101_subset/salad/salad_0579.jpg,salad,,train,no
data/food101_subset/salad/salad_0024.jpg,salad,,train,no
data/food101_subset/salad/salad_0031.jpg,salad,,train,no
data/food101_subset/salad/salad_0618.jpg,salad,,train,no
data/food101_subset/salad/salad_0011.jpg,salad,,train,no
data/food101_subset/salad/salad_0222.jpg,salad,,train,no
data/food101_subset/salad/salad_0821.jpg,salad,,train,no
data/food101_subset/salad/salad_0297.jpg,salad,,train,no
data/food101_subset/salad/salad_0055.jpg,salad,,train,no
data/food101_subset/salad/salad_0543.jpg,salad,,train,no
data/food101_subset/salad/salad_0210.jpg,salad,,train,no
data/food101_subset/salad/salad_0605.jpg,salad,,train,no
data/food101_subset/salad/salad_0693.jpg,salad,,train,no
data/food101_subset/salad/salad_0663.jpg,salad,,train,no
data/food101_subset/salad/salad_0867.jpg,salad,,train,no
data/food101_subset/salad/salad_0071.jpg,salad,,train,no
data/food101_subset/salad/salad_0544.jpg,salad,,train,no
data/food101_subset/salad/salad_0108.jpg,salad,,train,no
data/food101_subset/salad/salad_0494.jpg,salad,,train,no
data/food101_subset/salad/salad_0591.jpg,salad,,train,no
data/food101_subset/salad/salad_0742.jpg,salad,,train,no
data/food101_subset/salad/salad_0293.jpg,salad,,train,no
data/food101_subset/salad/salad_0290.jpg,salad,,train,no
data/food101_subset/salad/salad_0653.jpg,salad,,train,no
data/food101_subset/salad/salad_0040.jpg,salad,,train,no
data/food101_subset/salad/salad_0590.jpg,salad,,train,no
data/food101_subset/salad/salad_0308.jpg,salad,,train,no
data/food101_subset/salad/salad_0680.jpg,salad,,train,no
data/food101_subset/salad/salad_0067.jpg,salad,,train,no
data/food101_subset/salad/salad_0276.jpg,salad,,train,no
data/food101_subset/salad/salad_0068.jpg,salad,,train,no
data/food101_subset/salad/salad_0319.jpg,salad,,train,no
data/food101_subset/salad/salad_0549.jpg,salad,,train,no
data/food101_subset/salad/salad_0999.jpg,salad,,train,no
data/food101_subset/salad/salad_0715.jpg,salad,,train,no
data/food101_subset/salad/salad_0754.jpg,salad,,train,no
data/food101_subset/salad/salad_0328.jpg,salad,,train,no
data/food101_subset/salad/salad_0383.jpg,salad,,train,no
data/food101_subset/salad/salad_0452.jpg,salad,,train,no
data/food101_subset/salad/salad_0523.jpg,salad,,train,no
data/food101_subset/salad/salad_0219.jpg,salad,,train,no
data/food101_subset/salad/salad_0788.jpg,salad,,train,no
data/food101_subset/salad/salad_0437.jpg,salad,,train,no
data/food101_subset/salad/salad_0765.jpg,salad,,train,no
data/food101_subset/salad/salad_0089.jpg,salad,,train,no
data/food101_subset/salad/salad_0064.jpg,salad,,train,no
data/food101_subset/salad/salad_0827.jpg,salad,,train,no
data/food101_subset/salad/salad_0717.jpg,salad,,train,no
data/food101_subset/salad/salad_0352.jpg,salad,,train,no
data/food101_subset/salad/salad_0937.jpg,salad,,train,no
data/food101_subset/salad/salad_0257.jpg,salad,,train,no
data/food101_subset/salad/salad_0636.jpg,salad,,train,no
data/food101_subset/salad/salad_0645.jpg,salad,,train,no
data/food101_subset/salad/salad_0555.jpg,salad,,train,no
data/food101_subset/salad/salad_0960.jpg,salad,,train,no
data/food101_subset/salad/salad_0169.jpg,salad,,train,no
data/food101_subset/salad/salad_0918.jpg,salad,,train,no
data/food101_subset/salad/salad_0529.jpg,salad,,train,no
data/food101_subset/salad/salad_0824.jpg,salad,,train,no
data/food101_subset/salad/salad_0986.jpg,salad,,train,no
data/food101_subset/salad/salad_0817.jpg,salad,,train,no
data/food101_subset/salad/salad_0087.jpg,salad,,train,no
data/food101_subset/salad/salad_0433.jpg,salad,,train,no
data/food101_subset/salad/salad_0185.jpg,salad,,train,no
data/food101_subset/salad/salad_0979.jpg,salad,,train,no
data/food101_subset/salad/salad_0535.jpg,salad,,train,no
data/food101_subset/salad/salad_0295.jpg,salad,,train,no
data/food101_subset/salad/salad_0893.jpg,salad,,train,no
data/food101_subset/salad/salad_0426.jpg,salad,,train,no
data/food101_subset/salad/salad_0714.jpg,salad,,train,no
data/food101_subset/salad/salad_0261.jpg,salad,,train,no
data/food101_subset/salad/salad_0238.jpg,salad,,train,no
data/food101_subset/salad/salad_0560.jpg,salad,,train,no
data/food101_subset/salad/salad_0584.jpg,salad,,train,no
data/food101_subset/salad/salad_0446.jpg,salad,,train,no
data/food101_subset/salad/salad_0868.jpg,salad,,train,no
data/food101_subset/salad/salad_0801.jpg,salad,,train,no
data/food101_subset/salad/salad_0600.jpg,salad,,train,no
data/food101_subset/salad/salad_0850.jpg,salad,,train,no
data/food101_subset/salad/salad_0266.jpg,salad,,train,no
data/food101_subset/salad/salad_0996.jpg,salad,,train,no
data/food101_subset/salad/salad_0530.jpg,salad,,train,no
data/food101_subset/salad/salad_0056.jpg,salad,,train,no
data/food101_subset/salad/salad_0121.jpg,salad,,train,no
data/food101_subset/salad/salad_0216.jpg,salad,,train,no
data/food101_subset/salad/salad_0026.jpg,salad,,train,no
data/food101_subset/salad/salad_0073.jpg,salad,,train,no
data/food101_subset/salad/salad_0045.jpg,salad,,train,no
data/food101_subset/salad/salad_0248.jpg,salad,,train,no
data/food101_subset/salad/salad_0722.jpg,salad,,train,no
data/food101_subset/salad/salad_0282.jpg,salad,,train,no
data/food101_subset/salad/salad_0894.jpg,salad,,train,no
data/food101_subset/salad/salad_0915.jpg,salad,,train,no
data/food101_subset/salad/salad_0811.jpg,salad,,train,no
data/food101_subset/salad/salad_0245.jpg,salad,,train,no
data/food101_subset/salad/salad_0823.jpg,salad,,train,no
data/food101_subset/salad/salad_0322.jpg,salad,,train,no
data/food101_subset/salad/salad_0644.jpg,salad,,train,no
data/food101_subset/salad/salad_0159.jpg,salad,,train,no
data/food101_subset/salad/salad_0978.jpg,salad,,train,no
data/food101_subset/salad/salad_0430.jpg,salad,,train,no
data/food101_subset/salad/salad_0942.jpg,salad,,train,no
data/food101_subset/salad/salad_0463.jpg,salad,,train,no
data/food101_subset/salad/salad_0310.jpg,salad,,train,no
data/food101_subset/salad/salad_0698.jpg,salad,,train,no
data/food101_subset/salad/salad_0061.jpg,salad,,train,no
data/food101_subset/salad/salad_0885.jpg,salad,,train,no
data/food101_subset/salad/salad_0596.jpg,salad,,train,no
data/food101_subset/salad/salad_0768.jpg,salad,,train,no
data/food101_subset/salad/salad_0650.jpg,salad,,train,no
data/food101_subset/salad/salad_0651.jpg,salad,,train,no
data/food101_subset/salad/salad_0866.jpg,salad,,train,no
data/food101_subset/salad/salad_0669.jpg,salad,,train,no
data/food101_subset/salad/salad_0299.jpg,salad,,train,no
data/food101_subset/salad/salad_0690.jpg,salad,,train,no
data/food101_subset/salad/salad_0315.jpg,salad,,train,no
data/food101_subset/salad/salad_0311.jpg,salad,,train,no
data/food101_subset/salad/salad_0362.jpg,salad,,train,no
data/food101_subset/salad/salad_0480.jpg,salad,,train,no
data/food101_subset/salad/salad_0111.jpg,salad,,train,no
data/food101_subset/salad/salad_0990.jpg,salad,,train,no
data/food101_subset/salad/salad_0487.jpg,salad,,train,no
data/food101_subset/salad/salad_0364.jpg,salad,,train,no
data/food101_subset/salad/salad_0255.jpg,salad,,train,no
data/food101_subset/salad/salad_0260.jpg,salad,,train,no
data/food101_subset/salad/salad_0803.jpg,salad,,train,no
data/food101_subset/salad/salad_0678.jpg,salad,,train,no
data/food101_subset/salad/salad_0495.jpg,salad,,train,no
data/food101_subset/salad/salad_0671.jpg,salad,,train,no
data/food101_subset/salad/salad_0378.jpg,salad,,train,no
data/food101_subset/salad/salad_0527.jpg,salad,,train,no
data/food101_subset/salad/salad_0846.jpg,salad,,train,no
data/food101_subset/salad/salad_0138.jpg,salad,,train,no
data/food101_subset/salad/salad_0356.jpg,salad,,train,no
data/food101_subset/salad/salad_0366.jpg,salad,,train,no
data/food101_subset/salad/salad_0943.jpg,salad,,train,no
data/food101_subset/salad/salad_0750.jpg,salad,,train,no
data/food101_subset/salad/salad_0949.jpg,salad,,train,no
data/food101_subset/salad/salad_0830.jpg,salad,,train,no
data/food101_subset/salad/salad_0657.jpg,salad,,train,no
data/food101_subset/salad/salad_0200.jpg,salad,,train,no
data/food101_subset/salad/salad_0214.jpg,salad,,train,no
data/food101_subset/salad/salad_0409.jpg,salad,,train,no
data/food101_subset/salad/salad_0333.jpg,salad,,train,no
data/food101_subset/salad/salad_0209.jpg,salad,,train,no
data/food101_subset/salad/salad_0614.jpg,salad,,train,no
data/food101_subset/salad/salad_0079.jpg,salad,,train,no
data/food101_subset/salad/salad_0030.jpg,salad,,train,no
data/food101_subset/salad/salad_0536.jpg,salad,,train,no
data/food101_subset/salad/salad_0696.jpg,salad,,train,no
data/food101_subset/salad/salad_0558.jpg,salad,,train,no
data/food101_subset/salad/salad_0837.jpg,salad,,train,no
data/food101_subset/salad/salad_0597.jpg,salad,,train,no
data/food101_subset/salad/salad_0166.jpg,salad,,train,no
data/food101_subset/salad/salad_0919.jpg,salad,,train,no
data/food101_subset/salad/salad_0496.jpg,salad,,train,no
data/food101_subset/salad/salad_0825.jpg,salad,,train,no
data/food101_subset/salad/salad_0066.jpg,salad,,train,no
data/food101_subset/salad/salad_0142.jpg,salad,,train,no
data/food101_subset/salad/salad_0926.jpg,salad,,train,no
data/food101_subset/salad/salad_0828.jpg,salad,,train,no
data/food101_subset/salad/salad_0656.jpg,salad,,train,no
data/food101_subset/salad/salad_0332.jpg,salad,,train,no
data/food101_subset/salad/salad_0665.jpg,salad,,train,no
data/food101_subset/salad/salad_0250.jpg,salad,,train,no
data/food101_subset/salad/salad_0908.jpg,salad,,train,no
data/food101_subset/salad/salad_0709.jpg,salad,,train,no
data/food101_subset/salad/salad_0306.jpg,salad,,train,no
data/food101_subset/salad/salad_0735.jpg,salad,,train,no
data/food101_subset/salad/salad_0976.jpg,salad,,train,no
data/food101_subset/salad/salad_0050.jpg,salad,,train,no
data/food101_subset/salad/salad_0897.jpg,salad,,train,no
data/food101_subset/salad/salad_0003.jpg,salad,,train,no
data/food101_subset/salad/salad_0545.jpg,salad,,train,no
data/food101_subset/salad/salad_0351.jpg,salad,,train,no
data/food101_subset/salad/salad_0905.jpg,salad,,train,no
data/food101_subset/salad/salad_0537.jpg,salad,,train,no
data/food101_subset/salad/salad_0345.jpg,salad,,train,no
data/food101_subset/salad/salad_0995.jpg,salad,,train,no
data/food101_subset/salad/salad_0482.jpg,salad,,train,no
data/food101_subset/salad/salad_0576.jpg,salad,,train,no
data/food101_subset/salad/salad_0034.jpg,salad,,train,no
data/food101_subset/salad/salad_0032.jpg,salad,,train,no
data/food101_subset/salad/salad_0232.jpg,salad,,train,no
data/food101_subset/salad/salad_0964.jpg,salad,,train,no
data/food101_subset/salad/salad_0193.jpg,salad,,train,no
data/food101_subset/salad/salad_0334.jpg,salad,,train,no
data/food101_subset/salad/salad_0004.jpg,salad,,train,no
data/food101_subset/salad/salad_0205.jpg,salad,,train,no
data/food101_subset/salad/salad_0515.jpg,salad,,train,no
data/food101_subset/salad/salad_0800.jpg,salad,,train,no
data/food101_subset/salad/salad_0307.jpg,salad,,train,no
data/food101_subset/salad/salad_0110.jpg,salad,,train,no
data/food101_subset/salad/salad_0431.jpg,salad,,train,no
data/food101_subset/salad/salad_0078.jpg,salad,,train,no
data/food101_subset/salad/salad_0085.jpg,salad,,train,no
data/food101_subset/salad/salad_0287.jpg,salad,,train,no
data/food101_subset/salad/salad_0083.jpg,salad,,train,no
data/food101_subset/salad/salad_0992.jpg,salad,,train,no
data/food101_subset/salad/salad_0790.jpg,salad,,train,no
data/food101_subset/salad/salad_0895.jpg,salad,,train,no
data/food101_subset/salad/salad_0399.jpg,salad,,train,no
data/food101_subset/salad/salad_0324.jpg,salad,,train,no
data/food101_subset/salad/salad_0520.jpg,salad,,train,no
data/food101_subset/salad/salad_0917.jpg,salad,,train,no
data/food101_subset/salad/salad_0923.jpg,salad,,train,no
data/food101_subset/salad/salad_0006.jpg,salad,,train,no
data/food101_subset/salad/salad_0732.jpg,salad,,train,no
data/food101_subset/salad/salad_0466.jpg,salad,,train,no
data/food101_subset/salad/salad_0098.jpg,salad,,train,no
data/food101_subset/salad/salad_0267.jpg,salad,,train,no
data/food101_subset/salad/salad_0358.jpg,salad,,train,no
data/food101_subset/salad/salad_0869.jpg,salad,,train,no
data/food101_subset/salad/salad_0799.jpg,salad,,train,no
data/food101_subset/salad/salad_0381.jpg,salad,,train,no
data/food101_subset/salad/salad_0632.jpg,salad,,train,no
data/food101_subset/salad/salad_0382.jpg,salad,,train,no
data/food101_subset/salad/salad_0491.jpg,salad,,train,no
data/food101_subset/salad/salad_0119.jpg,salad,,train,no
data/food101_subset/salad/salad_0901.jpg,salad,,train,no
data/food101_subset/salad/salad_0251.jpg,salad,,train,no
data/food101_subset/salad/salad_0524.jpg,salad,,train,no
data/food101_subset/salad/salad_0010.jpg,salad,,train,no
data/food101_subset/salad/salad_0197.jpg,salad,,train,no
data/food101_subset/salad/salad_0604.jpg,salad,,train,no
data/food101_subset/salad/salad_0082.jpg,salad,,train,no
data/food101_subset/salad/salad_0784.jpg,salad,,train,no
data/food101_subset/salad/salad_0588.jpg,salad,,train,no
data/food101_subset/salad/salad_0798.jpg,salad,,train,no
data/food101_subset/salad/salad_0240.jpg,salad,,train,no
data/food101_subset/salad/salad_0291.jpg,salad,,train,no
data/food101_subset/salad/salad_0212.jpg,salad,,train,no
data/food101_subset/salad/salad_0718.jpg,salad,,train,no
data/food101_subset/salad/salad_0360.jpg,salad,,train,no
data/food101_subset/salad/salad_0450.jpg,salad,,train,no
data/food101_subset/salad/salad_0228.jpg,salad,,train,no
data/food101_subset/salad/salad_0951.jpg,salad,,train,no
data/food101_subset/salad/salad_0947.jpg,salad,,train,no
data/food101_subset/salad/salad_0797.jpg,salad,,train,no
data/food101_subset/salad/salad_0502.jpg,salad,,train,no
data/food101_subset/salad/salad_0465.jpg,salad,,train,no
data/food101_subset/salad/salad_0363.jpg,salad,,train,no
data/food101_subset/salad/salad_0469.jpg,salad,,train,no
data/food101_subset/salad/salad_0936.jpg,salad,,train,no
data/food101_subset/salad/salad_0429.jpg,salad,,train,no
data/food101_subset/salad/salad_0008.jpg,salad,,train,no
data/food101_subset/salad/salad_0156.jpg,salad,,train,no
data/food101_subset/salad/salad_0542.jpg,salad,,train,no
data/food101_subset/salad/salad_0441.jpg,salad,,train,no
data/food101_subset/salad/salad_0483.jpg,salad,,train,no
data/food101_subset/salad/salad_0423.jpg,salad,,train,no
data/food101_subset/salad/salad_0779.jpg,salad,,train,no
data/food101_subset/salad/salad_0950.jpg,salad,,train,no
data/food101_subset/salad/salad_0335.jpg,salad,,train,no
data/food101_subset/salad/salad_0577.jpg,salad,,train,no
data/food101_subset/salad/salad_0935.jpg,salad,,train,no
data/food101_subset/salad/salad_0568.jpg,salad,,train,no
data/food101_subset/salad/salad_0595.jpg,salad,,train,no
data/food101_subset/salad/salad_0531.jpg,salad,,train,no
data/food101_subset/salad/salad_0582.jpg,salad,,train,no
data/food101_subset/salad/salad_0708.jpg,salad,,train,no
data/food101_subset/salad/salad_0449.jpg,salad,,train,no
data/food101_subset/salad/salad_0454.jpg,salad,,train,no
data/food101_subset/salad/salad_0229.jpg,salad,,train,no
data/food101_subset/salad/salad_0353.jpg,salad,,train,no
data/food101_subset/salad/salad_0729.jpg,salad,,train,no
data/food101_subset/salad/salad_0213.jpg,salad,,train,no
data/food101_subset/salad/salad_0080.jpg,salad,,train,no
data/food101_subset/salad/salad_0149.jpg,salad,,train,no
data/food101_subset/salad/salad_0303.jpg,salad,,train,no
data/food101_subset/salad/salad_0629.jpg,salad,,train,no
data/food101_subset/salad/salad_0778.jpg,salad,,train,no
data/food101_subset/salad/salad_0507.jpg,salad,,train,no
data/food101_subset/salad/salad_0343.jpg,salad,,train,no
data/food101_subset/salad/salad_0486.jpg,salad,,train,no
data/food101_subset/salad/salad_0712.jpg,salad,,train,no
data/food101_subset/salad/salad_0134.jpg,salad,,train,no
data/food101_subset/salad/salad_0704.jpg,salad,,train,no
data/food101_subset/salad/salad_0312.jpg,salad,,train,no
data/food101_subset/salad/salad_0723.jpg,salad,,train,no
data/food101_subset/salad/salad_0630.jpg,salad,,train,no
data/food101_subset/salad/salad_0001.jpg,salad,,train,no
data/food101_subset/salad/salad_0317.jpg,salad,,train,no
data/food101_subset/salad/salad_0707.jpg,salad,,train,no
data/food101_subset/salad/salad_0548.jpg,salad,,train,no
data/food101_subset/salad/salad_0873.jpg,salad,,train,no
data/food101_subset/salad/salad_0533.jpg,salad,,train,no
data/food101_subset/salad/salad_0478.jpg,salad,,train,no
data/food101_subset/salad/salad_0405.jpg,salad,,train,no
data/food101_subset/salad/salad_0173.jpg,salad,,train,no
data/food101_subset/salad/salad_0126.jpg,salad,,train,no
data/food101_subset/salad/salad_0395.jpg,salad,,train,no
data/food101_subset/salad/salad_0421.jpg,salad,,train,no
data/food101_subset/salad/salad_0553.jpg,salad,,train,no
data/food101_subset/salad/salad_0904.jpg,salad,,train,no
data/food101_subset/salad/salad_0091.jpg,salad,,train,no
data/food101_subset/salad/salad_0940.jpg,salad,,train,no
data/food101_subset/salad/salad_0182.jpg,salad,,train,no
data/food101_subset/salad/salad_0275.jpg,salad,,train,no
data/food101_subset/salad/salad_0896.jpg,salad,,train,no
data/food101_subset/salad/salad_0070.jpg,salad,,train,no
data/food101_subset/salad/salad_0292.jpg,salad,,train,no
data/food101_subset/salad/salad_0132.jpg,salad,,train,no
data/food101_subset/salad/salad_0301.jpg,salad,,train,no
data/food101_subset/salad/salad_0425.jpg,salad,,train,no
data/food101_subset/salad/salad_0327.jpg,salad,,train,no
data/food101_subset/salad/salad_0145.jpg,salad,,train,no
data/food101_subset/salad/salad_0424.jpg,salad,,train,no
data/food101_subset/salad/salad_0581.jpg,salad,,train,no
data/food101_subset/salad/salad_0136.jpg,salad,,train,no
data/food101_subset/salad/salad_0451.jpg,salad,,train,no
data/food101_subset/salad/salad_0165.jpg,salad,,train,no
data/food101_subset/salad/salad_0029.jpg,salad,,train,no
data/food101_subset/salad/salad_0774.jpg,salad,,train,no
data/food101_subset/salad/salad_0194.jpg,salad,,train,no
data/food101_subset/salad/salad_0389.jpg,salad,,train,no
data/food101_subset/salad/salad_0853.jpg,salad,,train,no
data/food101_subset/salad/salad_0170.jpg,salad,,train,no
data/food101_subset/salad/salad_0706.jpg,salad,,train,no
data/food101_subset/salad/salad_0141.jpg,salad,,train,no
data/food101_subset/salad/salad_0174.jpg,salad,,train,no
data/food101_subset/salad/salad_0007.jpg,salad,,train,no
data/food101_subset/salad/salad_0746.jpg,salad,,train,no
data/food101_subset/salad/salad_0479.jpg,salad,,train,no
data/food101_subset/salad/salad_0074.jpg,salad,,train,no
data/food101_subset/salad/salad_0911.jpg,salad,,train,no
data/food101_subset/salad/salad_0814.jpg,salad,,train,no
data/food101_subset/salad/salad_0239.jpg,salad,,train,no
data/food101_subset/salad/salad_0146.jpg,salad,,train,no
data/food101_subset/salad/salad_0793.jpg,salad,,train,no
data/food101_subset/salad/salad_0235.jpg,salad,,train,no
data/food101_subset/salad/salad_0221.jpg,salad,,train,no
data/food101_subset/salad/salad_0924.jpg,salad,,train,no
data/food101_subset/salad/salad_0501.jpg,salad,,train,no
data/food101_subset/salad/salad_0133.jpg,salad,,train,no
data/food101_subset/salad/salad_0991.jpg,salad,,train,no
data/food101_subset/salad/salad_0775.jpg,salad,,train,no
data/food101_subset/salad/salad_0186.jpg,salad,,train,no
data/food101_subset/salad/salad_0042.jpg,salad,,train,no
data/food101_subset/salad/salad_0697.jpg,salad,,train,no
data/food101_subset/salad/salad_0109.jpg,salad,,train,no
data/food101_subset/salad/salad_0589.jpg,salad,,train,no
data/food101_subset/salad/salad_0057.jpg,salad,,train,no
data/food101_subset/salad/salad_0406.jpg,salad,,train,no
data/food101_subset/salad/salad_0443.jpg,salad,,train,no
data/food101_subset/salad/salad_0758.jpg,salad,,train,no
data/food101_subset/salad/salad_0998.jpg,salad,,train,no
data/food101_subset/salad/salad_0025.jpg,salad,,train,no
data/food101_subset/salad/salad_0468.jpg,salad,,train,no
data/food101_subset/salad/salad_0540.jpg,salad,,train,no
data/food101_subset/salad/salad_0532.jpg,salad,,train,no
data/food101_subset/salad/salad_0619.jpg,salad,,train,no
data/food101_subset/salad/salad_0695.jpg,salad,,train,no
data/food101_subset/salad/salad_0927.jpg,salad,,train,no
data/food101_subset/salad/salad_0339.jpg,salad,,train,no
data/food101_subset/salad/salad_0052.jpg,salad,,train,no
data/food101_subset/salad/salad_0508.jpg,salad,,train,no
data/food101_subset/salad/salad_0517.jpg,salad,,train,no
data/food101_subset/salad/salad_0921.jpg,salad,,train,no
data/food101_subset/salad/salad_0782.jpg,salad,,train,no
data/food101_subset/salad/salad_0265.jpg,salad,,train,no
data/food101_subset/salad/salad_0818.jpg,salad,,train,no
data/food101_subset/salad/salad_0711.jpg,salad,,train,no
data/food101_subset/salad/salad_0683.jpg,salad,,train,no
data/food101_subset/salad/salad_0833.jpg,salad,,train,no
data/food101_subset/salad/salad_0519.jpg,salad,,train,no
data/food101_subset/salad/salad_0448.jpg,salad,,train,no
data/food101_subset/salad/salad_0019.jpg,salad,,train,no
data/food101_subset/salad/salad_0716.jpg,salad,,train,no
data/food101_subset/salad/salad_0484.jpg,salad,,train,no
data/food101_subset/salad/salad_0569.jpg,salad,,train,no
data/food101_subset/salad/salad_0434.jpg,salad,,train,no
data/food101_subset/salad/salad_0368.jpg,salad,,train,no
data/food101_subset/salad/salad_0084.jpg,salad,,train,no
data/food101_subset/salad/salad_0062.jpg,salad,,train,no
data/food101_subset/salad/salad_0639.jpg,salad,,train,no
data/food101_subset/salad/salad_0273.jpg,salad,,train,no
data/food101_subset/salad/salad_0286.jpg,salad,,train,no
data/food101_subset/salad/salad_0361.jpg,salad,,train,no
data/food101_subset/salad/salad_0355.jpg,salad,,train,no
data/food101_subset/salad/salad_0457.jpg,salad,,train,no
data/food101_subset/salad/salad_0279.jpg,salad,,train,no
data/food101_subset/salad/salad_0013.jpg,salad,,train,no
data/food101_subset/salad/salad_0183.jpg,salad,,train,no
data/food101_subset/salad/salad_0369.jpg,salad,,train,no
data/food101_subset/salad/salad_0882.jpg,salad,,train,no
data/food101_subset/salad/salad_0616.jpg,salad,,train,no
data/food101_subset/salad/salad_0224.jpg,salad,,train,no
data/food101_subset/salad/salad_0573.jpg,salad,,train,no
data/food101_subset/salad/salad_0971.jpg,salad,,train,no
data/food101_subset/salad/salad_0654.jpg,salad,,train,no
data/food101_subset/salad/salad_0546.jpg,salad,,train,no
data/food101_subset/salad/salad_0583.jpg,salad,,train,no
data/food101_subset/salad/salad_0634.jpg,salad,,train,no
data/food101_subset/salad/salad_0177.jpg,salad,,train,no
data/food101_subset/salad/salad_0666.jpg,salad,,train,no
data/food101_subset/salad/salad_0674.jpg,salad,,train,no
data/food101_subset/salad/salad_0586.jpg,salad,,train,no
data/food101_subset/salad/salad_0874.jpg,salad,,train,no
data/food101_subset/salad/salad_0394.jpg,salad,,train,no
data/food101_subset/salad/salad_0164.jpg,salad,,train,no
data/food101_subset/salad/salad_0249.jpg,salad,,train,no
data/food101_subset/salad/salad_0635.jpg,salad,,train,no
data/food101_subset/salad/salad_0886.jpg,salad,,train,no
data/food101_subset/salad/salad_0670.jpg,salad,,train,no
data/food101_subset/salad/salad_0376.jpg,salad,,train,no
data/food101_subset/salad/salad_0413.jpg,salad,,train,no
data/food101_subset/salad/salad_0075.jpg,salad,,train,no
data/food101_subset/salad/salad_0114.jpg,salad,,train,no
data/food101_subset/salad/salad_0599.jpg,salad,,train,no
data/food101_subset/salad/salad_0962.jpg,salad,,train,no
data/food101_subset/salad/salad_0391.jpg,salad,,train,no
data/food101_subset/salad/salad_0105.jpg,salad,,train,no
data/food101_subset/salad/salad_0115.jpg,salad,,train,no
data/food101_subset/salad/salad_0418.jpg,salad,,train,no
data/food101_subset/salad/salad_0526.jpg,salad,,train,no
data/food101_subset/salad/salad_0458.jpg,salad,,train,no
data/food101_subset/salad/salad_0410.jpg,salad,,train,no
data/food101_subset/salad/salad_0093.jpg,salad,,train,no
data/food101_subset/salad/salad_0931.jpg,salad,,train,no
data/food101_subset/salad/salad_0090.jpg,salad,,train,no
data/food101_subset/salad/salad_0337.jpg,salad,,train,no
data/food101_subset/salad/salad_0989.jpg,salad,,train,no
data/food101_subset/salad/salad_0922.jpg,salad,,train,no
data/food101_subset/salad/salad_0934.jpg,salad,,train,no
data/food101_subset/salad/salad_0606.jpg,salad,,train,no
data/food101_subset/salad/salad_0594.jpg,salad,,train,no
data/food101_subset/salad/salad_0612.jpg,salad,,train,no
data/food101_subset/salad/salad_0095.jpg,salad,,train,no
data/food101_subset/salad/salad_0012.jpg,salad,,train,no
data/food101_subset/salad/salad_0397.jpg,salad,,train,no
data/food101_subset/salad/salad_0534.jpg,salad,,train,no
data/food101_subset/salad/salad_0044.jpg,salad,,train,no
data/food101_subset/salad/salad_0043.jpg,salad,,train,no
data/food101_subset/salad/salad_0330.jpg,salad,,train,no
data/food101_subset/salad/salad_0168.jpg,salad,,train,no
data/food101_subset/salad/salad_0498.jpg,salad,,train,no
data/food101_subset/salad/salad_0877.jpg,salad,,train,no
data/food101_subset/salad/salad_0598.jpg,salad,,train,no
data/food101_subset/salad/salad_0757.jpg,salad,,train,no
data/food101_subset/salad/salad_0101.jpg,salad,,train,no
data/food101_subset/salad/salad_0427.jpg,salad,,train,no
data/food101_subset/salad/salad_0179.jpg,salad,,train,no
data/food101_subset/salad/salad_0445.jpg,salad,,train,no
data/food101_subset/salad/salad_0417.jpg,salad,,train,no
data/food101_subset/salad/salad_0871.jpg,salad,,train,no
data/food101_subset/salad/salad_0883.jpg,salad,,train,no
data/food101_subset/salad/salad_0681.jpg,salad,,train,no
data/food101_subset/salad/salad_0178.jpg,salad,,train,no
data/food101_subset/salad/salad_0396.jpg,salad,,train,no
data/food101_subset/salad/salad_0912.jpg,salad,,train,no
data/food101_subset/salad/salad_0794.jpg,salad,,train,no
data/food101_subset/salad/salad_0961.jpg,salad,,train,no
data/food101_subset/salad/salad_0685.jpg,salad,,train,no
data/food101_subset/salad/salad_0384.jpg,salad,,train,no
data/food101_subset/salad/salad_0957.jpg,salad,,train,no
data/food101_subset/salad/salad_0752.jpg,salad,,train,no
data/food101_subset/salad/salad_0258.jpg,salad,,train,no
data/food101_subset/salad/salad_0539.jpg,salad,,train,no
data/food101_subset/salad/salad_0336.jpg,salad,,train,no
data/food101_subset/salad/salad_0016.jpg,salad,,train,no
data/food101_subset/salad/salad_0325.jpg,salad,,train,no
data/food101_subset/salad/salad_0759.jpg,salad,,train,no
data/food101_subset/salad/salad_0223.jpg,salad,,train,no
data/food101_subset/salad/salad_0180.jpg,salad,,train,no
data/food101_subset/salad/salad_0984.jpg,salad,,train,no
data/food101_subset/salad/salad_0023.jpg,salad,,train,no
data/food101_subset/salad/salad_0357.jpg,salad,,train,no
data/food101_subset/salad/salad_0667.jpg,salad,,train,no
data/food101_subset/salad/salad_0862.jpg,salad,,train,no
data/food101_subset/salad/salad_0341.jpg,salad,,train,no
data/food101_subset/salad/salad_0432.jpg,salad,,train,no
data/food101_subset/salad/salad_0552.jpg,salad,,train,no
data/food101_subset/salad/salad_0834.jpg,salad,,train,no
data/food101_subset/salad/salad_0204.jpg,salad,,train,no
data/food101_subset/salad/salad_0631.jpg,salad,,train,no
data/food101_subset/salad/salad_0094.jpg,salad,,train,no
data/food101_subset/salad/salad_0559.jpg,salad,,train,no
data/food101_subset/salad/salad_0069.jpg,salad,,train,no
data/food101_subset/salad/salad_0623.jpg,salad,,train,no
data/food101_subset/salad/salad_0285.jpg,salad,,train,no
data/food101_subset/salad/salad_0845.jpg,salad,,train,no
data/food101_subset/salad/salad_0435.jpg,salad,,train,no
data/food101_subset/salad/salad_0154.jpg,salad,,train,no
data/food101_subset/salad/salad_0076.jpg,salad,,train,no
data/food101_subset/salad/salad_0731.jpg,salad,,train,no
data/food101_subset/salad/salad_0447.jpg,salad,,train,no
data/food101_subset/salad/salad_0189.jpg,salad,,train,no
data/food101_subset/salad/salad_0272.jpg,salad,,train,no
data/food101_subset/salad/salad_0237.jpg,salad,,train,no
data/food101_subset/salad/salad_0488.jpg,salad,,train,no
data/food101_subset/salad/salad_0118.jpg,salad,,train,no
data/food101_subset/salad/salad_0944.jpg,salad,,train,no
data/food101_subset/salad/salad_0513.jpg,salad,,train,no
data/food101_subset/salad/salad_0826.jpg,salad,,train,no
data/food101_subset/salad/salad_0592.jpg,salad,,train,no
data/food101_subset/salad/salad_0127.jpg,salad,,train,no
data/food101_subset/salad/salad_0117.jpg,salad,,train,no
data/food101_subset/salad/salad_0474.jpg,salad,,train,no
data/food101_subset/salad/salad_0694.jpg,salad,,train,no
data/food101_subset/salad/salad_0058.jpg,salad,,train,no
data/food101_subset/salad/salad_0864.jpg,salad,,train,no
data/food101_subset/salad/salad_0913.jpg,salad,,train,no
data/food101_subset/salad/salad_0370.jpg,salad,,train,no
data/food101_subset/salad/salad_0269.jpg,salad,,train,no
data/food101_subset/salad/salad_0047.jpg,salad,,train,no
data/food101_subset/salad/salad_0350.jpg,salad,,train,no
data/food101_subset/salad/salad_0196.jpg,salad,,train,no
data/food101_subset/salad/salad_1000.jpg,salad,,train,no
data/food101_subset/salad/salad_0835.jpg,salad,,train,no
data/food101_subset/salad/salad_0737.jpg,salad,,train,no
data/food101_subset/salad/salad_0264.jpg,salad,,train,no
data/food101_subset/salad/salad_0444.jpg,salad,,train,no
data/food101_subset/salad/salad_0676.jpg,salad,,train,no
data/food101_subset/salad/salad_0305.jpg,salad,,train,no
data/food101_subset/salad/salad_0342.jpg,salad,,train,no
data/food101_subset/salad/salad_0967.jpg,salad,,train,no
data/food101_subset/salad/salad_0150.jpg,salad,,train,no
data/food101_subset/salad/salad_0125.jpg,salad,,train,no
data/food101_subset/salad/salad_0787.jpg,salad,,train,no
data/food101_subset/salad/salad_0051.jpg,salad,,train,no
data/food101_subset/salad/salad_0354.jpg,salad,,train,no
data/food101_subset/salad/salad_0928.jpg,salad,,train,no
data/food101_subset/salad/salad_0143.jpg,salad,,train,no
data/food101_subset/salad/salad_0471.jpg,salad,,train,no
data/food101_subset/salad/salad_0400.jpg,salad,,train,no
data/food101_subset/salad/salad_0626.jpg,salad,,train,no
data/food101_subset/salad/salad_0321.jpg,salad,,train,no
data/food101_subset/salad/salad_0020.jpg,salad,,train,no
data/food101_subset/salad/salad_0810.jpg,salad,,train,no
data/food101_subset/salad/salad_0791.jpg,salad,,train,no
data/food101_subset/salad/salad_0809.jpg,salad,,train,no
data/food101_subset/salad/salad_0408.jpg,salad,,train,no
data/food101_subset/salad/salad_0538.jpg,salad,,train,no
data/food101_subset/salad/salad_0621.jpg,salad,,train,no
data/food101_subset/salad/salad_0039.jpg,salad,,train,no
data/food101_subset/salad/salad_0176.jpg,salad,,train,no
data/food101_subset/salad/salad_0246.jpg,salad,,train,no
data/food101_subset/salad/salad_0829.jpg,salad,,train,no
data/food101_subset/salad/salad_0668.jpg,salad,,train,no
data/food101_subset/salad/salad_0755.jpg,salad,,train,no
data/food101_subset/salad/salad_0859.jpg,salad,,train,no
data/food101_subset/salad/salad_0155.jpg,salad,,train,no
data/food101_subset/salad/salad_0288.jpg,salad,,train,no
data/food101_subset/salad/salad_0603.jpg,salad,,train,no
data/food101_subset/salad/salad_0570.jpg,salad,,train,no
data/food101_subset/salad/salad_0744.jpg,salad,,train,no
data/food101_subset/salad/salad_0018.jpg,salad,,train,no
data/food101_subset/salad/salad_0128.jpg,salad,,train,no
data/food101_subset/salad/salad_0323.jpg,salad,,train,no
data/food101_subset/salad/salad_0256.jpg,salad,,train,no
data/food101_subset/salad/salad_0658.jpg,salad,,train,no
data/food101_subset/salad/salad_0965.jpg,salad,,train,no
data/food101_subset/salad/salad_0191.jpg,salad,,train,no
data/food101_subset/salad/salad_0116.jpg,salad,,train,no
data/food101_subset/salad/salad_0617.jpg,salad,,train,no
data/food101_subset/salad/salad_0607.jpg,salad,,train,no
data/food101_subset/salad/salad_0181.jpg,salad,,train,no
data/food101_subset/salad/salad_0302.jpg,salad,,train,no
data/food101_subset/salad/salad_0760.jpg,salad,,train,no
data/food101_subset/salad/salad_0713.jpg,salad,,train,no
data/food101_subset/salad/salad_0724.jpg,salad,,train,no
data/food101_subset/salad/salad_0686.jpg,salad,,train,no
data/food101_subset/salad/salad_0980.jpg,salad,,train,no
data/food101_subset/salad/salad_0518.jpg,salad,,train,no
data/food101_subset/salad/salad_0985.jpg,salad,,train,no
data/food101_subset/salad/salad_0046.jpg,salad,,train,no
data/food101_subset/salad/salad_0910.jpg,salad,,train,no
data/food101_subset/salad/salad_0158.jpg,salad,,train,no
data/food101_subset/salad/salad_0852.jpg,salad,,train,no
data/food101_subset/salad/salad_0172.jpg,salad,,train,no
data/food101_subset/salad/salad_0017.jpg,salad,,train,no
data/food101_subset/salad/salad_0512.jpg,salad,,train,no
data/food101_subset/salad/salad_0049.jpg,salad,,train,no
data/food101_subset/salad/salad_0972.jpg,salad,,train,no
data/food101_subset/salad/salad_0941.jpg,salad,,train,no
data/food101_subset/salad/salad_0516.jpg,salad,,train,no
data/food101_subset/salad/salad_0953.jpg,salad,,train,no
data/food101_subset/salad/salad_0481.jpg,salad,,train,no
data/food101_subset/salad/salad_0284.jpg,salad,,train,no
data/food101_subset/salad/salad_0719.jpg,salad,,train,no
data/food101_subset/salad/salad_0878.jpg,salad,,train,no
data/food101_subset/salad/salad_0226.jpg,salad,,train,no
data/food101_subset/salad/salad_0027.jpg,salad,,train,no
data/food101_subset/salad/salad_0955.jpg,salad,,train,no
data/food101_subset/salad/salad_0438.jpg,salad,,train,no
data/food101_subset/salad/salad_0952.jpg,salad,,train,no
data/food101_subset/salad/salad_0365.jpg,salad,,train,no
data/food101_subset/salad/salad_0230.jpg,salad,,train,no
data/food101_subset/salad/salad_0038.jpg,salad,,train,no
data/food101_subset/salad/salad_0966.jpg,salad,,train,no
data/food101_subset/salad/salad_0375.jpg,salad,,train,no
data/food101_subset/salad/salad_0470.jpg,salad,,train,no
data/food101_subset/salad/salad_0968.jpg,salad,,train,no
data/food101_subset/salad/salad_0851.jpg,salad,,train,no
data/food101_subset/salad/salad_0705.jpg,salad,,train,no
data/food101_subset/salad/salad_0842.jpg,salad,,train,no
data/food101_subset/salad/salad_0195.jpg,salad,,train,no
data/food101_subset/salad/salad_0855.jpg,salad,,train,no
data/food101_subset/salad/salad_0865.jpg,salad,,train,no
data/food101_subset/salad/salad_0504.jpg,salad,,train,no
data/food101_subset/salad/salad_0970.jpg,salad,,train,no
data/food101_subset/salad/salad_0831.jpg,salad,,train,no
data/food101_subset/salad/salad_0580.jpg,salad,,train,no
data/food101_subset/salad/salad_0969.jpg,salad,,train,no
data/food101_subset/salad/salad_0163.jpg,salad,,train,no
data/food101_subset/salad/salad_0909.jpg,salad,,train,no
data/food101_subset/salad/salad_0153.jpg,salad,,train,no
data/food101_subset/salad/salad_0802.jpg,salad,,train,no
data/food101_subset/salad/salad_0994.jpg,salad,,train,no
data/food101_subset/salad/salad_0756.jpg,salad,,train,no
data/food101_subset/salad/salad_0112.jpg,salad,,train,no
data/food101_subset/salad/salad_0227.jpg,salad,,train,no
data/food101_subset/salad/salad_0689.jpg,salad,,train,no
data/food101_subset/salad/salad_0104.jpg,salad,,train,no
data/food101_subset/salad/salad_0422.jpg,salad,,train,no
data/food101_subset/salad/salad_0420.jpg,salad,,train,no
data/food101_subset/salad/salad_0751.jpg,salad,,train,no
data/food101_subset/salad/salad_0587.jpg,salad,,train,no
data/food101_subset/salad/salad_0781.jpg,salad,,train,no
data/food101_subset/salad/salad_0673.jpg,salad,,train,no
data/food101_subset/salad/salad_0120.jpg,salad,,train,no
data/food101_subset/salad/salad_0054.jpg,salad,,train,no
data/food101_subset/salad/salad_0152.jpg,salad,,train,no
data/food101_subset/salad/salad_0404.jpg,salad,,train,no
data/food101_subset/salad/salad_0946.jpg,salad,,train,no
data/food101_subset/salad/salad_0208.jpg,salad,,train,no
data/food101_subset/salad/salad_0659.jpg,salad,,train,no
data/food101_subset/salad/salad_0844.jpg,salad,,train,no
data/food101_subset/salad/salad_0763.jpg,salad,,train,no
data/food101_subset/salad/salad_0009.jpg,salad,,train,no
data/food101_subset/salad/salad_0808.jpg,salad,,train,no
data/food101_subset/salad/salad_0037.jpg,salad,,train,no
data/food101_subset/salad/salad_0453.jpg,salad,,train,no
data/food101_subset/salad/salad_0652.jpg,salad,,train,no
data/food101_subset/salad/salad_0254.jpg,salad,,train,no
data/food101_subset/salad/salad_0304.jpg,salad,,train,no
data/food101_subset/salad/salad_0747.jpg,salad,,train,no
data/food101_subset/salad/salad_0572.jpg,salad,,train,no
data/food101_subset/salad/salad_0624.jpg,salad,,train,no
data/food101_subset/salad/salad_0733.jpg,salad,,train,no
data/food101_subset/salad/salad_0892.jpg,salad,,train,no
data/food101_subset/salad/salad_0263.jpg,salad,,train,no
data/food101_subset/salad/salad_0611.jpg,salad,,train,no
data/food101_subset/salad/salad_0298.jpg,salad,,train,no
data/food101_subset/salad/salad_0415.jpg,salad,,train,no
data/food101_subset/salad/salad_0151.jpg,salad,,train,no
data/food101_subset/salad/salad_0789.jpg,salad,,train,no
data/food101_subset/salad/salad_0641.jpg,salad,,train,no
data/food101_subset/salad/salad_0890.jpg,salad,,train,no
data/food101_subset/salad/salad_0551.jpg,salad,,train,no
data/food101_subset/salad/salad_0887.jpg,salad,,train,no
data/food101_subset/salad/salad_0489.jpg,salad,,train,no
data/food101_subset/salad/salad_0148.jpg,salad,,train,no
data/food101_subset/salad/salad_0147.jpg,salad,,train,no
data/food101_subset/salad/salad_0721.jpg,salad,,train,no
data/food101_subset/salad/salad_0932.jpg,salad,,train,no
data/food101_subset/salad/salad_0740.jpg,salad,,train,no
data/food101_subset/salad/salad_0660.jpg,salad,,train,no
data/food101_subset/salad/salad_0349.jpg,salad,,train,no
data/food101_subset/salad/salad_0464.jpg,salad,,train,no
data/food101_subset/salad/salad_0326.jpg,salad,,train,no
data/food101_subset/salad/salad_0187.jpg,salad,,train,no
data/food101_subset/salad/salad_0124.jpg,salad,,train,no
data/food101_subset/salad/salad_0854.jpg,salad,,train,no
data/food101_subset/salad/salad_0609.jpg,salad,,train,no
data/food101_subset/salad/salad_0144.jpg,salad,,train,no
data/food101_subset/salad/salad_0959.jpg,salad,,train,no
data/food101_subset/salad/salad_0198.jpg,salad,,train,no
data/food101_subset/salad/salad_0610.jpg,salad,,train,no
data/food101_subset/salad/salad_0280.jpg,salad,,train,no
data/food101_subset/salad/salad_0294.jpg,salad,,train,no
data/food101_subset/salad/salad_0401.jpg,salad,,train,no
data/food101_subset/salad/salad_0123.jpg,salad,,train,no
data/food101_subset/salad/salad_0184.jpg,salad,,train,no
data/food101_subset/salad/salad_0203.jpg,salad,,train,no
data/food101_subset/salad/salad_0439.jpg,salad,,train,no
data/food101_subset/salad/salad_0247.jpg,salad,,train,no
data/food101_subset/salad/salad_0416.jpg,salad,,train,no
data/food101_subset/salad/salad_0933.jpg,salad,,train,no
data/food101_subset/salad/salad_0766.jpg,salad,,train,no
data/food101_subset/salad/salad_0907.jpg,salad,,train,no
data/food101_subset/salad/salad_0836.jpg,salad,,train,no
data/food101_subset/salad/salad_0888.jpg,salad,,train,no
data/food101_subset/salad/salad_0130.jpg,salad,,train,no
data/food101_subset/salad/salad_0638.jpg,salad,,train,no
data/food101_subset/salad/salad_0403.jpg,salad,,train,no
data/food101_subset/salad/salad_0785.jpg,salad,,train,no
data/food101_subset/salad/salad_0771.jpg,salad,,train,no
data/food101_subset/salad/salad_0736.jpg,salad,,train,no
data/food101_subset/salad/salad_0914.jpg,salad,,train,no
data/food101_subset/salad/salad_0220.jpg,salad,,train,no
data/food101_subset/salad/salad_0642.jpg,salad,,train,no
data/food101_subset/salad/salad_0916.jpg,salad,,train,no
data/food101_subset/salad/salad_0753.jpg,salad,,train,no
data/food101_subset/salad/salad_0807.jpg,salad,,train,no
data/food101_subset/salad/salad_0920.jpg,salad,,train,no
data/food101_subset/salad/salad_0625.jpg,salad,,train,no
data/food101_subset/salad/salad_0875.jpg,salad,,train,no
data/food101_subset/salad/salad_0761.jpg,salad,,train,no
data/food101_subset/salad/salad_0387.jpg,salad,,train,no
data/food101_subset/salad/salad_0973.jpg,salad,,train,no
data/food101_subset/salad/salad_0510.jpg,salad,,train,no
data/food101_subset/salad/salad_0268.jpg,salad,,train,no
data/food101_subset/salad/salad_0820.jpg,salad,,train,no
data/food101_subset/salad/salad_0442.jpg,salad,,train,no
data/food101_subset/salad/salad_0497.jpg,salad,,train,no
data/food101_subset/salad/salad_0113.jpg,salad,,train,no
data/food101_subset/salad/salad_0692.jpg,salad,,train,no
data/food101_subset/salad/salad_0233.jpg,salad,,train,no
data/food101_subset/salad/salad_0870.jpg,salad,,train,no
data/food101_subset/salad/salad_0608.jpg,salad,,train,no
data/food101_subset/salad/salad_0672.jpg,salad,,train,no
data/food101_subset/salad/salad_0374.jpg,salad,,train,no
data/food101_subset/salad/salad_0982.jpg,salad,,train,no
data/food101_subset/salad/salad_0843.jpg,salad,,train,no
data/food101_subset/salad/salad_0234.jpg,salad,,train,no
data/food101_subset/salad/salad_0786.jpg,salad,,train,no
data/food101_subset/salad/salad_0677.jpg,salad,,train,no
data/food101_subset/salad/salad_0318.jpg,salad,,train,no
data/food101_subset/salad/salad_0649.jpg,salad,,train,no
data/food101_subset/salad/salad_0411.jpg,salad,,train,no
data/food101_subset/salad/salad_0899.jpg,salad,,train,no
data/food101_subset/salad/salad_0710.jpg,salad,,train,no
data/food101_subset/salad/salad_0359.jpg,salad,,train,no
data/food101_subset/salad/salad_0259.jpg,salad,,train,no
data/food101_subset/salad/salad_0745.jpg,salad,,train,no
data/food101_subset/salad/salad_0628.jpg,salad,,train,no
data/food101_subset/salad/salad_0633.jpg,salad,,train,no
data/food101_subset/salad/salad_0283.jpg,salad,,train,no
data/food101_subset/salad/salad_0377.jpg,salad,,train,no
data/food101_subset/salad/salad_0385.jpg,salad,,train,no
data/food101_subset/salad/salad_0225.jpg,salad,,train,no
data/food101_subset/salad/salad_0954.jpg,salad,,train,no
data/food101_subset/salad/salad_0815.jpg,salad,,train,no
data/food101_subset/salad/salad_0473.jpg,salad,,train,no
data/food101_subset/salad/salad_0348.jpg,salad,,train,no
data/food101_subset/salad/salad_0506.jpg,salad,,train,no
data/food101_subset/salad/salad_0640.jpg,salad,,train,no
data/food101_subset/salad/salad_0988.jpg,salad,,train,no
data/food101_subset/salad/salad_0929.jpg,salad,,train,no
data/food101_subset/salad/salad_0906.jpg,salad,,train,no
data/food101_subset/salad/salad_0620.jpg,salad,,train,no
data/food101_subset/salad/salad_0856.jpg,salad,,train,no
data/food101_subset/salad/salad_0804.jpg,salad,,train,no
data/food101_subset/salad/salad_0646.jpg,salad,,train,no
data/food101_subset/salad/salad_0847.jpg,salad,,train,no
data/food101_subset/salad/salad_0557.jpg,salad,,val,no
data/food101_subset/salad/salad_0958.jpg,salad,,val,no
data/food101_subset/salad/salad_0578.jpg,salad,,val,no
data/food101_subset/salad/salad_0796.jpg,salad,,val,no
data/food101_subset/salad/salad_0086.jpg,salad,,val,no
data/food101_subset/salad/salad_0243.jpg,salad,,val,no
data/food101_subset/salad/salad_0699.jpg,salad,,val,no
data/food101_subset/salad/salad_0160.jpg,salad,,val,no
data/food101_subset/salad/salad_0525.jpg,salad,,val,no
data/food101_subset/salad/salad_0036.jpg,salad,,val,no
data/food101_subset/salad/salad_0541.jpg,salad,,val,no
data/food101_subset/salad/salad_0171.jpg,salad,,val,no
data/food101_subset/salad/salad_0655.jpg,salad,,val,no
data/food101_subset/salad/salad_0891.jpg,salad,,val,no
data/food101_subset/salad/salad_0858.jpg,salad,,val,no
data/food101_subset/salad/salad_0848.jpg,salad,,val,no
data/food101_subset/salad/salad_0945.jpg,salad,,val,no
data/food101_subset/salad/salad_0734.jpg,salad,,val,no
data/food101_subset/salad/salad_0096.jpg,salad,,val,no
data/food101_subset/salad/salad_0564.jpg,salad,,val,no
data/food101_subset/salad/salad_0241.jpg,salad,,val,no
data/food101_subset/salad/salad_0743.jpg,salad,,val,no
data/food101_subset/salad/salad_0575.jpg,salad,,val,no
data/food101_subset/salad/salad_0691.jpg,salad,,val,no
data/food101_subset/salad/salad_0461.jpg,salad,,val,no
data/food101_subset/salad/salad_0554.jpg,salad,,val,no
data/food101_subset/salad/salad_0889.jpg,salad,,val,no
data/food101_subset/salad/salad_0207.jpg,salad,,val,no
data/food101_subset/salad/salad_0393.jpg,salad,,val,no
data/food101_subset/salad/salad_0795.jpg,salad,,val,no
data/food101_subset/salad/salad_0398.jpg,salad,,val,no
data/food101_subset/salad/salad_0767.jpg,salad,,val,no
data/food101_subset/salad/salad_0849.jpg,salad,,val,no
data/food101_subset/salad/salad_0218.jpg,salad,,val,no
data/food101_subset/salad/salad_0005.jpg,salad,,val,no
data/food101_subset/salad/salad_0769.jpg,salad,,val,no
data/food101_subset/salad/salad_0643.jpg,salad,,val,no
data/food101_subset/salad/salad_0930.jpg,salad,,val,no
data/food101_subset/salad/salad_0613.jpg,salad,,val,no
data/food101_subset/salad/salad_0739.jpg,salad,,val,no
data/food101_subset/salad/salad_0547.jpg,salad,,val,no
data/food101_subset/salad/salad_0726.jpg,salad,,val,no
data/food101_subset/salad/salad_0684.jpg,salad,,val,no
data/food101_subset/salad/salad_0099.jpg,salad,,val,no
data/food101_subset/salad/salad_0805.jpg,salad,,val,no
data/food101_subset/salad/salad_0728.jpg,salad,,val,no
data/food101_subset/salad/salad_0574.jpg,salad,,val,no
data/food101_subset/salad/salad_0407.jpg,salad,,val,no
data/food101_subset/salad/salad_0503.jpg,salad,,val,no
data/food101_subset/salad/salad_0048.jpg,salad,,val,no
data/food101_subset/salad/salad_0033.jpg,salad,,val,no
data/food101_subset/salad/salad_0780.jpg,salad,,val,no
data/food101_subset/salad/salad_0840.jpg,salad,,val,no
data/food101_subset/salad/salad_0201.jpg,salad,,val,no
data/food101_subset/salad/salad_0135.jpg,salad,,val,no
data/food101_subset/salad/salad_0028.jpg,salad,,val,no
data/food101_subset/salad/salad_0881.jpg,salad,,val,no
data/food101_subset/salad/salad_0231.jpg,salad,,val,no
data/food101_subset/salad/salad_0490.jpg,salad,,val,no
data/food101_subset/salad/salad_0773.jpg,salad,,val,no
data/food101_subset/salad/salad_0379.jpg,salad,,val,no
data/food101_subset/salad/salad_0289.jpg,salad,,val,no
data/food101_subset/salad/salad_0419.jpg,salad,,val,no
data/food101_subset/salad/salad_0675.jpg,salad,,val,no
data/food101_subset/salad/salad_0392.jpg,salad,,val,no
data/food101_subset/salad/salad_0593.jpg,salad,,val,no
data/food101_subset/salad/salad_0499.jpg,salad,,val,no
data/food101_subset/salad/salad_0139.jpg,salad,,val,no
data/food101_subset/salad/salad_0063.jpg,salad,,val,no
data/food101_subset/salad/salad_0472.jpg,salad,,val,no
data/food101_subset/salad/salad_0648.jpg,salad,,val,no
data/food101_subset/salad/salad_0129.jpg,salad,,val,no
data/food101_subset/salad/salad_0977.jpg,salad,,val,no
data/food101_subset/salad/salad_0521.jpg,salad,,val,no
data/food101_subset/salad/salad_0839.jpg,salad,,val,no
data/food101_subset/salad/salad_0963.jpg,salad,,val,no
data/food101_subset/salad/salad_0065.jpg,salad,,val,no
data/food101_subset/salad/salad_0813.jpg,salad,,val,no
data/food101_subset/salad/salad_0015.jpg,salad,,val,no
data/food101_subset/salad/salad_0157.jpg,salad,,val,no
data/food101_subset/salad/salad_0041.jpg,salad,,val,no
data/food101_subset/salad/salad_0493.jpg,salad,,val,no
data/food101_subset/salad/salad_0380.jpg,salad,,val,no
data/food101_subset/salad/salad_0188.jpg,salad,,val,no
data/food101_subset/salad/salad_0764.jpg,salad,,val,no
data/food101_subset/salad/salad_0217.jpg,salad,,val,no
data/food101_subset/salad/salad_0792.jpg,salad,,val,no
data/food101_subset/salad/salad_0053.jpg,salad,,val,no
data/food101_subset/salad/salad_0879.jpg,salad,,val,no
data/food101_subset/salad/salad_0338.jpg,salad,,val,no
data/food101_subset/salad/salad_0749.jpg,salad,,val,no
data/food101_subset/salad/salad_0720.jpg,salad,,val,no
data/food101_subset/salad/salad_0725.jpg,salad,,val,no
data/food101_subset/salad/salad_0296.jpg,salad,,val,no
data/food101_subset/salad/salad_0702.jpg,salad,,val,no
data/food101_subset/salad/salad_0252.jpg,salad,,val,no
data/food101_subset/salad/salad_0727.jpg,salad,,val,no
data/food101_subset/salad/salad_0462.jpg,salad,,val,no
data/food101_subset/salad/salad_0456.jpg,salad,,val,no
data/food101_subset/salad/salad_0997.jpg,salad,,val,no
data/food101_subset/salad/salad_0816.jpg,salad,,test,no
data/food101_subset/salad/salad_0863.jpg,salad,,test,no
data/food101_subset/salad/salad_0270.jpg,salad,,test,no
data/food101_subset/salad/salad_0202.jpg,salad,,test,no
data/food101_subset/salad/salad_0162.jpg,salad,,test,no
data/food101_subset/salad/salad_0556.jpg,salad,,test,no
data/food101_subset/salad/salad_0730.jpg,salad,,test,no
data/food101_subset/salad/salad_0402.jpg,salad,,test,no
data/food101_subset/salad/salad_0703.jpg,salad,,test,no
data/food101_subset/salad/salad_0477.jpg,salad,,test,no
data/food101_subset/salad/salad_0822.jpg,salad,,test,no
data/food101_subset/salad/salad_0772.jpg,salad,,test,no
data/food101_subset/salad/salad_0106.jpg,salad,,test,no
data/food101_subset/salad/salad_0566.jpg,salad,,test,no
data/food101_subset/salad/salad_0390.jpg,salad,,test,no
data/food101_subset/salad/salad_0002.jpg,salad,,test,no
data/food101_subset/salad/salad_0938.jpg,salad,,test,no
data/food101_subset/salad/salad_0983.jpg,salad,,test,no
data/food101_subset/salad/salad_0562.jpg,salad,,test,no
data/food101_subset/salad/salad_0081.jpg,salad,,test,no
data/food101_subset/salad/salad_0206.jpg,salad,,test,no
data/food101_subset/salad/salad_0035.jpg,salad,,test,no
data/food101_subset/salad/salad_0776.jpg,salad,,test,no
data/food101_subset/salad/salad_0509.jpg,salad,,test,no
data/food101_subset/salad/salad_0428.jpg,salad,,test,no
data/food101_subset/salad/salad_0455.jpg,salad,,test,no
data/food101_subset/salad/salad_0367.jpg,salad,,test,no
data/food101_subset/salad/salad_0092.jpg,salad,,test,no
data/food101_subset/salad/salad_0340.jpg,salad,,test,no
data/food101_subset/salad/salad_0898.jpg,salad,,test,no
data/food101_subset/salad/salad_0565.jpg,salad,,test,no
data/food101_subset/salad/salad_0346.jpg,salad,,test,no
data/food101_subset/salad/salad_0777.jpg,salad,,test,no
data/food101_subset/salad/salad_0242.jpg,salad,,test,no
data/food101_subset/salad/salad_0014.jpg,salad,,test,no
data/food101_subset/salad/salad_0316.jpg,salad,,test,no
data/food101_subset/salad/salad_0601.jpg,salad,,test,no
data/food101_subset/salad/salad_0388.jpg,salad,,test,no
data/food101_subset/salad/salad_0274.jpg,salad,,test,no
data/food101_subset/salad/salad_0167.jpg,salad,,test,no
data/food101_subset/salad/salad_0841.jpg,salad,,test,no
data/food101_subset/salad/salad_0993.jpg,salad,,test,no
data/food101_subset/salad/salad_0647.jpg,salad,,test,no
data/food101_subset/salad/salad_0819.jpg,salad,,test,no
data/food101_subset/salad/salad_0485.jpg,salad,,test,no
data/food101_subset/salad/salad_0981.jpg,salad,,test,no
data/food101_subset/salad/salad_0505.jpg,salad,,test,no
data/food101_subset/salad/salad_0832.jpg,salad,,test,no
data/food101_subset/salad/salad_0244.jpg,salad,,test,no
data/food101_subset/salad/salad_0567.jpg,salad,,test,no
data/food101_subset/salad/salad_0876.jpg,salad,,test,no
data/food101_subset/salad/salad_0563.jpg,salad,,test,no
data/food101_subset/salad/salad_0687.jpg,salad,,test,no
data/food101_subset/salad/salad_0190.jpg,salad,,test,no
data/food101_subset/salad/salad_0783.jpg,salad,,test,no
data/food101_subset/salad/salad_0700.jpg,salad,,test,no
data/food101_subset/salad/salad_0476.jpg,salad,,test,no
data/food101_subset/salad/salad_0682.jpg,salad,,test,no
data/food101_subset/salad/salad_0511.jpg,salad,,test,no
data/food101_subset/salad/salad_0059.jpg,salad,,test,no
data/food101_subset/salad/salad_0475.jpg,salad,,test,no
data/food101_subset/salad/salad_0561.jpg,salad,,test,no
data/food101_subset/salad/salad_0857.jpg,salad,,test,no
data/food101_subset/salad/salad_0748.jpg,salad,,test,no
data/food101_subset/salad/salad_0253.jpg,salad,,test,no
data/food101_subset/salad/salad_0022.jpg,salad,,test,no
data/food101_subset/salad/salad_0314.jpg,salad,,test,no
data/food101_subset/salad/salad_0460.jpg,salad,,test,no
data/food101_subset/salad/salad_0161.jpg,salad,,test,no
data/food101_subset/salad/salad_0277.jpg,salad,,test,no
data/food101_subset/salad/salad_0956.jpg,salad,,test,no
data/food101_subset/salad/salad_0192.jpg,salad,,test,no
data/food101_subset/salad/salad_0386.jpg,salad,,test,no
data/food101_subset/salad/salad_0806.jpg,salad,,test,no
data/food101_subset/salad/salad_0414.jpg,salad,,test,no
data/food101_subset/salad/salad_0492.jpg,salad,,test,no
data/food101_subset/salad/salad_0344.jpg,salad,,test,no
data/food101_subset/salad/salad_0770.jpg,salad,,test,no
data/food101_subset/salad/salad_0309.jpg,salad,,test,no
data/food101_subset/salad/salad_0662.jpg,salad,,test,no
data/food101_subset/salad/salad_0131.jpg,salad,,test,no
data/food101_subset/salad/salad_0664.jpg,salad,,test,no
data/food101_subset/salad/salad_0872.jpg,salad,,test,no
data/food101_subset/salad/salad_0100.jpg,salad,,test,no
data/food101_subset/salad/salad_0373.jpg,salad,,test,no
data/food101_subset/salad/salad_0088.jpg,salad,,test,no
data/food101_subset/salad/salad_0459.jpg,salad,,test,no
data/food101_subset/salad/salad_0331.jpg,salad,,test,no
data/food101_subset/salad/salad_0215.jpg,salad,,test,no
data/food101_subset/salad/salad_0467.jpg,salad,,test,no
data/food101_subset/salad/salad_0122.jpg,salad,,test,no
data/food101_subset/salad/salad_0615.jpg,salad,,test,no
data/food101_subset/salad/salad_0021.jpg,salad,,test,no
data/food101_subset/salad/salad_0701.jpg,salad,,test,no
data/food101_subset/salad/salad_0072.jpg,salad,,test,no
data/food101_subset/salad/salad_0107.jpg,salad,,test,no
data/food101_subset/salad/salad_0271.jpg,salad,,test,no
data/food101_subset/salad/salad_0861.jpg,salad,,test,no
data/food101_subset/salad/salad_0436.jpg,salad,,test,no
data/food101_subset/salad/salad_0103.jpg,salad,,test,no
data/food101_subset/sushi/sushi_0522.jpg,sushi,,train,no
data/food101_subset/sushi/sushi_0738.jpg,sushi,,train,no
data/food101_subset/sushi/sushi_0741.jpg,sushi,,train,no
data/food101_subset/sushi/sushi_0661.jpg,sushi,,train,no
data/food101_subset/sushi/sushi_0412.jpg,sushi,,train,no
data/food101_subset/sushi/sushi_0679.jpg,sushi,,train,no
data/food101_subset/sushi/sushi_0627.jpg,sushi,,train,no
data/food101_subset/sushi/sushi_0514.jpg,sushi,,train,no
data/food101_subset/sushi/sushi_0860.jpg,sushi,,train,no
data/food101_subset/sushi/sushi_0137.jpg,sushi,,train,no
data/food101_subset/sushi/sushi_0812.jpg,sushi,,train,no
data/food101_subset/sushi/sushi_0077.jpg,sushi,,train,no
data/food101_subset/sushi/sushi_0637.jpg,sushi,,train,no
data/food101_subset/sushi/sushi_0974.jpg,sushi,,train,no
data/food101_subset/sushi/sushi_0939.jpg,sushi,,train,no
data/food101_subset/sushi/sushi_0900.jpg,sushi,,train,no
data/food101_subset/sushi/sushi_0281.jpg,sushi,,train,no
data/food101_subset/sushi/sushi_0884.jpg,sushi,,train,no
data/food101_subset/sushi/sushi_0762.jpg,sushi,,train,no
data/food101_subset/sushi/sushi_0320.jpg,sushi,,train,no
data/food101_subset/sushi/sushi_0550.jpg,sushi,,train,no
data/food101_subset/sushi/sushi_0175.jpg,sushi,,train,no
data/food101_subset/sushi/sushi_0372.jpg,sushi,,train,no
data/food101_subset/sushi/sushi_0528.jpg,sushi,,train,no
data/food101_subset/sushi/sushi_0211.jpg,sushi,,train,no
data/food101_subset/sushi/sushi_0236.jpg,sushi,,train,no
data/food101_subset/sushi/sushi_0102.jpg,sushi,,train,no
data/food101_subset/sushi/sushi_0987.jpg,sushi,,train,no
data/food101_subset/sushi/sushi_0903.jpg,sushi,,train,no
data/food101_subset/sushi/sushi_0948.jpg,sushi,,train,no
data/food101_subset/sushi/sushi_0347.jpg,sushi,,train,no
data/food101_subset/sushi/sushi_0140.jpg,sushi,,train,no
data/food101_subset/sushi/sushi_0622.jpg,sushi,,train,no
data/food101_subset/sushi/sushi_0500.jpg,sushi,,train,no
data/food101_subset/sushi/sushi_0371.jpg,sushi,,train,no
data/food101_subset/sushi/sushi_0199.jpg,sushi,,train,no
data/food101_subset/sushi/sushi_0688.jpg,sushi,,train,no
data/food101_subset/sushi/sushi_0585.jpg,sushi,,train,no
data/food101_subset/sushi/sushi_0902.jpg,sushi,,train,no
data/food101_subset/sushi/sushi_0060.jpg,sushi,,train,no
data/food101_subset/sushi/sushi_0329.jpg,sushi,,train,no
data/food101_subset/sushi/sushi_0097.jpg,sushi,,train,no
data/food101_subset/sushi/sushi_0313.jpg,sushi,,train,no
data/food101_subset/sushi/sushi_0975.jpg,sushi,,train,no
data/food101_subset/sushi/sushi_0300.jpg,sushi,,train,no
data/food101_subset/sushi/sushi_0278.jpg,sushi,,train,no
data/food101_subset/sushi/sushi_0925.jpg,sushi,,train,no
data/food101_subset/sushi/sushi_0602.jpg,sushi,,train,no
data/food101_subset/sushi/sushi_0440.jpg,sushi,,train,no
data/food101_subset/sushi/sushi_0838.jpg,sushi,,train,no
data/food101_subset/sushi/sushi_0571.jpg,sushi,,train,no
data/food101_subset/sushi/sushi_0880.jpg,sushi,,train,no
data/food101_subset/sushi/sushi_0262.jpg,sushi,,train,no
data/food101_subset/sushi/sushi_0579.jpg,sushi,,train,no
data/food101_subset/sushi/sushi_0024.jpg,sushi,,train,no
data/food101_subset/sushi/sushi_0031.jpg,sushi,,train,no
data/food101_subset/sushi/sushi_0618.jpg,sushi,,train,no
data/food101_subset/sushi/sushi_0011.jpg,sushi,,train,no
data/food101_subset/sushi/sushi_0222.jpg,sushi,,train,no
data/food101_subset/sushi/sushi_0821.jpg,sushi,,train,no
data/food101_subset/sushi/sushi_0297.jpg,sushi,,train,no
data/food101_subset/sushi/sushi_0055.jpg,sushi,,train,no
data/food101_subset/sushi/sushi_0543.jpg,sushi,,train,no
data/food101_subset/sushi/sushi_0210.jpg,sushi,,train,no
data/food101_subset/sushi/sushi_0605.jpg,sushi,,train,no
data/food101_subset/sushi/sushi_0693.jpg,sushi,,train,no
data/food101_subset/sushi/sushi_0663.jpg,sushi,,train,no
data/food101_subset/sushi/sushi_0867.jpg,sushi,,train,no
data/food101_subset/sushi/sushi_0071.jpg,sushi,,train,no
data/food101_subset/sushi/sushi_0544.jpg,sushi,,train,no
data/food101_subset/sushi/sushi_0108.jpg,sushi,,train,no
data/food101_subset/sushi/sushi_0494.jpg,sushi,,train,no
data/food101_subset/sushi/sushi_0591.jpg,sushi,,train,no
data/food101_subset/sushi/sushi_0742.jpg,sushi,,train,no
data/food101_subset/sushi/sushi_0293.jpg,sushi,,train,no
data/food101_subset/sushi/sushi_0290.jpg,sushi,,train,no
data/food101_subset/sushi/sushi_0653.jpg,sushi,,train,no
data/food101_subset/sushi/sushi_0040.jpg,sushi,,train,no
data/food101_subset/sushi/sushi_0590.jpg,sushi,,train,no
data/food101_subset/sushi/sushi_0308.jpg,sushi,,train,no
data/food101_subset/sushi/sushi_0680.jpg,sushi,,train,no
data/food101_subset/sushi/sushi_0067.jpg,sushi,,train,no
data/food101_subset/sushi/sushi_0276.jpg,sushi,,train,no
data/food101_subset/sushi/sushi_0068.jpg,sushi,,train,no
data/food101_subset/sushi/sushi_0319.jpg,sushi,,train,no
data/food101_subset/sushi/sushi_0549.jpg,sushi,,train,no
data/food101_subset/sushi/sushi_0999.jpg,sushi,,train,no
data/food101_subset/sushi/sushi_0715.jpg,sushi,,train,no
data/food101_subset/sushi/sushi_0754.jpg,sushi,,train,no
data/food101_subset/sushi/sushi_0328.jpg,sushi,,train,no
data/food101_subset/sushi/sushi_0383.jpg,sushi,,train,no
data/food101_subset/sushi/sushi_0452.jpg,sushi,,train,no
data/food101_subset/sushi/sushi_0523.jpg,sushi,,train,no
data/food101_subset/sushi/sushi_0219.jpg,sushi,,train,no
data/food101_subset/sushi/sushi_0788.jpg,sushi,,train,no
data/food101_subset/sushi/sushi_0437.jpg,sushi,,train,no
data/food101_subset/sushi/sushi_0765.jpg,sushi,,train,no
data/food101_subset/sushi/sushi_0089.jpg,sushi,,train,no
data/food101_subset/sushi/sushi_0064.jpg,sushi,,train,no
data/food101_subset/sushi/sushi_0827.jpg,sushi,,train,no
data/food101_subset/sushi/sushi_0717.jpg,sushi,,train,no
data/food101_subset/sushi/sushi_0352.jpg,sushi,,train,no
data/food101_subset/sushi/sushi_0937.jpg,sushi,,train,no
data/food101_subset/sushi/sushi_0257.jpg,sushi,,train,no
data/food101_subset/sushi/sushi_0636.jpg,sushi,,train,no
data/food101_subset/sushi/sushi_0645.jpg,sushi,,train,no
data/food101_subset/sushi/sushi_0555.jpg,sushi,,train,no
data/food101_subset/sushi/sushi_0960.jpg,sushi,,train,no
data/food101_subset/sushi/sushi_0169.jpg,sushi,,train,no
data/food101_subset/sushi/sushi_0918.jpg,sushi,,train,no
data/food101_subset/sushi/sushi_0529.jpg,sushi,,train,no
data/food101_subset/sushi/sushi_0824.jpg,sushi,,train,no
data/food101_subset/sushi/sushi_0986.jpg,sushi,,train,no
data/food101_subset/sushi/sushi_0817.jpg,sushi,,train,no
data/food101_subset/sushi/sushi_0087.jpg,sushi,,train,no
data/food101_subset/sushi/sushi_0433.jpg,sushi,,train,no
data/food101_subset/sushi/sushi_0185.jpg,sushi,,train,no
data/food101_subset/sushi/sushi_0979.jpg,sushi,,train,no
data/food101_subset/sushi/sushi_0535.jpg,sushi,,train,no
data/food101_subset/sushi/sushi_0295.jpg,sushi,,train,no
data/food101_subset/sushi/sushi_0893.jpg,sushi,,train,no
data/food101_subset/sushi/sushi_0426.jpg,sushi,,train,no
data/food101_subset/sushi/sushi_0714.jpg,sushi,,train,no
data/food101_subset/sushi/sushi_0261.jpg,sushi,,train,no
data/food101_subset/sushi/sushi_0238.jpg,sushi,,train,no
data/food101_subset/sushi/sushi_0560.jpg,sushi,,train,no
data/food101_subset/sushi/sushi_0584.jpg,sushi,,train,no
data/food101_subset/sushi/sushi_0446.jpg,sushi,,train,no
data/food101_subset/sushi/sushi_0868.jpg,sushi,,train,no
data/food101_subset/sushi/sushi_0801.jpg,sushi,,train,no
data/food101_subset/sushi/sushi_0600.jpg,sushi,,train,no
data/food101_subset/sushi/sushi_0850.jpg,sushi,,train,no
data/food101_subset/sushi/sushi_0266.jpg,sushi,,train,no
data/food101_subset/sushi/sushi_0996.jpg,sushi,,train,no
data/food101_subset/sushi/sushi_0530.jpg,sushi,,train,no
data/food101_subset/sushi/sushi_0056.jpg,sushi,,train,no
data/food101_subset/sushi/sushi_0121.jpg,sushi,,train,no
data/food101_subset/sushi/sushi_0216.jpg,sushi,,train,no
data/food101_subset/sushi/sushi_0026.jpg,sushi,,train,no
data/food101_subset/sushi/sushi_0073.jpg,sushi,,train,no
data/food101_subset/sushi/sushi_0045.jpg,sushi,,train,no
data/food101_subset/sushi/sushi_0248.jpg,sushi,,train,no
data/food101_subset/sushi/sushi_0722.jpg,sushi,,train,no
data/food101_subset/sushi/sushi_0282.jpg,sushi,,train,no
data/food101_subset/sushi/sushi_0894.jpg,sushi,,train,no
data/food101_subset/sushi/sushi_0915.jpg,sushi,,train,no
data/food101_subset/sushi/sushi_0811.jpg,sushi,,train,no
data/food101_subset/sushi/sushi_0245.jpg,sushi,,train,no
data/food101_subset/sushi/sushi_0823.jpg,sushi,,train,no
data/food101_subset/sushi/sushi_0322.jpg,sushi,,train,no
data/food101_subset/sushi/sushi_0644.jpg,sushi,,train,no
data/food101_subset/sushi/sushi_0159.jpg,sushi,,train,no
data/food101_subset/sushi/sushi_0978.jpg,sushi,,train,no
data/food101_subset/sushi/sushi_0430.jpg,sushi,,train,no
data/food101_subset/sushi/sushi_0942.jpg,sushi,,train,no
data/food101_subset/sushi/sushi_0463.jpg,sushi,,train,no
data/food101_subset/sushi/sushi_0310.jpg,sushi,,train,no
data/food101_subset/sushi/sushi_0698.jpg,sushi,,train,no
data/food101_subset/sushi/sushi_0061.jpg,sushi,,train,no
data/food101_subset/sushi/sushi_0885.jpg,sushi,,train,no
data/food101_subset/sushi/sushi_0596.jpg,sushi,,train,no
data/food101_subset/sushi/sushi_0768.jpg,sushi,,train,no
data/food101_subset/sushi/sushi_0650.jpg,sushi,,train,no
data/food101_subset/sushi/sushi_0651.jpg,sushi,,train,no
data/food101_subset/sushi/sushi_0866.jpg,sushi,,train,no
data/food101_subset/sushi/sushi_0669.jpg,sushi,,train,no
data/food101_subset/sushi/sushi_0299.jpg,sushi,,train,no
data/food101_subset/sushi/sushi_0690.jpg,sushi,,train,no
data/food101_subset/sushi/sushi_0315.jpg,sushi,,train,no
data/food101_subset/sushi/sushi_0311.jpg,sushi,,train,no
data/food101_subset/sushi/sushi_0362.jpg,sushi,,train,no
data/food101_subset/sushi/sushi_0480.jpg,sushi,,train,no
data/food101_subset/sushi/sushi_0111.jpg,sushi,,train,no
data/food101_subset/sushi/sushi_0990.jpg,sushi,,train,no
data/food101_subset/sushi/sushi_0487.jpg,sushi,,train,no
data/food101_subset/sushi/sushi_0364.jpg,sushi,,train,no
data/food101_subset/sushi/sushi_0255.jpg,sushi,,train,no
data/food101_subset/sushi/sushi_0260.jpg,sushi,,train,no
data/food101_subset/sushi/sushi_0803.jpg,sushi,,train,no
data/food101_subset/sushi/sushi_0678.jpg,sushi,,train,no
data/food101_subset/sushi/sushi_0495.jpg,sushi,,train,no
data/food101_subset/sushi/sushi_0671.jpg,sushi,,train,no
data/food101_subset/sushi/sushi_0378.jpg,sushi,,train,no
data/food101_subset/sushi/sushi_0527.jpg,sushi,,train,no
data/food101_subset/sushi/sushi_0846.jpg,sushi,,train,no
data/food101_subset/sushi/sushi_0138.jpg,sushi,,train,no
data/food101_subset/sushi/sushi_0356.jpg,sushi,,train,no
data/food101_subset/sushi/sushi_0366.jpg,sushi,,train,no
data/food101_subset/sushi/sushi_0943.jpg,sushi,,train,no
data/food101_subset/sushi/sushi_0750.jpg,sushi,,train,no
data/food101_subset/sushi/sushi_0949.jpg,sushi,,train,no
data/food101_subset/sushi/sushi_0830.jpg,sushi,,train,no
data/food101_subset/sushi/sushi_0657.jpg,sushi,,train,no
data/food101_subset/sushi/sushi_0200.jpg,sushi,,train,no
data/food101_subset/sushi/sushi_0214.jpg,sushi,,train,no
data/food101_subset/sushi/sushi_0409.jpg,sushi,,train,no
data/food101_subset/sushi/sushi_0333.jpg,sushi,,train,no
data/food101_subset/sushi/sushi_0209.jpg,sushi,,train,no
data/food101_subset/sushi/sushi_0614.jpg,sushi,,train,no
data/food101_subset/sushi/sushi_0079.jpg,sushi,,train,no
data/food101_subset/sushi/sushi_0030.jpg,sushi,,train,no
data/food101_subset/sushi/sushi_0536.jpg,sushi,,train,no
data/food101_subset/sushi/sushi_0696.jpg,sushi,,train,no
data/food101_subset/sushi/sushi_0558.jpg,sushi,,train,no
data/food101_subset/sushi/sushi_0837.jpg,sushi,,train,no
data/food101_subset/sushi/sushi_0597.jpg,sushi,,train,no
data/food101_subset/sushi/sushi_0166.jpg,sushi,,train,no
data/food101_subset/sushi/sushi_0919.jpg,sushi,,train,no
data/food101_subset/sushi/sushi_0496.jpg,sushi,,train,no
data/food101_subset/sushi/sushi_0825.jpg,sushi,,train,no
data/food101_subset/sushi/sushi_0066.jpg,sushi,,train,no
data/food101_subset/sushi/sushi_0142.jpg,sushi,,train,no
data/food101_subset/sushi/sushi_0926.jpg,sushi,,train,no
data/food101_subset/sushi/sushi_0828.jpg,sushi,,train,no
data/food101_subset/sushi/sushi_0656.jpg,sushi,,train,no
data/food101_subset/sushi/sushi_0332.jpg,sushi,,train,no
data/food101_subset/sushi/sushi_0665.jpg,sushi,,train,no
data/food101_subset/sushi/sushi_0250.jpg,sushi,,train,no
data/food101_subset/sushi/sushi_0908.jpg,sushi,,train,no
data/food101_subset/sushi/sushi_0709.jpg,sushi,,train,no
data/food101_subset/sushi/sushi_0306.jpg,sushi,,train,no
data/food101_subset/sushi/sushi_0735.jpg,sushi,,train,no
data/food101_subset/sushi/sushi_0976.jpg,sushi,,train,no
data/food101_subset/sushi/sushi_0050.jpg,sushi,,train,no
data/food101_subset/sushi/sushi_0897.jpg,sushi,,train,no
data/food101_subset/sushi/sushi_0003.jpg,sushi,,train,no
data/food101_subset/sushi/sushi_0545.jpg,sushi,,train,no
data/food101_subset/sushi/sushi_0351.jpg,sushi,,train,no
data/food101_subset/sushi/sushi_0905.jpg,sushi,,train,no
data/food101_subset/sushi/sushi_0537.jpg,sushi,,train,no
data/food101_subset/sushi/sushi_0345.jpg,sushi,,train,no
data/food101_subset/sushi/sushi_0995.jpg,sushi,,train,no
data/food101_subset/sushi/sushi_0482.jpg,sushi,,train,no
data/food101_subset/sushi/sushi_0576.jpg,sushi,,train,no
data/food101_subset/sushi/sushi_0034.jpg,sushi,,train,no
data/food101_subset/sushi/sushi_0032.jpg,sushi,,train,no
data/food101_subset/sushi/sushi_0232.jpg,sushi,,train,no
data/food101_subset/sushi/sushi_0964.jpg,sushi,,train,no
data/food101_subset/sushi/sushi_0193.jpg,sushi,,train,no
data/food101_subset/sushi/sushi_0334.jpg,sushi,,train,no
data/food101_subset/sushi/sushi_0004.jpg,sushi,,train,no
data/food101_subset/sushi/sushi_0205.jpg,sushi,,train,no
data/food101_subset/sushi/sushi_0515.jpg,sushi,,train,no
data/food101_subset/sushi/sushi_0800.jpg,sushi,,train,no
data/food101_subset/sushi/sushi_0307.jpg,sushi,,train,no
data/food101_subset/sushi/sushi_0110.jpg,sushi,,train,no
data/food101_subset/sushi/sushi_0431.jpg,sushi,,train,no
data/food101_subset/sushi/sushi_0078.jpg,sushi,,train,no
data/food101_subset/sushi/sushi_0085.jpg,sushi,,train,no
data/food101_subset/sushi/sushi_0287.jpg,sushi,,train,no
data/food101_subset/sushi/sushi_0083.jpg,sushi,,train,no
data/food101_subset/sushi/sushi_0992.jpg,sushi,,train,no
data/food101_subset/sushi/sushi_0790.jpg,sushi,,train,no
data/food101_subset/sushi/sushi_0895.jpg,sushi,,train,no
data/food101_subset/sushi/sushi_0399.jpg,sushi,,train,no
data/food101_subset/sushi/sushi_0324.jpg,sushi,,train,no
data/food101_subset/sushi/sushi_0520.jpg,sushi,,train,no
data/food101_subset/sushi/sushi_0917.jpg,sushi,,train,no
data/food101_subset/sushi/sushi_0923.jpg,sushi,,train,no
data/food101_subset/sushi/sushi_0006.jpg,sushi,,train,no
data/food101_subset/sushi/sushi_0732.jpg,sushi,,train,no
data/food101_subset/sushi/sushi_0466.jpg,sushi,,train,no
data/food101_subset/sushi/sushi_0098.jpg,sushi,,train,no
data/food101_subset/sushi/sushi_0267.jpg,sushi,,train,no
data/food101_subset/sushi/sushi_0358.jpg,sushi,,train,no
data/food101_subset/sushi/sushi_0869.jpg,sushi,,train,no
data/food101_subset/sushi/sushi_0799.jpg,sushi,,train,no
data/food101_subset/sushi/sushi_0381.jpg,sushi,,train,no
data/food101_subset/sushi/sushi_0632.jpg,sushi,,train,no
data/food101_subset/sushi/sushi_0382.jpg,sushi,,train,no
data/food101_subset/sushi/sushi_0491.jpg,sushi,,train,no
data/food101_subset/sushi/sushi_0119.jpg,sushi,,train,no
data/food101_subset/sushi/sushi_0901.jpg,sushi,,train,no
data/food101_subset/sushi/sushi_0251.jpg,sushi,,train,no
data/food101_subset/sushi/sushi_0524.jpg,sushi,,train,no
data/food101_subset/sushi/sushi_0010.jpg,sushi,,train,no
data/food101_subset/sushi/sushi_0197.jpg,sushi,,train,no
data/food101_subset/sushi/sushi_0604.jpg,sushi,,train,no
data/food101_subset/sushi/sushi_0082.jpg,sushi,,train,no
data/food101_subset/sushi/sushi_0784.jpg,sushi,,train,no
data/food101_subset/sushi/sushi_0588.jpg,sushi,,train,no
data/food101_subset/sushi/sushi_0798.jpg,sushi,,train,no
data/food101_subset/sushi/sushi_0240.jpg,sushi,,train,no
data/food101_subset/sushi/sushi_0291.jpg,sushi,,train,no
data/food101_subset/sushi/sushi_0212.jpg,sushi,,train,no
data/food101_subset/sushi/sushi_0718.jpg,sushi,,train,no
data/food101_subset/sushi/sushi_0360.jpg,sushi,,train,no
data/food101_subset/sushi/sushi_0450.jpg,sushi,,train,no
data/food101_subset/sushi/sushi_0228.jpg,sushi,,train,no
data/food101_subset/sushi/sushi_0951.jpg,sushi,,train,no
data/food101_subset/sushi/sushi_0947.jpg,sushi,,train,no
data/food101_subset/sushi/sushi_0797.jpg,sushi,,train,no
data/food101_subset/sushi/sushi_0502.jpg,sushi,,train,no
data/food101_subset/sushi/sushi_0465.jpg,sushi,,train,no
data/food101_subset/sushi/sushi_0363.jpg,sushi,,train,no
data/food101_subset/sushi/sushi_0469.jpg,sushi,,train,no
data/food101_subset/sushi/sushi_0936.jpg,sushi,,train,no
data/food101_subset/sushi/sushi_0429.jpg,sushi,,train,no
data/food101_subset/sushi/sushi_0008.jpg,sushi,,train,no
data/food101_subset/sushi/sushi_0156.jpg,sushi,,train,no
data/food101_subset/sushi/sushi_0542.jpg,sushi,,train,no
data/food101_subset/sushi/sushi_0441.jpg,sushi,,train,no
data/food101_subset/sushi/sushi_0483.jpg,sushi,,train,no
data/food101_subset/sushi/sushi_0423.jpg,sushi,,train,no
data/food101_subset/sushi/sushi_0779.jpg,sushi,,train,no
data/food101_subset/sushi/sushi_0950.jpg,sushi,,train,no
data/food101_subset/sushi/sushi_0335.jpg,sushi,,train,no
data/food101_subset/sushi/sushi_0577.jpg,sushi,,train,no
data/food101_subset/sushi/sushi_0935.jpg,sushi,,train,no
data/food101_subset/sushi/sushi_0568.jpg,sushi,,train,no
data/food101_subset/sushi/sushi_0595.jpg,sushi,,train,no
data/food101_subset/sushi/sushi_0531.jpg,sushi,,train,no
data/food101_subset/sushi/sushi_0582.jpg,sushi,,train,no
data/food101_subset/sushi/sushi_0708.jpg,sushi,,train,no
data/food101_subset/sushi/sushi_0449.jpg,sushi,,train,no
data/food101_subset/sushi/sushi_0454.jpg,sushi,,train,no
data/food101_subset/sushi/sushi_0229.jpg,sushi,,train,no
data/food101_subset/sushi/sushi_0353.jpg,sushi,,train,no
data/food101_subset/sushi/sushi_0729.jpg,sushi,,train,no
data/food101_subset/sushi/sushi_0213.jpg,sushi,,train,no
data/food101_subset/sushi/sushi_0080.jpg,sushi,,train,no
data/food101_subset/sushi/sushi_0149.jpg,sushi,,train,no
data/food101_subset/sushi/sushi_0303.jpg,sushi,,train,no
data/food101_subset/sushi/sushi_0629.jpg,sushi,,train,no
data/food101_subset/sushi/sushi_0778.jpg,sushi,,train,no
data/food101_subset/sushi/sushi_0507.jpg,sushi,,train,no
data/food101_subset/sushi/sushi_0343.jpg,sushi,,train,no
data/food101_subset/sushi/sushi_0486.jpg,sushi,,train,no
data/food101_subset/sushi/sushi_0712.jpg,sushi,,train,no
data/food101_subset/sushi/sushi_0134.jpg,sushi,,train,no
data/food101_subset/sushi/sushi_0704.jpg,sushi,,train,no
data/food101_subset/sushi/sushi_0312.jpg,sushi,,train,no
data/food101_subset/sushi/sushi_0723.jpg,sushi,,train,no
data/food101_subset/sushi/sushi_0630.jpg,sushi,,train,no
data/food101_subset/sushi/sushi_0001.jpg,sushi,,train,no
data/food101_subset/sushi/sushi_0317.jpg,sushi,,train,no
data/food101_subset/sushi/sushi_0707.jpg,sushi,,train,no
data/food101_subset/sushi/sushi_0548.jpg,sushi,,train,no
data/food101_subset/sushi/sushi_0873.jpg,sushi,,train,no
data/food101_subset/sushi/sushi_0533.jpg,sushi,,train,no
data/food101_subset/sushi/sushi_0478.jpg,sushi,,train,no
data/food101_subset/sushi/sushi_0405.jpg,sushi,,train,no
data/food101_subset/sushi/sushi_0173.jpg,sushi,,train,no
data/food101_subset/sushi/sushi_0126.jpg,sushi,,train,no
data/food101_subset/sushi/sushi_0395.jpg,sushi,,train,no
data/food101_subset/sushi/sushi_0421.jpg,sushi,,train,no
data/food101_subset/sushi/sushi_0553.jpg,sushi,,train,no
data/food101_subset/sushi/sushi_0904.jpg,sushi,,train,no
data/food101_subset/sushi/sushi_0091.jpg,sushi,,train,no
data/food101_subset/sushi/sushi_0940.jpg,sushi,,train,no
data/food101_subset/sushi/sushi_0182.jpg,sushi,,train,no
data/food101_subset/sushi/sushi_0275.jpg,sushi,,train,no
data/food101_subset/sushi/sushi_0896.jpg,sushi,,train,no
data/food101_subset/sushi/sushi_0070.jpg,sushi,,train,no
data/food101_subset/sushi/sushi_0292.jpg,sushi,,train,no
data/food101_subset/sushi/sushi_0132.jpg,sushi,,train,no
data/food101_subset/sushi/sushi_0301.jpg,sushi,,train,no
data/food101_subset/sushi/sushi_0425.jpg,sushi,,train,no
data/food101_subset/sushi/sushi_0327.jpg,sushi,,train,no
data/food101_subset/sushi/sushi_0145.jpg,sushi,,train,no
data/food101_subset/sushi/sushi_0424.jpg,sushi,,train,no
data/food101_subset/sushi/sushi_0581.jpg,sushi,,train,no
data/food101_subset/sushi/sushi_0136.jpg,sushi,,train,no
data/food101_subset/sushi/sushi_0451.jpg,sushi,,train,no
data/food101_subset/sushi/sushi_0165.jpg,sushi,,train,no
data/food101_subset/sushi/sushi_0029.jpg,sushi,,train,no
data/food101_subset/sushi/sushi_0774.jpg,sushi,,train,no
data/food101_subset/sushi/sushi_0194.jpg,sushi,,train,no
data/food101_subset/sushi/sushi_0389.jpg,sushi,,train,no
data/food101_subset/sushi/sushi_0853.jpg,sushi,,train,no
data/food101_subset/sushi/sushi_0170.jpg,sushi,,train,no
data/food101_subset/sushi/sushi_0706.jpg,sushi,,train,no
data/food101_subset/sushi/sushi_0141.jpg,sushi,,train,no
data/food101_subset/sushi/sushi_0174.jpg,sushi,,train,no
data/food101_subset/sushi/sushi_0007.jpg,sushi,,train,no
data/food101_subset/sushi/sushi_0746.jpg,sushi,,train,no
data/food101_subset/sushi/sushi_0479.jpg,sushi,,train,no
data/food101_subset/sushi/sushi_0074.jpg,sushi,,train,no
data/food101_subset/sushi/sushi_0911.jpg,sushi,,train,no
data/food101_subset/sushi/sushi_0814.jpg,sushi,,train,no
data/food101_subset/sushi/sushi_0239.jpg,sushi,,train,no
data/food101_subset/sushi/sushi_0146.jpg,sushi,,train,no
data/food101_subset/sushi/sushi_0793.jpg,sushi,,train,no
data/food101_subset/sushi/sushi_0235.jpg,sushi,,train,no
data/food101_subset/sushi/sushi_0221.jpg,sushi,,train,no
data/food101_subset/sushi/sushi_0924.jpg,sushi,,train,no
data/food101_subset/sushi/sushi_0501.jpg,sushi,,train,no
data/food101_subset/sushi/sushi_0133.jpg,sushi,,train,no
data/food101_subset/sushi/sushi_0991.jpg,sushi,,train,no
data/food101_subset/sushi/sushi_0775.jpg,sushi,,train,no
data/food101_subset/sushi/sushi_0186.jpg,sushi,,train,no
data/food101_subset/sushi/sushi_0042.jpg,sushi,,train,no
data/food101_subset/sushi/sushi_0697.jpg,sushi,,train,no
data/food101_subset/sushi/sushi_0109.jpg,sushi,,train,no
data/food101_subset/sushi/sushi_0589.jpg,sushi,,train,no
data/food101_subset/sushi/sushi_0057.jpg,sushi,,train,no
data/food101_subset/sushi/sushi_0406.jpg,sushi,,train,no
data/food101_subset/sushi/sushi_0443.jpg,sushi,,train,no
data/food101_subset/sushi/sushi_0758.jpg,sushi,,train,no
data/food101_subset/sushi/sushi_0998.jpg,sushi,,train,no
data/food101_subset/sushi/sushi_0025.jpg,sushi,,train,no
data/food101_subset/sushi/sushi_0468.jpg,sushi,,train,no
data/food101_subset/sushi/sushi_0540.jpg,sushi,,train,no
data/food101_subset/sushi/sushi_0532.jpg,sushi,,train,no
data/food101_subset/sushi/sushi_0619.jpg,sushi,,train,no
data/food101_subset/sushi/sushi_0695.jpg,sushi,,train,no
data/food101_subset/sushi/sushi_0927.jpg,sushi,,train,no
data/food101_subset/sushi/sushi_0339.jpg,sushi,,train,no
data/food101_subset/sushi/sushi_0052.jpg,sushi,,train,no
data/food101_subset/sushi/sushi_0508.jpg,sushi,,train,no
data/food101_subset/sushi/sushi_0517.jpg,sushi,,train,no
data/food101_subset/sushi/sushi_0921.jpg,sushi,,train,no
data/food101_subset/sushi/sushi_0782.jpg,sushi,,train,no
data/food101_subset/sushi/sushi_0265.jpg,sushi,,train,no
data/food101_subset/sushi/sushi_0818.jpg,sushi,,train,no
data/food101_subset/sushi/sushi_0711.jpg,sushi,,train,no
data/food101_subset/sushi/sushi_0683.jpg,sushi,,train,no
data/food101_subset/sushi/sushi_0833.jpg,sushi,,train,no
data/food101_subset/sushi/sushi_0519.jpg,sushi,,train,no
data/food101_subset/sushi/sushi_0448.jpg,sushi,,train,no
data/food101_subset/sushi/sushi_0019.jpg,sushi,,train,no
data/food101_subset/sushi/sushi_0716.jpg,sushi,,train,no
data/food101_subset/sushi/sushi_0484.jpg,sushi,,train,no
data/food101_subset/sushi/sushi_0569.jpg,sushi,,train,no
data/food101_subset/sushi/sushi_0434.jpg,sushi,,train,no
data/food101_subset/sushi/sushi_0368.jpg,sushi,,train,no
data/food101_subset/sushi/sushi_0084.jpg,sushi,,train,no
data/food101_subset/sushi/sushi_0062.jpg,sushi,,train,no
data/food101_subset/sushi/sushi_0639.jpg,sushi,,train,no
data/food101_subset/sushi/sushi_0273.jpg,sushi,,train,no
data/food101_subset/sushi/sushi_0286.jpg,sushi,,train,no
data/food101_subset/sushi/sushi_0361.jpg,sushi,,train,no
data/food101_subset/sushi/sushi_0355.jpg,sushi,,train,no
data/food101_subset/sushi/sushi_0457.jpg,sushi,,train,no
data/food101_subset/sushi/sushi_0279.jpg,sushi,,train,no
data/food101_subset/sushi/sushi_0013.jpg,sushi,,train,no
data/food101_subset/sushi/sushi_0183.jpg,sushi,,train,no
data/food101_subset/sushi/sushi_0369.jpg,sushi,,train,no
data/food101_subset/sushi/sushi_0882.jpg,sushi,,train,no
data/food101_subset/sushi/sushi_0616.jpg,sushi,,train,no
data/food101_subset/sushi/sushi_0224.jpg,sushi,,train,no
data/food101_subset/sushi/sushi_0573.jpg,sushi,,train,no
data/food101_subset/sushi/sushi_0971.jpg,sushi,,train,no
data/food101_subset/sushi/sushi_0654.jpg,sushi,,train,no
data/food101_subset/sushi/sushi_0546.jpg,sushi,,train,no
data/food101_subset/sushi/sushi_0583.jpg,sushi,,train,no
data/food101_subset/sushi/sushi_0634.jpg,sushi,,train,no
data/food101_subset/sushi/sushi_0177.jpg,sushi,,train,no
data/food101_subset/sushi/sushi_0666.jpg,sushi,,train,no
data/food101_subset/sushi/sushi_0674.jpg,sushi,,train,no
data/food101_subset/sushi/sushi_0586.jpg,sushi,,train,no
data/food101_subset/sushi/sushi_0874.jpg,sushi,,train,no
data/food101_subset/sushi/sushi_0394.jpg,sushi,,train,no
data/food101_subset/sushi/sushi_0164.jpg,sushi,,train,no
data/food101_subset/sushi/sushi_0249.jpg,sushi,,train,no
data/food101_subset/sushi/sushi_0635.jpg,sushi,,train,no
data/food101_subset/sushi/sushi_0886.jpg,sushi,,train,no
data/food101_subset/sushi/sushi_0670.jpg,sushi,,train,no
data/food101_subset/sushi/sushi_0376.jpg,sushi,,train,no
data/food101_subset/sushi/sushi_0413.jpg,sushi,,train,no
data/food101_subset/sushi/sushi_0075.jpg,sushi,,train,no
data/food101_subset/sushi/sushi_0114.jpg,sushi,,train,no
data/food101_subset/sushi/sushi_0599.jpg,sushi,,train,no
data/food101_subset/sushi/sushi_0962.jpg,sushi,,train,no
data/food101_subset/sushi/sushi_0391.jpg,sushi,,train,no
data/food101_subset/sushi/sushi_0105.jpg,sushi,,train,no
data/food101_subset/sushi/sushi_0115.jpg,sushi,,train,no
data/food101_subset/sushi/sushi_0418.jpg,sushi,,train,no
data/food101_subset/sushi/sushi_0526.jpg,sushi,,train,no
data/food101_subset/sushi/sushi_0458.jpg,sushi,,train,no
data/food101_subset/sushi/sushi_0410.jpg,sushi,,train,no
data/food101_subset/sushi/sushi_0093.jpg,sushi,,train,no
data/food101_subset/sushi/sushi_0931.jpg,sushi,,train,no
data/food101_subset/sushi/sushi_0090.jpg,sushi,,train,no
data/food101_subset/sushi/sushi_0337.jpg,sushi,,train,no
data/food101_subset/sushi/sushi_0989.jpg,sushi,,train,no
data/food101_subset/sushi/sushi_0922.jpg,sushi,,train,no
data/food101_subset/sushi/sushi_0934.jpg,sushi,,train,no
data/food101_subset/sushi/sushi_0606.jpg,sushi,,train,no
data/food101_subset/sushi/sushi_0594.jpg,sushi,,train,no
data/food101_subset/sushi/sushi_0612.jpg,sushi,,train,no
data/food101_subset/sushi/sushi_0095.jpg,sushi,,train,no
data/food101_subset/sushi/sushi_0012.jpg,sushi,,train,no
data/food101_subset/sushi/sushi_0397.jpg,sushi,,train,no
data/food101_subset/sushi/sushi_0534.jpg,sushi,,train,no
data/food101_subset/sushi/sushi_0044.jpg,sushi,,train,no
data/food101_subset/sushi/sushi_0043.jpg,sushi,,train,no
data/food101_subset/sushi/sushi_0330.jpg,sushi,,train,no
data/food101_subset/sushi/sushi_0168.jpg,sushi,,train,no
data/food101_subset/sushi/sushi_0498.jpg,sushi,,train,no
data/food101_subset/sushi/sushi_0877.jpg,sushi,,train,no
data/food101_subset/sushi/sushi_0598.jpg,sushi,,train,no
data/food101_subset/sushi/sushi_0757.jpg,sushi,,train,no
data/food101_subset/sushi/sushi_0101.jpg,sushi,,train,no
data/food101_subset/sushi/sushi_0427.jpg,sushi,,train,no
data/food101_subset/sushi/sushi_0179.jpg,sushi,,train,no
data/food101_subset/sushi/sushi_0445.jpg,sushi,,train,no
data/food101_subset/sushi/sushi_0417.jpg,sushi,,train,no
data/food101_subset/sushi/sushi_0871.jpg,sushi,,train,no
data/food101_subset/sushi/sushi_0883.jpg,sushi,,train,no
data/food101_subset/sushi/sushi_0681.jpg,sushi,,train,no
data/food101_subset/sushi/sushi_0178.jpg,sushi,,train,no
data/food101_subset/sushi/sushi_0396.jpg,sushi,,train,no
data/food101_subset/sushi/sushi_0912.jpg,sushi,,train,no
data/food101_subset/sushi/sushi_0794.jpg,sushi,,train,no
data/food101_subset/sushi/sushi_0961.jpg,sushi,,train,no
data/food101_subset/sushi/sushi_0685.jpg,sushi,,train,no
data/food101_subset/sushi/sushi_0384.jpg,sushi,,train,no
data/food101_subset/sushi/sushi_0957.jpg,sushi,,train,no
data/food101_subset/sushi/sushi_0752.jpg,sushi,,train,no
data/food101_subset/sushi/sushi_0258.jpg,sushi,,train,no
data/food101_subset/sushi/sushi_0539.jpg,sushi,,train,no
data/food101_subset/sushi/sushi_0336.jpg,sushi,,train,no
data/food101_subset/sushi/sushi_0016.jpg,sushi,,train,no
data/food101_subset/sushi/sushi_0325.jpg,sushi,,train,no
data/food101_subset/sushi/sushi_0759.jpg,sushi,,train,no
data/food101_subset/sushi/sushi_0223.jpg,sushi,,train,no
data/food101_subset/sushi/sushi_0180.jpg,sushi,,train,no
data/food101_subset/sushi/sushi_0984.jpg,sushi,,train,no
data/food101_subset/sushi/sushi_0023.jpg,sushi,,train,no
data/food101_subset/sushi/sushi_0357.jpg,sushi,,train,no
data/food101_subset/sushi/sushi_0667.jpg,sushi,,train,no
data/food101_subset/sushi/sushi_0862.jpg,sushi,,train,no
data/food101_subset/sushi/sushi_0341.jpg,sushi,,train,no
data/food101_subset/sushi/sushi_0432.jpg,sushi,,train,no
data/food101_subset/sushi/sushi_0552.jpg,sushi,,train,no
data/food101_subset/sushi/sushi_0834.jpg,sushi,,train,no
data/food101_subset/sushi/sushi_0204.jpg,sushi,,train,no
data/food101_subset/sushi/sushi_0631.jpg,sushi,,train,no
data/food101_subset/sushi/sushi_0094.jpg,sushi,,train,no
data/food101_subset/sushi/sushi_0559.jpg,sushi,,train,no
data/food101_subset/sushi/sushi_0069.jpg,sushi,,train,no
data/food101_subset/sushi/sushi_0623.jpg,sushi,,train,no
data/food101_subset/sushi/sushi_0285.jpg,sushi,,train,no
data/food101_subset/sushi/sushi_0845.jpg,sushi,,train,no
data/food101_subset/sushi/sushi_0435.jpg,sushi,,train,no
data/food101_subset/sushi/sushi_0154.jpg,sushi,,train,no
data/food101_subset/sushi/sushi_0076.jpg,sushi,,train,no
data/food101_subset/sushi/sushi_0731.jpg,sushi,,train,no
data/food101_subset/sushi/sushi_0447.jpg,sushi,,train,no
data/food101_subset/sushi/sushi_0189.jpg,sushi,,train,no
data/food101_subset/sushi/sushi_0272.jpg,sushi,,train,no
data/food101_subset/sushi/sushi_0237.jpg,sushi,,train,no
data/food101_subset/sushi/sushi_0488.jpg,sushi,,train,no
data/food101_subset/sushi/sushi_0118.jpg,sushi,,train,no
data/food101_subset/sushi/sushi_0944.jpg,sushi,,train,no
data/food101_subset/sushi/sushi_0513.jpg,sushi,,train,no
data/food101_subset/sushi/sushi_0826.jpg,sushi,,train,no
data/food101_subset/sushi/sushi_0592.jpg,sushi,,train,no
data/food101_subset/sushi/sushi_0127.jpg,sushi,,train,no
data/food101_subset/sushi/sushi_0117.jpg,sushi,,train,no
data/food101_subset/sushi/sushi_0474.jpg,sushi,,train,no
data/food101_subset/sushi/sushi_0694.jpg,sushi,,train,no
data/food101_subset/sushi/sushi_0058.jpg,sushi,,train,no
data/food101_subset/sushi/sushi_0864.jpg,sushi,,train,no
data/food101_subset/sushi/sushi_0913.jpg,sushi,,train,no
data/food101_subset/sushi/sushi_0370.jpg,sushi,,train,no
data/food101_subset/sushi/sushi_0269.jpg,sushi,,train,no
data/food101_subset/sushi/sushi_0047.jpg,sushi,,train,no
data/food101_subset/sushi/sushi_0350.jpg,sushi,,train,no
data/food101_subset/sushi/sushi_0196.jpg,sushi,,train,no
data/food101_subset/sushi/sushi_1000.jpg,sushi,,train,no
data/food101_subset/sushi/sushi_0835.jpg,sushi,,train,no
data/food101_subset/sushi/sushi_0737.jpg,sushi,,train,no
data/food101_subset/sushi/sushi_0264.jpg,sushi,,train,no
data/food101_subset/sushi/sushi_0444.jpg,sushi,,train,no
data/food101_subset/sushi/sushi_0676.jpg,sushi,,train,no
data/food101_subset/sushi/sushi_0305.jpg,sushi,,train,no
data/food101_subset/sushi/sushi_0342.jpg,sushi,,train,no
data/food101_subset/sushi/sushi_0967.jpg,sushi,,train,no
data/food101_subset/sushi/sushi_0150.jpg,sushi,,train,no
data/food101_subset/sushi/sushi_0125.jpg,sushi,,train,no
data/food101_subset/sushi/sushi_0787.jpg,sushi,,train,no
data/food101_subset/sushi/sushi_0051.jpg,sushi,,train,no
data/food101_subset/sushi/sushi_0354.jpg,sushi,,train,no
data/food101_subset/sushi/sushi_0928.jpg,sushi,,train,no
data/food101_subset/sushi/sushi_0143.jpg,sushi,,train,no
data/food101_subset/sushi/sushi_0471.jpg,sushi,,train,no
data/food101_subset/sushi/sushi_0400.jpg,sushi,,train,no
data/food101_subset/sushi/sushi_0626.jpg,sushi,,train,no
data/food101_subset/sushi/sushi_0321.jpg,sushi,,train,no
data/food101_subset/sushi/sushi_0020.jpg,sushi,,train,no
data/food101_subset/sushi/sushi_0810.jpg,sushi,,train,no
data/food101_subset/sushi/sushi_0791.jpg,sushi,,train,no
data/food101_subset/sushi/sushi_0809.jpg,sushi,,train,no
data/food101_subset/sushi/sushi_0408.jpg,sushi,,train,no
data/food101_subset/sushi/sushi_0538.jpg,sushi,,train,no
data/food101_subset/sushi/sushi_0621.jpg,sushi,,train,no
data/food101_subset/sushi/sushi_0039.jpg,sushi,,train,no
data/food101_subset/sushi/sushi_0176.jpg,sushi,,train,no
data/food101_subset/sushi/sushi_0246.jpg,sushi,,train,no
data/food101_subset/sushi/sushi_0829.jpg,sushi,,train,no
data/food101_subset/sushi/sushi_0668.jpg,sushi,,train,no
data/food101_subset/sushi/sushi_0755.jpg,sushi,,train,no
data/food101_subset/sushi/sushi_0859.jpg,sushi,,train,no
data/food101_subset/sushi/sushi_0155.jpg,sushi,,train,no
data/food101_subset/sushi/sushi_0288.jpg,sushi,,train,no
data/food101_subset/sushi/sushi_0603.jpg,sushi,,train,no
data/food101_subset/sushi/sushi_0570.jpg,sushi,,train,no
data/food101_subset/sushi/sushi_0744.jpg,sushi,,train,no
data/food101_subset/sushi/sushi_0018.jpg,sushi,,train,no
data/food101_subset/sushi/sushi_0128.jpg,sushi,,train,no
data/food101_subset/sushi/sushi_0323.jpg,sushi,,train,no
data/food101_subset/sushi/sushi_0256.jpg,sushi,,train,no
data/food101_subset/sushi/sushi_0658.jpg,sushi,,train,no
data/food101_subset/sushi/sushi_0965.jpg,sushi,,train,no
data/food101_subset/sushi/sushi_0191.jpg,sushi,,train,no
data/food101_subset/sushi/sushi_0116.jpg,sushi,,train,no
data/food101_subset/sushi/sushi_0617.jpg,sushi,,train,no
data/food101_subset/sushi/sushi_0607.jpg,sushi,,train,no
data/food101_subset/sushi/sushi_0181.jpg,sushi,,train,no
data/food101_subset/sushi/sushi_0302.jpg,sushi,,train,no
data/food101_subset/sushi/sushi_0760.jpg,sushi,,train,no
data/food101_subset/sushi/sushi_0713.jpg,sushi,,train,no
data/food101_subset/sushi/sushi_0724.jpg,sushi,,train,no
data/food101_subset/sushi/sushi_0686.jpg,sushi,,train,no
data/food101_subset/sushi/sushi_0980.jpg,sushi,,train,no
data/food101_subset/sushi/sushi_0518.jpg,sushi,,train,no
data/food101_subset/sushi/sushi_0985.jpg,sushi,,train,no
data/food101_subset/sushi/sushi_0046.jpg,sushi,,train,no
data/food101_subset/sushi/sushi_0910.jpg,sushi,,train,no
data/food101_subset/sushi/sushi_0158.jpg,sushi,,train,no
data/food101_subset/sushi/sushi_0852.jpg,sushi,,train,no
data/food101_subset/sushi/sushi_0172.jpg,sushi,,train,no
data/food101_subset/sushi/sushi_0017.jpg,sushi,,train,no
data/food101_subset/sushi/sushi_0512.jpg,sushi,,train,no
data/food101_subset/sushi/sushi_0049.jpg,sushi,,train,no
data/food101_subset/sushi/sushi_0972.jpg,sushi,,train,no
data/food101_subset/sushi/sushi_0941.jpg,sushi,,train,no
data/food101_subset/sushi/sushi_0516.jpg,sushi,,train,no
data/food101_subset/sushi/sushi_0953.jpg,sushi,,train,no
data/food101_subset/sushi/sushi_0481.jpg,sushi,,train,no
data/food101_subset/sushi/sushi_0284.jpg,sushi,,train,no
data/food101_subset/sushi/sushi_0719.jpg,sushi,,train,no
data/food101_subset/sushi/sushi_0878.jpg,sushi,,train,no
data/food101_subset/sushi/sushi_0226.jpg,sushi,,train,no
data/food101_subset/sushi/sushi_0027.jpg,sushi,,train,no
data/food101_subset/sushi/sushi_0955.jpg,sushi,,train,no
data/food101_subset/sushi/sushi_0438.jpg,sushi,,train,no
data/food101_subset/sushi/sushi_0952.jpg,sushi,,train,no
data/food101_subset/sushi/sushi_0365.jpg,sushi,,train,no
data/food101_subset/sushi/sushi_0230.jpg,sushi,,train,no
data/food101_subset/sushi/sushi_0038.jpg,sushi,,train,no
data/food101_subset/sushi/sushi_0966.jpg,sushi,,train,no
data/food101_subset/sushi/sushi_0375.jpg,sushi,,train,no
data/food101_subset/sushi/sushi_0470.jpg,sushi,,train,no
data/food101_subset/sushi/sushi_0968.jpg,sushi,,train,no
data/food101_subset/sushi/sushi_0851.jpg,sushi,,train,no
data/food101_subset/sushi/sushi_0705.jpg,sushi,,train,no
data/food101_subset/sushi/sushi_0842.jpg,sushi,,train,no
data/food101_subset/sushi/sushi_0195.jpg,sushi,,train,no
data/food101_subset/sushi/sushi_0855.jpg,sushi,,train,no
data/food101_subset/sushi/sushi_0865.jpg,sushi,,train,no
data/food101_subset/sushi/sushi_0504.jpg,sushi,,train,no
data/food101_subset/sushi/sushi_0970.jpg,sushi,,train,no
data/food101_subset/sushi/sushi_0831.jpg,sushi,,train,no
data/food101_subset/sushi/sushi_0580.jpg,sushi,,train,no
data/food101_subset/sushi/sushi_0969.jpg,sushi,,train,no
data/food101_subset/sushi/sushi_0163.jpg,sushi,,train,no
data/food101_subset/sushi/sushi_0909.jpg,sushi,,train,no
data/food101_subset/sushi/sushi_0153.jpg,sushi,,train,no
data/food101_subset/sushi/sushi_0802.jpg,sushi,,train,no
data/food101_subset/sushi/sushi_0994.jpg,sushi,,train,no
data/food101_subset/sushi/sushi_0756.jpg,sushi,,train,no
data/food101_subset/sushi/sushi_0112.jpg,sushi,,train,no
data/food101_subset/sushi/sushi_0227.jpg,sushi,,train,no
data/food101_subset/sushi/sushi_0689.jpg,sushi,,train,no
data/food101_subset/sushi/sushi_0104.jpg,sushi,,train,no
data/food101_subset/sushi/sushi_0422.jpg,sushi,,train,no
data/food101_subset/sushi/sushi_0420.jpg,sushi,,train,no
data/food101_subset/sushi/sushi_0751.jpg,sushi,,train,no
data/food101_subset/sushi/sushi_0587.jpg,sushi,,train,no
data/food101_subset/sushi/sushi_0781.jpg,sushi,,train,no
data/food101_subset/sushi/sushi_0673.jpg,sushi,,train,no
data/food101_subset/sushi/sushi_0120.jpg,sushi,,train,no
data/food101_subset/sushi/sushi_0054.jpg,sushi,,train,no
data/food101_subset/sushi/sushi_0152.jpg,sushi,,train,no
data/food101_subset/sushi/sushi_0404.jpg,sushi,,train,no
data/food101_subset/sushi/sushi_0946.jpg,sushi,,train,no
data/food101_subset/sushi/sushi_0208.jpg,sushi,,train,no
data/food101_subset/sushi/sushi_0659.jpg,sushi,,train,no
data/food101_subset/sushi/sushi_0844.jpg,sushi,,train,no
data/food101_subset/sushi/sushi_0763.jpg,sushi,,train,no
data/food101_subset/sushi/sushi_0009.jpg,sushi,,train,no
data/food101_subset/sushi/sushi_0808.jpg,sushi,,train,no
data/food101_subset/sushi/sushi_0037.jpg,sushi,,train,no
data/food101_subset/sushi/sushi_0453.jpg,sushi,,train,no
data/food101_subset/sushi/sushi_0652.jpg,sushi,,train,no
data/food101_subset/sushi/sushi_0254.jpg,sushi,,train,no
data/food101_subset/sushi/sushi_0304.jpg,sushi,,train,no
data/food101_subset/sushi/sushi_0747.jpg,sushi,,train,no
data/food101_subset/sushi/sushi_0572.jpg,sushi,,train,no
data/food101_subset/sushi/sushi_0624.jpg,sushi,,train,no
data/food101_subset/sushi/sushi_0733.jpg,sushi,,train,no
data/food101_subset/sushi/sushi_0892.jpg,sushi,,train,no
data/food101_subset/sushi/sushi_0263.jpg,sushi,,train,no
data/food101_subset/sushi/sushi_0611.jpg,sushi,,train,no
data/food101_subset/sushi/sushi_0298.jpg,sushi,,train,no
data/food101_subset/sushi/sushi_0415.jpg,sushi,,train,no
data/food101_subset/sushi/sushi_0151.jpg,sushi,,train,no
data/food101_subset/sushi/sushi_0789.jpg,sushi,,train,no
data/food101_subset/sushi/sushi_0641.jpg,sushi,,train,no
data/food101_subset/sushi/sushi_0890.jpg,sushi,,train,no
data/food101_subset/sushi/sushi_0551.jpg,sushi,,train,no
data/food101_subset/sushi/sushi_0887.jpg,sushi,,train,no
data/food101_subset/sushi/sushi_0489.jpg,sushi,,train,no
data/food101_subset/sushi/sushi_0148.jpg,sushi,,train,no
data/food101_subset/sushi/sushi_0147.jpg,sushi,,train,no
data/food101_subset/sushi/sushi_0721.jpg,sushi,,train,no
data/food101_subset/sushi/sushi_0932.jpg,sushi,,train,no
data/food101_subset/sushi/sushi_0740.jpg,sushi,,train,no
data/food101_subset/sushi/sushi_0660.jpg,sushi,,train,no
data/food101_subset/sushi/sushi_0349.jpg,sushi,,train,no
data/food101_subset/sushi/sushi_0464.jpg,sushi,,train,no
data/food101_subset/sushi/sushi_0326.jpg,sushi,,train,no
data/food101_subset/sushi/sushi_0187.jpg,sushi,,train,no
data/food101_subset/sushi/sushi_0124.jpg,sushi,,train,no
data/food101_subset/sushi/sushi_0854.jpg,sushi,,train,no
data/food101_subset/sushi/sushi_0609.jpg,sushi,,train,no
data/food101_subset/sushi/sushi_0144.jpg,sushi,,train,no
data/food101_subset/sushi/sushi_0959.jpg,sushi,,train,no
data/food101_subset/sushi/sushi_0198.jpg,sushi,,train,no
data/food101_subset/sushi/sushi_0610.jpg,sushi,,train,no
data/food101_subset/sushi/sushi_0280.jpg,sushi,,train,no
data/food101_subset/sushi/sushi_0294.jpg,sushi,,train,no
data/food101_subset/sushi/sushi_0401.jpg,sushi,,train,no
data/food101_subset/sushi/sushi_0123.jpg,sushi,,train,no
data/food101_subset/sushi/sushi_0184.jpg,sushi,,train,no
data/food101_subset/sushi/sushi_0203.jpg,sushi,,train,no
data/food101_subset/sushi/sushi_0439.jpg,sushi,,train,no
data/food101_subset/sushi/sushi_0247.jpg,sushi,,train,no
data/food101_subset/sushi/sushi_0416.jpg,sushi,,train,no
data/food101_subset/sushi/sushi_0933.jpg,sushi,,train,no
data/food101_subset/sushi/sushi_0766.jpg,sushi,,train,no
data/food101_subset/sushi/sushi_0907.jpg,sushi,,train,no
data/food101_subset/sushi/sushi_0836.jpg,sushi,,train,no
data/food101_subset/sushi/sushi_0888.jpg,sushi,,train,no
data/food101_subset/sushi/sushi_0130.jpg,sushi,,train,no
data/food101_subset/sushi/sushi_0638.jpg,sushi,,train,no
data/food101_subset/sushi/sushi_0403.jpg,sushi,,train,no
data/food101_subset/sushi/sushi_0785.jpg,sushi,,train,no
data/food101_subset/sushi/sushi_0771.jpg,sushi,,train,no
data/food101_subset/sushi/sushi_0736.jpg,sushi,,train,no
data/food101_subset/sushi/sushi_0914.jpg,sushi,,train,no
data/food101_subset/sushi/sushi_0220.jpg,sushi,,train,no
data/food101_subset/sushi/sushi_0642.jpg,sushi,,train,no
data/food101_subset/sushi/sushi_0916.jpg,sushi,,train,no
data/food101_subset/sushi/sushi_0753.jpg,sushi,,train,no
data/food101_subset/sushi/sushi_0807.jpg,sushi,,train,no
data/food101_subset/sushi/sushi_0920.jpg,sushi,,train,no
data/food101_subset/sushi/sushi_0625.jpg,sushi,,train,no
data/food101_subset/sushi/sushi_0875.jpg,sushi,,train,no
data/food101_subset/sushi/sushi_0761.jpg,sushi,,train,no
data/food101_subset/sushi/sushi_0387.jpg,sushi,,train,no
data/food101_subset/sushi/sushi_0973.jpg,sushi,,train,no
data/food101_subset/sushi/sushi_0510.jpg,sushi,,train,no
data/food101_subset/sushi/sushi_0268.jpg,sushi,,train,no
data/food101_subset/sushi/sushi_0820.jpg,sushi,,train,no
data/food101_subset/sushi/sushi_0442.jpg,sushi,,train,no
data/food101_subset/sushi/sushi_0497.jpg,sushi,,train,no
data/food101_subset/sushi/sushi_0113.jpg,sushi,,train,no
data/food101_subset/sushi/sushi_0692.jpg,sushi,,train,no
data/food101_subset/sushi/sushi_0233.jpg,sushi,,train,no
data/food101_subset/sushi/sushi_0870.jpg,sushi,,train,no
data/food101_subset/sushi/sushi_0608.jpg,sushi,,train,no
data/food101_subset/sushi/sushi_0672.jpg,sushi,,train,no
data/food101_subset/sushi/sushi_0374.jpg,sushi,,train,no
data/food101_subset/sushi/sushi_0982.jpg,sushi,,train,no
data/food101_subset/sushi/sushi_0843.jpg,sushi,,train,no
data/food101_subset/sushi/sushi_0234.jpg,sushi,,train,no
data/food101_subset/sushi/sushi_0786.jpg,sushi,,train,no
data/food101_subset/sushi/sushi_0677.jpg,sushi,,train,no
data/food101_subset/sushi/sushi_0318.jpg,sushi,,train,no
data/food101_subset/sushi/sushi_0649.jpg,sushi,,train,no
data/food101_subset/sushi/sushi_0411.jpg,sushi,,train,no
data/food101_subset/sushi/sushi_0899.jpg,sushi,,train,no
data/food101_subset/sushi/sushi_0710.jpg,sushi,,train,no
data/food101_subset/sushi/sushi_0359.jpg,sushi,,train,no
data/food101_subset/sushi/sushi_0259.jpg,sushi,,train,no
data/food101_subset/sushi/sushi_0745.jpg,sushi,,train,no
data/food101_subset/sushi/sushi_0628.jpg,sushi,,train,no
data/food101_subset/sushi/sushi_0633.jpg,sushi,,train,no
data/food101_subset/sushi/sushi_0283.jpg,sushi,,train,no
data/food101_subset/sushi/sushi_0377.jpg,sushi,,train,no
data/food101_subset/sushi/sushi_0385.jpg,sushi,,train,no
data/food101_subset/sushi/sushi_0225.jpg,sushi,,train,no
data/food101_subset/sushi/sushi_0954.jpg,sushi,,train,no
data/food101_subset/sushi/sushi_0815.jpg,sushi,,train,no
data/food101_subset/sushi/sushi_0473.jpg,sushi,,train,no
data/food101_subset/sushi/sushi_0348.jpg,sushi,,train,no
data/food101_subset/sushi/sushi_0506.jpg,sushi,,train,no
data/food101_subset/sushi/sushi_0640.jpg,sushi,,train,no
data/food101_subset/sushi/sushi_0988.jpg,sushi,,train,no
data/food101_subset/sushi/sushi_0929.jpg,sushi,,train,no
data/food101_subset/sushi/sushi_0906.jpg,sushi,,train,no
data/food101_subset/sushi/sushi_0620.jpg,sushi,,train,no
data/food101_subset/sushi/sushi_0856.jpg,sushi,,train,no
data/food101_subset/sushi/sushi_0804.jpg,sushi,,train,no
data/food101_subset/sushi/sushi_0646.jpg,sushi,,train,no
data/food101_subset/sushi/sushi_0847.jpg,sushi,,train,no
data/food101_subset/sushi/sushi_0557.jpg,sushi,,val,no
data/food101_subset/sushi/sushi_0958.jpg,sushi,,val,no
data/food101_subset/sushi/sushi_0578.jpg,sushi,,val,no
data/food101_subset/sushi/sushi_0796.jpg,sushi,,val,no
data/food101_subset/sushi/sushi_0086.jpg,sushi,,val,no
data/food101_subset/sushi/sushi_0243.jpg,sushi,,val,no
data/food101_subset/sushi/sushi_0699.jpg,sushi,,val,no
data/food101_subset/sushi/sushi_0160.jpg,sushi,,val,no
data/food101_subset/sushi/sushi_0525.jpg,sushi,,val,no
data/food101_subset/sushi/sushi_0036.jpg,sushi,,val,no
data/food101_subset/sushi/sushi_0541.jpg,sushi,,val,no
data/food101_subset/sushi/sushi_0171.jpg,sushi,,val,no
data/food101_subset/sushi/sushi_0655.jpg,sushi,,val,no
data/food101_subset/sushi/sushi_0891.jpg,sushi,,val,no
data/food101_subset/sushi/sushi_0858.jpg,sushi,,val,no
data/food101_subset/sushi/sushi_0848.jpg,sushi,,val,no
data/food101_subset/sushi/sushi_0945.jpg,sushi,,val,no
data/food101_subset/sushi/sushi_0734.jpg,sushi,,val,no
data/food101_subset/sushi/sushi_0096.jpg,sushi,,val,no
data/food101_subset/sushi/sushi_0564.jpg,sushi,,val,no
data/food101_subset/sushi/sushi_0241.jpg,sushi,,val,no
data/food101_subset/sushi/sushi_0743.jpg,sushi,,val,no
data/food101_subset/sushi/sushi_0575.jpg,sushi,,val,no
data/food101_subset/sushi/sushi_0691.jpg,sushi,,val,no
data/food101_subset/sushi/sushi_0461.jpg,sushi,,val,no
data/food101_subset/sushi/sushi_0554.jpg,sushi,,val,no
data/food101_subset/sushi/sushi_0889.jpg,sushi,,val,no
data/food101_subset/sushi/sushi_0207.jpg,sushi,,val,no
data/food101_subset/sushi/sushi_0393.jpg,sushi,,val,no
data/food101_subset/sushi/sushi_0795.jpg,sushi,,val,no
data/food101_subset/sushi/sushi_0398.jpg,sushi,,val,no
data/food101_subset/sushi/sushi_0767.jpg,sushi,,val,no
data/food101_subset/sushi/sushi_0849.jpg,sushi,,val,no
data/food101_subset/sushi/sushi_0218.jpg,sushi,,val,no
data/food101_subset/sushi/sushi_0005.jpg,sushi,,val,no
data/food101_subset/sushi/sushi_0769.jpg,sushi,,val,no
data/food101_subset/sushi/sushi_0643.jpg,sushi,,val,no
data/food101_subset/sushi/sushi_0930.jpg,sushi,,val,no
data/food101_subset/sushi/sushi_0613.jpg,sushi,,val,no
data/food101_subset/sushi/sushi_0739.jpg,sushi,,val,no
data/food101_subset/sushi/sushi_0547.jpg,sushi,,val,no
data/food101_subset/sushi/sushi_0726.jpg,sushi,,val,no
data/food101_subset/sushi/sushi_0684.jpg,sushi,,val,no
data/food101_subset/sushi/sushi_0099.jpg,sushi,,val,no
data/food101_subset/sushi/sushi_0805.jpg,sushi,,val,no
data/food101_subset/sushi/sushi_0728.jpg,sushi,,val,no
data/food101_subset/sushi/sushi_0574.jpg,sushi,,val,no
data/food101_subset/sushi/sushi_0407.jpg,sushi,,val,no
data/food101_subset/sushi/sushi_0503.jpg,sushi,,val,no
data/food101_subset/sushi/sushi_0048.jpg,sushi,,val,no
data/food101_subset/sushi/sushi_0033.jpg,sushi,,val,no
data/food101_subset/sushi/sushi_0780.jpg,sushi,,val,no
data/food101_subset/sushi/sushi_0840.jpg,sushi,,val,no
data/food101_subset/sushi/sushi_0201.jpg,sushi,,val,no
data/food101_subset/sushi/sushi_0135.jpg,sushi,,val,no
data/food101_subset/sushi/sushi_0028.jpg,sushi,,val,no
data/food101_subset/sushi/sushi_0881.jpg,sushi,,val,no
data/food101_subset/sushi/sushi_0231.jpg,sushi,,val,no
data/food101_subset/sushi/sushi_0490.jpg,sushi,,val,no
data/food101_subset/sushi/sushi_0773.jpg,sushi,,val,no
data/food101_subset/sushi/sushi_0379.jpg,sushi,,val,no
data/food101_subset/sushi/sushi_0289.jpg,sushi,,val,no
data/food101_subset/sushi/sushi_0419.jpg,sushi,,val,no
data/food101_subset/sushi/sushi_0675.jpg,sushi,,val,no
data/food101_subset/sushi/sushi_0392.jpg,sushi,,val,no
data/food101_subset/sushi/sushi_0593.jpg,sushi,,val,no
data/food101_subset/sushi/sushi_0499.jpg,sushi,,val,no
data/food101_subset/sushi/sushi_0139.jpg,sushi,,val,no
data/food101_subset/sushi/sushi_0063.jpg,sushi,,val,no
data/food101_subset/sushi/sushi_0472.jpg,sushi,,val,no
data/food101_subset/sushi/sushi_0648.jpg,sushi,,val,no
data/food101_subset/sushi/sushi_0129.jpg,sushi,,val,no
data/food101_subset/sushi/sushi_0977.jpg,sushi,,val,no
data/food101_subset/sushi/sushi_0521.jpg,sushi,,val,no
data/food101_subset/sushi/sushi_0839.jpg,sushi,,val,no
data/food101_subset/sushi/sushi_0963.jpg,sushi,,val,no
data/food101_subset/sushi/sushi_0065.jpg,sushi,,val,no
data/food101_subset/sushi/sushi_0813.jpg,sushi,,val,no
data/food101_subset/sushi/sushi_0015.jpg,sushi,,val,no
data/food101_subset/sushi/sushi_0157.jpg,sushi,,val,no
data/food101_subset/sushi/sushi_0041.jpg,sushi,,val,no
data/food101_subset/sushi/sushi_0493.jpg,sushi,,val,no
data/food101_subset/sushi/sushi_0380.jpg,sushi,,val,no
data/food101_subset/sushi/sushi_0188.jpg,sushi,,val,no
data/food101_subset/sushi/sushi_0764.jpg,sushi,,val,no
data/food101_subset/sushi/sushi_0217.jpg,sushi,,val,no
data/food101_subset/sushi/sushi_0792.jpg,sushi,,val,no
data/food101_subset/sushi/sushi_0053.jpg,sushi,,val,no
data/food101_subset/sushi/sushi_0879.jpg,sushi,,val,no
data/food101_subset/sushi/sushi_0338.jpg,sushi,,val,no
data/food101_subset/sushi/sushi_0749.jpg,sushi,,val,no
data/food101_subset/sushi/sushi_0720.jpg,sushi,,val,no
data/food101_subset/sushi/sushi_0725.jpg,sushi,,val,no
data/food101_subset/sushi/sushi_0296.jpg,sushi,,val,no
data/food101_subset/sushi/sushi_0702.jpg,sushi,,val,no
data/food101_subset/sushi/sushi_0252.jpg,sushi,,val,no
data/food101_subset/sushi/sushi_0727.jpg,sushi,,val,no
data/food101_subset/sushi/sushi_0462.jpg,sushi,,val,no
data/food101_subset/sushi/sushi_0456.jpg,sushi,,val,no
data/food101_subset/sushi/sushi_0997.jpg,sushi,,val,no
data/food101_subset/sushi/sushi_0816.jpg,sushi,,test,no
data/food101_subset/sushi/sushi_0863.jpg,sushi,,test,no
data/food101_subset/sushi/sushi_0270.jpg,sushi,,test,no
data/food101_subset/sushi/sushi_0202.jpg,sushi,,test,no
data/food101_subset/sushi/sushi_0162.jpg,sushi,,test,no
data/food101_subset/sushi/sushi_0556.jpg,sushi,,test,no
data/food101_subset/sushi/sushi_0730.jpg,sushi,,test,no
data/food101_subset/sushi/sushi_0402.jpg,sushi,,test,no
data/food101_subset/sushi/sushi_0703.jpg,sushi,,test,no
data/food101_subset/sushi/sushi_0477.jpg,sushi,,test,no
data/food101_subset/sushi/sushi_0822.jpg,sushi,,test,no
data/food101_subset/sushi/sushi_0772.jpg,sushi,,test,no
data/food101_subset/sushi/sushi_0106.jpg,sushi,,test,no
data/food101_subset/sushi/sushi_0566.jpg,sushi,,test,no
data/food101_subset/sushi/sushi_0390.jpg,sushi,,test,no
data/food101_subset/sushi/sushi_0002.jpg,sushi,,test,no
data/food101_subset/sushi/sushi_0938.jpg,sushi,,test,no
data/food101_subset/sushi/sushi_0983.jpg,sushi,,test,no
data/food101_subset/sushi/sushi_0562.jpg,sushi,,test,no
data/food101_subset/sushi/sushi_0081.jpg,sushi,,test,no
data/food101_subset/sushi/sushi_0206.jpg,sushi,,test,no
data/food101_subset/sushi/sushi_0035.jpg,sushi,,test,no
data/food101_subset/sushi/sushi_0776.jpg,sushi,,test,no
data/food101_subset/sushi/sushi_0509.jpg,sushi,,test,no
data/food101_subset/sushi/sushi_0428.jpg,sushi,,test,no
data/food101_subset/sushi/sushi_0455.jpg,sushi,,test,no
data/food101_subset/sushi/sushi_0367.jpg,sushi,,test,no
data/food101_subset/sushi/sushi_0092.jpg,sushi,,test,no
data/food101_subset/sushi/sushi_0340.jpg,sushi,,test,no
data/food101_subset/sushi/sushi_0898.jpg,sushi,,test,no
data/food101_subset/sushi/sushi_0565.jpg,sushi,,test,no
data/food101_subset/sushi/sushi_0346.jpg,sushi,,test,no
data/food101_subset/sushi/sushi_0777.jpg,sushi,,test,no
data/food101_subset/sushi/sushi_0242.jpg,sushi,,test,no
data/food101_subset/sushi/sushi_0014.jpg,sushi,,test,no
data/food101_subset/sushi/sushi_0316.jpg,sushi,,test,no
data/food101_subset/sushi/sushi_0601.jpg,sushi,,test,no
data/food101_subset/sushi/sushi_0388.jpg,sushi,,test,no
data/food101_subset/sushi/sushi_0274.jpg,sushi,,test,no
data/food101_subset/sushi/sushi_0167.jpg,sushi,,test,no
data/food101_subset/sushi/sushi_0841.jpg,sushi,,test,no
data/food101_subset/sushi/sushi_0993.jpg,sushi,,test,no
data/food101_subset/sushi/sushi_0647.jpg,sushi,,test,no
data/food101_subset/sushi/sushi_0819.jpg,sushi,,test,no
data/food101_subset/sushi/sushi_0485.jpg,sushi,,test,no
data/food101_subset/sushi/sushi_0981.jpg,sushi,,test,no
data/food101_subset/sushi/sushi_0505.jpg,sushi,,test,no
data/food101_subset/sushi/sushi_0832.jpg,sushi,,test,no
data/food101_subset/sushi/sushi_0244.jpg,sushi,,test,no
data/food101_subset/sushi/sushi_0567.jpg,sushi,,test,no
data/food101_subset/sushi/sushi_0876.jpg,sushi,,test,no
data/food101_subset/sushi/sushi_0563.jpg,sushi,,test,no
data/food101_subset/sushi/sushi_0687.jpg,sushi,,test,no
data/food101_subset/sushi/sushi_0190.jpg,sushi,,test,no
data/food101_subset/sushi/sushi_0783.jpg,sushi,,test,no
data/food101_subset/sushi/sushi_0700.jpg,sushi,,test,no
data/food101_subset/sushi/sushi_0476.jpg,sushi,,test,no
data/food101_subset/sushi/sushi_0682.jpg,sushi,,test,no
data/food101_subset/sushi/sushi_0511.jpg,sushi,,test,no
data/food101_subset/sushi/sushi_0059.jpg,sushi,,test,no
data/food101_subset/sushi/sushi_0475.jpg,sushi,,test,no
data/food101_subset/sushi/sushi_0561.jpg,sushi,,test,no
data/food101_subset/sushi/sushi_0857.jpg,sushi,,test,no
data/food101_subset/sushi/sushi_0748.jpg,sushi,,test,no
data/food101_subset/sushi/sushi_0253.jpg,sushi,,test,no
data/food101_subset/sushi/sushi_0022.jpg,sushi,,test,no
data/food101_subset/sushi/sushi_0314.jpg,sushi,,test,no
data/food101_subset/sushi/sushi_0460.jpg,sushi,,test,no
data/food101_subset/sushi/sushi_0161.jpg,sushi,,test,no
data/food101_subset/sushi/sushi_0277.jpg,sushi,,test,no
data/food101_subset/sushi/sushi_0956.jpg,sushi,,test,no
data/food101_subset/sushi/sushi_0192.jpg,sushi,,test,no
data/food101_subset/sushi/sushi_0386.jpg,sushi,,test,no
data/food101_subset/sushi/sushi_0806.jpg,sushi,,test,no
data/food101_subset/sushi/sushi_0414.jpg,sushi,,test,no
data/food101_subset/sushi/sushi_0492.jpg,sushi,,test,no
data/food101_subset/sushi/sushi_0344.jpg,sushi,,test,no
data/food101_subset/sushi/sushi_0770.jpg,sushi,,test,no
data/food101_subset/sushi/sushi_0309.jpg,sushi,,test,no
data/food101_subset/sushi/sushi_0662.jpg,sushi,,test,no
data/food101_subset/sushi/sushi_0131.jpg,sushi,,test,no
data/food101_subset/sushi/sushi_0664.jpg,sushi,,test,no
data/food101_subset/sushi/sushi_0872.jpg,sushi,,test,no
data/food101_subset/sushi/sushi_0100.jpg,sushi,,test,no
data/food101_subset/sushi/sushi_0373.jpg,sushi,,test,no
data/food101_subset/sushi/sushi_0088.jpg,sushi,,test,no
data/food101_subset/sushi/sushi_0459.jpg,sushi,,test,no
data/food101_subset/sushi/sushi_0331.jpg,sushi,,test,no
data/food101_subset/sushi/sushi_0215.jpg,sushi,,test,no
data/food101_subset/sushi/sushi_0467.jpg,sushi,,test,no
data/food101_subset/sushi/sushi_0122.jpg,sushi,,test,no
data/food101_subset/sushi/sushi_0615.jpg,sushi,,test,no
data/food101_subset/sushi/sushi_0021.jpg,sushi,,test,no
data/food101_subset/sushi/sushi_0701.jpg,sushi,,test,no
data/food101_subset/sushi/sushi_0072.jpg,sushi,,test,no
data/food101_subset/sushi/sushi_0107.jpg,sushi,,test,no
data/food101_subset/sushi/sushi_0271.jpg,sushi,,test,no
data/food101_subset/sushi/sushi_0861.jpg,sushi,,test,no
data/food101_subset/sushi/sushi_0436.jpg,sushi,,test,no
data/food101_subset/sushi/sushi_0103.jpg,sushi,,test,no
