image_path,food_label,portion_label,split,use_for_portion,labeling_batch
data/food101_subset/burger/burger_0667.jpg,burger,large,train,yes,initial_500
data/food101_subset/burger/burger_0130.jpg,burger,medium,train,yes,initial_500
data/food101_subset/burger/burger_0785.jpg,burger,medium,train,yes,initial_500
data/food101_subset/burger/burger_0153.jpg,burger,large,train,yes,initial_500
data/food101_subset/burger/burger_0921.jpg,burger,small,train,yes,initial_500
data/food101_subset/burger/burger_0946.jpg,burger,medium,train,yes,initial_500
data/food101_subset/burger/burger_0049.jpg,burger,large,train,yes,initial_500
data/food101_subset/burger/burger_0016.jpg,burger,large,train,yes,initial_500
data/food101_subset/burger/burger_0773.jpg,burger,large,val,yes,initial_500
data/food101_subset/burger/burger_0121.jpg,burger,small,train,yes,initial_500
data/food101_subset/burger/burger_0171.jpg,burger,small,val,yes,initial_500
data/food101_subset/burger/burger_0653.jpg,burger,medium,train,yes,initial_500
data/food101_subset/burger/burger_0027.jpg,burger,large,train,yes,initial_500
data/food101_subset/burger/burger_0806.jpg,burger,medium,test,yes,initial_500
data/food101_subset/burger/burger_0274.jpg,burger,medium,test,yes,initial_500
data/food101_subset/burger/burger_0997.jpg,burger,small,val,yes,initial_500
data/food101_subset/burger/burger_0588.jpg,burger,medium,train,yes,initial_500
data/food101_subset/burger/burger_0188.jpg,burger,large,val,yes,initial_500
data/food101_subset/burger/burger_0692.jpg,burger,medium,train,yes,initial_500
data/food101_subset/burger/burger_0213.jpg,burger,small,train,yes,initial_500
data/food101_subset/burger/burger_0127.jpg,burger,large,train,yes,initial_500
data/food101_subset/burger/burger_0487.jpg,burger,medium,train,yes,initial_500
data/food101_subset/burger/burger_0706.jpg,burger,medium,train,yes,initial_500
data/food101_subset/burger/burger_0204.jpg,burger,large,train,yes,initial_500
data/food101_subset/burger/burger_0032.jpg,burger,large,train,yes,initial_500
data/food101_subset/burger/burger_0352.jpg,burger,large,train,yes,initial_500
data/food101_subset/burger/burger_0459.jpg,burger,small,test,yes,initial_500
data/food101_subset/burger/burger_0270.jpg,burger,medium,test,yes,initial_500
data/food101_subset/burger/burger_0832.jpg,burger,medium,test,yes,initial_500
data/food101_subset/burger/burger_0553.jpg,burger,large,train,yes,initial_500
data/food101_subset/burger/burger_0073.jpg,burger,small,train,yes,initial_500
data/food101_subset/burger/burger_0158.jpg,burger,medium,train,yes,initial_500
data/food101_subset/burger/burger_0883.jpg,burger,large,train,yes,initial_500
data/food101_subset/burger/burger_0170.jpg,burger,small,train,yes,initial_500
data/food101_subset/burger/burger_0614.jpg,burger,large,train,yes,initial_500
data/food101_subset/burger/burger_0652.jpg,burger,medium,train,yes,initial_500
data/food101_subset/burger/burger_0809.jpg,burger,large,train,yes,initial_500
data/food101_subset/burger/burger_0863.jpg,burger,large,test,yes,initial_500
data/food101_subset/burger/burger_0821.jpg,burger,small,train,yes,initial_500
data/food101_subset/burger/burger_0712.jpg,burger,small,train,yes,initial_500
data/food101_subset/burger/burger_0765.jpg,burger,medium,train,yes,initial_500
data/food101_subset/burger/burger_0582.jpg,burger,medium,train,yes,initial_500
data/food101_subset/burger/burger_0414.jpg,burger,small,test,yes,initial_500
data/food101_subset/burger/burger_0156.jpg,burger,medium,train,yes,initial_500
data/food101_subset/burger/burger_0604.jpg,burger,medium,train,yes,initial_500
data/food101_subset/burger/burger_0428.jpg,burger,small,test,yes,initial_500
data/food101_subset/burger/burger_0128.jpg,burger,small,train,yes,initial_500
data/food101_subset/burger/burger_0616.jpg,burger,medium,train,yes,initial_500
data/food101_subset/burger/burger_0930.jpg,burger,large,val,yes,initial_500
data/food101_subset/burger/burger_0150.jpg,burger,medium,train,yes,initial_500
data/food101_subset/burger/burger_0157.jpg,burger,medium,val,yes,initial_500
data/food101_subset/burger/burger_0466.jpg,burger,small,train,yes,initial_500
data/food101_subset/burger/burger_0400.jpg,burger,small,train,yes,initial_500
data/food101_subset/burger/burger_0528.jpg,burger,medium,train,yes,initial_500
data/food101_subset/burger/burger_0347.jpg,burger,large,train,yes,initial_500
data/food101_subset/burger/burger_0518.jpg,burger,medium,train,yes,initial_500
data/food101_subset/burger/burger_0812.jpg,burger,medium,train,yes,initial_500
data/food101_subset/burger/burger_0735.jpg,burger,large,train,yes,initial_500
data/food101_subset/burger/burger_0241.jpg,burger,large,val,yes,initial_500
data/food101_subset/burger/burger_0936.jpg,burger,medium,train,yes,initial_500
data/food101_subset/burger/burger_0024.jpg,burger,large,train,yes,initial_500
data/food101_subset/burger/burger_0237.jpg,burger,small,train,yes,initial_500
data/food101_subset/burger/burger_0825.jpg,burger,medium,train,yes,initial_500
data/food101_subset/burger/burger_0658.jpg,burger,large,train,yes,initial_500
data/food101_subset/burger/burger_0624.jpg,burger,small,train,yes,initial_500
data/food101_subset/burger/burger_0994.jpg,burger,medium,train,yes,initial_500
data/food101_subset/burger/burger_0499.jpg,burger,large,val,yes,initial_500
data/food101_subset/burger/burger_0108.jpg,burger,large,train,yes,initial_500
data/food101_subset/burger/burger_0488.jpg,burger,medium,train,yes,initial_500
data/food101_subset/burger/burger_0960.jpg,burger,medium,train,yes,initial_500
data/food101_subset/burger/burger_0101.jpg,burger,small,train,yes,initial_500
data/food101_subset/burger/burger_0246.jpg,burger,small,train,yes,initial_500
data/food101_subset/burger/burger_0771.jpg,burger,small,train,yes,initial_500
data/food101_subset/burger/burger_0502.jpg,burger,medium,train,yes,initial_500
data/food101_subset/burger/burger_0951.jpg,burger,medium,train,yes,initial_500
data/food101_subset/burger/burger_0865.jpg,burger,small,train,yes,initial_500
data/food101_subset/burger/burger_0060.jpg,burger,small,train,yes,initial_500
data/food101_subset/burger/burger_0577.jpg,burger,small,train,yes,initial_500
data/food101_subset/burger/burger_0208.jpg,burger,medium,train,yes,initial_500
data/food101_subset/burger/burger_0663.jpg,burger,small,train,yes,initial_500
data/food101_subset/burger/burger_0010.jpg,burger,large,train,yes,initial_500
data/food101_subset/burger/burger_0867.jpg,burger,large,train,yes,initial_500
data/food101_subset/burger/burger_0729.jpg,burger,medium,train,yes,initial_500
data/food101_subset/burger/burger_0592.jpg,burger,medium,train,yes,initial_500
data/food101_subset/burger/burger_0436.jpg,burger,large,test,yes,initial_500
data/food101_subset/burger/burger_0326.jpg,burger,small,train,yes,initial_500
data/food101_subset/burger/burger_0387.jpg,burger,medium,train,yes,initial_500
data/food101_subset/burger/burger_0486.jpg,burger,small,train,yes,initial_500
data/food101_subset/burger/burger_0793.jpg,burger,medium,train,yes,initial_500
data/food101_subset/burger/burger_0874.jpg,burger,large,train,yes,initial_500
data/food101_subset/burger/burger_0862.jpg,burger,small,train,yes,initial_500
data/food101_subset/burger/burger_0908.jpg,burger,medium,train,yes,initial_500
data/food101_subset/burger/burger_0815.jpg,burger,large,train,yes,initial_500
data/food101_subset/burger/burger_0183.jpg,burger,small,train,yes,initial_500
data/food101_subset/burger/burger_0608.jpg,burger,large,train,yes,initial_500
data/food101_subset/burger/burger_0754.jpg,burger,medium,train,yes,initial_500
data/food101_subset/burger/burger_0210.jpg,burger,large,train,yes,initial_500
data/food101_subset/burger/burger_0889.jpg,burger,medium,val,yes,initial_500
data/food101_subset/pasta/pasta_0667.jpg,pasta,small,train,yes,initial_500
data/food101_subset/pasta/pasta_0130.jpg,pasta,medium,train,yes,initial_500
data/food101_subset/pasta/pasta_0785.jpg,pasta,small,train,yes,initial_500
data/food101_subset/pasta/pasta_0153.jpg,pasta,small,train,yes,initial_500
data/food101_subset/pasta/pasta_0921.jpg,pasta,large,train,yes,initial_500
data/food101_subset/pasta/pasta_0946.jpg,pasta,medium,train,yes,initial_500
data/food101_subset/pasta/pasta_0049.jpg,pasta,large,train,yes,initial_500
data/food101_subset/pasta/pasta_0016.jpg,pasta,medium,train,yes,initial_500
data/food101_subset/pasta/pasta_0773.jpg,pasta,small,val,yes,initial_500
data/food101_subset/pasta/pasta_0121.jpg,pasta,large,train,yes,initial_500
data/food101_subset/pasta/pasta_0171.jpg,pasta,large,val,yes,initial_500
data/food101_subset/pasta/pasta_0653.jpg,pasta,small,train,yes,initial_500
data/food101_subset/pasta/pasta_0027.jpg,pasta,medium,train,yes,initial_500
data/food101_subset/pasta/pasta_0806.jpg,pasta,small,test,yes,initial_500
data/food101_subset/pasta/pasta_0274.jpg,pasta,large,test,yes,initial_500
data/food101_subset/pasta/pasta_0997.jpg,pasta,small,val,yes,initial_500
data/food101_subset/pasta/pasta_0588.jpg,pasta,small,train,yes,initial_500
data/food101_subset/pasta/pasta_0188.jpg,pasta,medium,val,yes,initial_500
data/food101_subset/pasta/pasta_0692.jpg,pasta,large,train,yes,initial_500
data/food101_subset/pasta/pasta_0213.jpg,pasta,small,train,yes,initial_500
data/food101_subset/pasta/pasta_0127.jpg,pasta,medium,train,yes,initial_500
data/food101_subset/pasta/pasta_0487.jpg,pasta,small,train,yes,initial_500
data/food101_subset/pasta/pasta_0706.jpg,pasta,large,train,yes,initial_500
data/food101_subset/pasta/pasta_0204.jpg,pasta,small,train,yes,initial_500
data/food101_subset/pasta/pasta_0066.jpg,pasta,small,train,yes,initial_500
data/food101_subset/pasta/pasta_0032.jpg,pasta,medium,train,yes,initial_500
data/food101_subset/pasta/pasta_0352.jpg,pasta,small,train,yes,initial_500
data/food101_subset/pasta/pasta_0459.jpg,pasta,medium,test,yes,initial_500
data/food101_subset/pasta/pasta_0270.jpg,pasta,small,test,yes,initial_500
data/food101_subset/pasta/pasta_0832.jpg,pasta,large,test,yes,initial_500
data/food101_subset/pasta/pasta_0553.jpg,pasta,large,train,yes,initial_500
data/food101_subset/pasta/pasta_0073.jpg,pasta,medium,train,yes,initial_500
data/food101_subset/pasta/pasta_0158.jpg,pasta,large,train,yes,initial_500
data/food101_subset/pasta/pasta_0883.jpg,pasta,medium,train,yes,initial_500
data/food101_subset/pasta/pasta_0170.jpg,pasta,large,train,yes,initial_500
data/food101_subset/pasta/pasta_0614.jpg,pasta,medium,train,yes,initial_500
data/food101_subset/pasta/pasta_0652.jpg,pasta,large,train,yes,initial_500
data/food101_subset/pasta/pasta_0809.jpg,pasta,large,train,yes,initial_500
data/food101_subset/pasta/pasta_0863.jpg,pasta,medium,test,yes,initial_500
data/food101_subset/pasta/pasta_0821.jpg,pasta,small,train,yes,initial_500
data/food101_subset/pasta/pasta_0712.jpg,pasta,small,train,yes,initial_500
data/food101_subset/pasta/pasta_0765.jpg,pasta,medium,train,yes,initial_500
data/food101_subset/pasta/pasta_0582.jpg,pasta,large,train,yes,initial_500
data/food101_subset/pasta/pasta_0414.jpg,pasta,large,test,yes,initial_500
data/food101_subset/pasta/pasta_0156.jpg,pasta,large,train,yes,initial_500
data/food101_subset/pasta/pasta_0604.jpg,pasta,medium,train,yes,initial_500
data/food101_subset/pasta/pasta_0428.jpg,pasta,small,test,yes,initial_500
data/food101_subset/pasta/pasta_0128.jpg,pasta,large,train,yes,initial_500
data/food101_subset/pasta/pasta_0616.jpg,pasta,medium,train,yes,initial_500
data/food101_subset/pasta/pasta_0930.jpg,pasta,large,val,yes,initial_500
data/food101_subset/pasta/pasta_0150.jpg,pasta,small,train,yes,initial_500
data/food101_subset/pasta/pasta_0157.jpg,pasta,large,val,yes,initial_500
data/food101_subset/pasta/pasta_0466.jpg,pasta,medium,train,yes,initial_500
data/food101_subset/pasta/pasta_0400.jpg,pasta,small,train,yes,initial_500
data/food101_subset/pasta/pasta_0528.jpg,pasta,small,train,yes,initial_500
data/food101_subset/pasta/pasta_0347.jpg,pasta,medium,train,yes,initial_500
data/food101_subset/pasta/pasta_0518.jpg,pasta,large,train,yes,initial_500
data/food101_subset/pasta/pasta_0812.jpg,pasta,small,train,yes,initial_500
data/food101_subset/pasta/pasta_0735.jpg,pasta,medium,train,yes,initial_500
data/food101_subset/pasta/pasta_0241.jpg,pasta,medium,val,yes,initial_500
data/food101_subset/pasta/pasta_0936.jpg,pasta,small,train,yes,initial_500
data/food101_subset/pasta/pasta_0024.jpg,pasta,medium,train,yes,initial_500
data/food101_subset/pasta/pasta_0237.jpg,pasta,small,train,yes,initial_500
data/food101_subset/pasta/pasta_0825.jpg,pasta,large,train,yes,initial_500
data/food101_subset/pasta/pasta_0658.jpg,pasta,medium,train,yes,initial_500
data/food101_subset/pasta/pasta_0624.jpg,pasta,medium,train,yes,initial_500
data/food101_subset/pasta/pasta_0994.jpg,pasta,large,train,yes,initial_500
data/food101_subset/pasta/pasta_0499.jpg,pasta,small,val,yes,initial_500
data/food101_subset/pasta/pasta_0108.jpg,pasta,medium,train,yes,initial_500
data/food101_subset/pasta/pasta_0488.jpg,pasta,large,train,yes,initial_500
data/food101_subset/pasta/pasta_0960.jpg,pasta,medium,train,yes,initial_500
data/food101_subset/pasta/pasta_0101.jpg,pasta,large,train,yes,initial_500
data/food101_subset/pasta/pasta_0246.jpg,pasta,large,train,yes,initial_500
data/food101_subset/pasta/pasta_0771.jpg,pasta,large,train,yes,initial_500
data/food101_subset/pasta/pasta_0502.jpg,pasta,large,train,yes,initial_500
data/food101_subset/pasta/pasta_0951.jpg,pasta,small,train,yes,initial_500
data/food101_subset/pasta/pasta_0865.jpg,pasta,medium,train,yes,initial_500
data/food101_subset/pasta/pasta_0060.jpg,pasta,medium,train,yes,initial_500
data/food101_subset/pasta/pasta_0176.jpg,pasta,medium,train,yes,initial_500
data/food101_subset/pasta/pasta_0577.jpg,pasta,small,train,yes,initial_500
data/food101_subset/pasta/pasta_0208.jpg,pasta,medium,train,yes,initial_500
data/food101_subset/pasta/pasta_0663.jpg,pasta,small,train,yes,initial_500
data/food101_subset/pasta/pasta_0010.jpg,pasta,medium,train,yes,initial_500
data/food101_subset/pasta/pasta_0867.jpg,pasta,small,train,yes,initial_500
data/food101_subset/pasta/pasta_0729.jpg,pasta,medium,train,yes,initial_500
data/food101_subset/pasta/pasta_0592.jpg,pasta,large,train,yes,initial_500
data/food101_subset/pasta/pasta_0436.jpg,pasta,large,test,yes,initial_500
data/food101_subset/pasta/pasta_0326.jpg,pasta,small,train,yes,initial_500
data/food101_subset/pasta/pasta_0387.jpg,pasta,medium,train,yes,initial_500
data/food101_subset/pasta/pasta_0486.jpg,pasta,medium,train,yes,initial_500
data/food101_subset/pasta/pasta_0793.jpg,pasta,large,train,yes,initial_500
data/food101_subset/pasta/pasta_0874.jpg,pasta,large,train,yes,initial_500
data/food101_subset/pasta/pasta_0862.jpg,pasta,medium,train,yes,initial_500
data/food101_subset/pasta/pasta_0908.jpg,pasta,small,train,yes,initial_500
data/food101_subset/pasta/pasta_0815.jpg,pasta,small,train,yes,initial_500
data/food101_subset/pasta/pasta_0183.jpg,pasta,small,train,yes,initial_500
data/food101_subset/pasta/pasta_0608.jpg,pasta,medium,train,yes,initial_500
data/food101_subset/pasta/pasta_0754.jpg,pasta,large,train,yes,initial_500
data/food101_subset/pasta/pasta_0210.jpg,pasta,large,train,yes,initial_500
data/food101_subset/pasta/pasta_0889.jpg,pasta,medium,val,yes,initial_500
data/food101_subset/pizza/pizza_0667.jpg,pizza,small,train,yes,initial_500
data/food101_subset/pizza/pizza_0130.jpg,pizza,medium,train,yes,initial_500
data/food101_subset/pizza/pizza_0785.jpg,pizza,large,train,yes,initial_500
data/food101_subset/pizza/pizza_0153.jpg,pizza,small,train,yes,initial_500
data/food101_subset/pizza/pizza_0921.jpg,pizza,small,train,yes,initial_500
data/food101_subset/pizza/pizza_0946.jpg,pizza,small,train,yes,initial_500
data/food101_subset/pizza/pizza_0049.jpg,pizza,large,train,yes,initial_500
data/food101_subset/pizza/pizza_0016.jpg,pizza,large,train,yes,initial_500
data/food101_subset/pizza/pizza_0773.jpg,pizza,medium,val,yes,initial_500
data/food101_subset/pizza/pizza_0121.jpg,pizza,large,train,yes,initial_500
data/food101_subset/pizza/pizza_0171.jpg,pizza,large,val,yes,initial_500
data/food101_subset/pizza/pizza_0653.jpg,pizza,large,train,yes,initial_500
data/food101_subset/pizza/pizza_0027.jpg,pizza,medium,train,yes,initial_500
data/food101_subset/pizza/pizza_0806.jpg,pizza,small,test,yes,initial_500
data/food101_subset/pizza/pizza_0274.jpg,pizza,small,test,yes,initial_500
data/food101_subset/pizza/pizza_0997.jpg,pizza,small,val,yes,initial_500
data/food101_subset/pizza/pizza_0588.jpg,pizza,medium,train,yes,initial_500
data/food101_subset/pizza/pizza_0188.jpg,pizza,medium,val,yes,initial_500
data/food101_subset/pizza/pizza_0692.jpg,pizza,large,train,yes,initial_500
data/food101_subset/pizza/pizza_0213.jpg,pizza,large,train,yes,initial_500
data/food101_subset/pizza/pizza_0127.jpg,pizza,large,train,yes,initial_500
data/food101_subset/pizza/pizza_0487.jpg,pizza,large,train,yes,initial_500
data/food101_subset/pizza/pizza_0706.jpg,pizza,large,train,yes,initial_500
data/food101_subset/pizza/pizza_0204.jpg,pizza,small,train,yes,initial_500
data/food101_subset/pizza/pizza_0066.jpg,pizza,large,train,yes,initial_500
data/food101_subset/pizza/pizza_0032.jpg,pizza,large,train,yes,initial_500
data/food101_subset/pizza/pizza_0352.jpg,pizza,large,train,yes,initial_500
data/food101_subset/pizza/pizza_0459.jpg,pizza,small,test,yes,initial_500
data/food101_subset/pizza/pizza_0270.jpg,pizza,medium,test,yes,initial_500
data/food101_subset/pizza/pizza_0832.jpg,pizza,medium,test,yes,initial_500
data/food101_subset/pizza/pizza_0553.jpg,pizza,large,train,yes,initial_500
data/food101_subset/pizza/pizza_0073.jpg,pizza,medium,train,yes,initial_500
data/food101_subset/pizza/pizza_0158.jpg,pizza,medium,train,yes,initial_500
data/food101_subset/pizza/pizza_0883.jpg,pizza,large,train,yes,initial_500
data/food101_subset/pizza/pizza_0170.jpg,pizza,medium,train,yes,initial_500
data/food101_subset/pizza/pizza_0614.jpg,pizza,large,train,yes,initial_500
data/food101_subset/pizza/pizza_0652.jpg,pizza,small,train,yes,initial_500
data/food101_subset/pizza/pizza_0809.jpg,pizza,large,train,yes,initial_500
data/food101_subset/pizza/pizza_0863.jpg,pizza,medium,test,yes,initial_500
data/food101_subset/pizza/pizza_0821.jpg,pizza,large,train,yes,initial_500
data/food101_subset/pizza/pizza_0712.jpg,pizza,medium,train,yes,initial_500
data/food101_subset/pizza/pizza_0765.jpg,pizza,medium,train,yes,initial_500
data/food101_subset/pizza/pizza_0582.jpg,pizza,large,train,yes,initial_500
data/food101_subset/pizza/pizza_0414.jpg,pizza,large,test,yes,initial_500
data/food101_subset/pizza/pizza_0156.jpg,pizza,small,train,yes,initial_500
data/food101_subset/pizza/pizza_0604.jpg,pizza,large,train,yes,initial_500
data/food101_subset/pizza/pizza_0428.jpg,pizza,small,test,yes,initial_500
data/food101_subset/pizza/pizza_0128.jpg,pizza,large,train,yes,initial_500
data/food101_subset/pizza/pizza_0616.jpg,pizza,large,train,yes,initial_500
data/food101_subset/pizza/pizza_0930.jpg,pizza,medium,val,yes,initial_500
data/food101_subset/pizza/pizza_0150.jpg,pizza,medium,train,yes,initial_500
data/food101_subset/pizza/pizza_0157.jpg,pizza,medium,val,yes,initial_500
data/food101_subset/pizza/pizza_0466.jpg,pizza,large,train,yes,initial_500
data/food101_subset/pizza/pizza_0400.jpg,pizza,small,train,yes,initial_500
data/food101_subset/pizza/pizza_0528.jpg,pizza,medium,train,yes,initial_500
data/food101_subset/pizza/pizza_0347.jpg,pizza,medium,train,yes,initial_500
data/food101_subset/pizza/pizza_0518.jpg,pizza,small,train,yes,initial_500
data/food101_subset/pizza/pizza_0812.jpg,pizza,large,train,yes,initial_500
data/food101_subset/pizza/pizza_0735.jpg,pizza,medium,train,yes,initial_500
data/food101_subset/pizza/pizza_0241.jpg,pizza,large,val,yes,initial_500
data/food101_subset/pizza/pizza_0936.jpg,pizza,large,train,yes,initial_500
data/food101_subset/pizza/pizza_0024.jpg,pizza,large,train,yes,initial_500
data/food101_subset/pizza/pizza_0825.jpg,pizza,small,train,yes,initial_500
data/food101_subset/pizza/pizza_0658.jpg,pizza,large,train,yes,initial_500
data/food101_subset/pizza/pizza_0624.jpg,pizza,medium,train,yes,initial_500
data/food101_subset/pizza/pizza_0994.jpg,pizza,large,train,yes,initial_500
data/food101_subset/pizza/pizza_0499.jpg,pizza,medium,val,yes,initial_500
data/food101_subset/pizza/pizza_0108.jpg,pizza,large,train,yes,initial_500
data/food101_subset/pizza/pizza_0488.jpg,pizza,small,train,yes,initial_500
data/food101_subset/pizza/pizza_0960.jpg,pizza,small,train,yes,initial_500
data/food101_subset/pizza/pizza_0101.jpg,pizza,large,train,yes,initial_500
data/food101_subset/pizza/pizza_0246.jpg,pizza,small,train,yes,initial_500
data/food101_subset/pizza/pizza_0771.jpg,pizza,medium,train,yes,initial_500
data/food101_subset/pizza/pizza_0502.jpg,pizza,small,train,yes,initial_500
data/food101_subset/pizza/pizza_0951.jpg,pizza,small,train,yes,initial_500
data/food101_subset/pizza/pizza_0865.jpg,pizza,medium,train,yes,initial_500
data/food101_subset/pizza/pizza_0060.jpg,pizza,large,train,yes,initial_500
data/food101_subset/pizza/pizza_0176.jpg,pizza,large,train,yes,initial_500
data/food101_subset/pizza/pizza_0577.jpg,pizza,large,train,yes,initial_500
data/food101_subset/pizza/pizza_0208.jpg,pizza,large,train,yes,initial_500
data/food101_subset/pizza/pizza_0663.jpg,pizza,large,train,yes,initial_500
data/food101_subset/pizza/pizza_0010.jpg,pizza,medium,train,yes,initial_500
data/food101_subset/pizza/pizza_0867.jpg,pizza,large,train,yes,initial_500
data/food101_subset/pizza/pizza_0729.jpg,pizza,small,train,yes,initial_500
data/food101_subset/pizza/pizza_0592.jpg,pizza,medium,train,yes,initial_500
data/food101_subset/pizza/pizza_0436.jpg,pizza,large,test,yes,initial_500
data/food101_subset/pizza/pizza_0326.jpg,pizza,medium,train,yes,initial_500
data/food101_subset/pizza/pizza_0387.jpg,pizza,large,train,yes,initial_500
data/food101_subset/pizza/pizza_0486.jpg,pizza,small,train,yes,initial_500
data/food101_subset/pizza/pizza_0793.jpg,pizza,large,train,yes,initial_500
data/food101_subset/pizza/pizza_0874.jpg,pizza,large,train,yes,initial_500
data/food101_subset/pizza/pizza_0862.jpg,pizza,large,train,yes,initial_500
data/food101_subset/pizza/pizza_0908.jpg,pizza,large,train,yes,initial_500
data/food101_subset/pizza/pizza_0815.jpg,pizza,large,train,yes,initial_500
data/food101_subset/pizza/pizza_0183.jpg,pizza,medium,train,yes,initial_500
data/food101_subset/pizza/pizza_0608.jpg,pizza,medium,train,yes,initial_500
data/food101_subset/pizza/pizza_0754.jpg,pizza,large,train,yes,initial_500
data/food101_subset/pizza/pizza_0210.jpg,pizza,medium,train,yes,initial_500
data/food101_subset/pizza/pizza_0889.jpg,pizza,large,val,yes,initial_500
data/food101_subset/salad/salad_0667.jpg,salad,small,train,yes,initial_500
data/food101_subset/salad/salad_0130.jpg,salad,small,train,yes,initial_500
data/food101_subset/salad/salad_0785.jpg,salad,medium,train,yes,initial_500
data/food101_subset/salad/salad_0153.jpg,salad,small,train,yes,initial_500
data/food101_subset/salad/salad_0921.jpg,salad,large,train,yes,initial_500
data/food101_subset/salad/salad_0946.jpg,salad,small,train,yes,initial_500
data/food101_subset/salad/salad_0049.jpg,salad,medium,train,yes,initial_500
data/food101_subset/salad/salad_0016.jpg,salad,medium,train,yes,initial_500
data/food101_subset/salad/salad_0773.jpg,salad,large,val,yes,initial_500
data/food101_subset/salad/salad_0121.jpg,salad,small,train,yes,initial_500
data/food101_subset/salad/salad_0171.jpg,salad,small,val,yes,initial_500
data/food101_subset/salad/salad_0653.jpg,salad,large,train,yes,initial_500
data/food101_subset/salad/salad_0027.jpg,salad,medium,train,yes,initial_500
data/food101_subset/salad/salad_0806.jpg,salad,medium,test,yes,initial_500
data/food101_subset/salad/salad_0274.jpg,salad,small,test,yes,initial_500
data/food101_subset/salad/salad_0997.jpg,salad,medium,val,yes,initial_500
data/food101_subset/salad/salad_0588.jpg,salad,small,train,yes,initial_500
data/food101_subset/salad/salad_0188.jpg,salad,small,val,yes,initial_500
data/food101_subset/salad/salad_0692.jpg,salad,small,train,yes,initial_500
data/food101_subset/salad/salad_0213.jpg,salad,medium,train,yes,initial_500
data/food101_subset/salad/salad_0127.jpg,salad,medium,train,yes,initial_500
data/food101_subset/salad/salad_0487.jpg,salad,medium,train,yes,initial_500
data/food101_subset/salad/salad_0706.jpg,salad,small,train,yes,initial_500
data/food101_subset/salad/salad_0204.jpg,salad,small,train,yes,initial_500
data/food101_subset/salad/salad_0066.jpg,salad,large,train,yes,initial_500
data/food101_subset/salad/salad_0032.jpg,salad,large,train,yes,initial_500
data/food101_subset/salad/salad_0352.jpg,salad,medium,train,yes,initial_500
data/food101_subset/salad/salad_0459.jpg,salad,small,test,yes,initial_500
data/food101_subset/salad/salad_0270.jpg,salad,small,test,yes,initial_500
data/food101_subset/salad/salad_0832.jpg,salad,medium,test,yes,initial_500
data/food101_subset/salad/salad_0553.jpg,salad,small,train,yes,initial_500
data/food101_subset/salad/salad_0073.jpg,salad,small,train,yes,initial_500
data/food101_subset/salad/salad_0158.jpg,salad,small,train,yes,initial_500
data/food101_subset/salad/salad_0883.jpg,salad,small,train,yes,initial_500
data/food101_subset/salad/salad_0170.jpg,salad,medium,train,yes,initial_500
data/food101_subset/salad/salad_0614.jpg,salad,small,train,yes,initial_500
data/food101_subset/salad/salad_0652.jpg,salad,small,train,yes,initial_500
data/food101_subset/salad/salad_0809.jpg,salad,small,train,yes,initial_500
data/food101_subset/salad/salad_0863.jpg,salad,medium,test,yes,initial_500
data/food101_subset/salad/salad_0821.jpg,salad,small,train,yes,initial_500
data/food101_subset/salad/salad_0712.jpg,salad,small,train,yes,initial_500
data/food101_subset/salad/salad_0765.jpg,salad,small,train,yes,initial_500
data/food101_subset/salad/salad_0582.jpg,salad,small,train,yes,initial_500
data/food101_subset/salad/salad_0414.jpg,salad,large,test,yes,initial_500
data/food101_subset/salad/salad_0156.jpg,salad,medium,train,yes,initial_500
data/food101_subset/salad/salad_0604.jpg,salad,small,train,yes,initial_500
data/food101_subset/salad/salad_0428.jpg,salad,medium,test,yes,initial_500
data/food101_subset/salad/salad_0128.jpg,salad,small,train,yes,initial_500
data/food101_subset/salad/salad_0616.jpg,salad,small,train,yes,initial_500
data/food101_subset/salad/salad_0930.jpg,salad,medium,val,yes,initial_500
data/food101_subset/salad/salad_0150.jpg,salad,large,train,yes,initial_500
data/food101_subset/salad/salad_0157.jpg,salad,small,val,yes,initial_500
data/food101_subset/salad/salad_0466.jpg,salad,medium,train,yes,initial_500
data/food101_subset/salad/salad_0400.jpg,salad,medium,train,yes,initial_500
data/food101_subset/salad/salad_0528.jpg,salad,small,train,yes,initial_500
data/food101_subset/salad/salad_0347.jpg,salad,small,train,yes,initial_500
data/food101_subset/salad/salad_0518.jpg,salad,small,train,yes,initial_500
data/food101_subset/salad/salad_0812.jpg,salad,medium,train,yes,initial_500
data/food101_subset/salad/salad_0735.jpg,salad,large,train,yes,initial_500
data/food101_subset/salad/salad_0241.jpg,salad,medium,val,yes,initial_500
data/food101_subset/salad/salad_0936.jpg,salad,small,train,yes,initial_500
data/food101_subset/salad/salad_0024.jpg,salad,medium,train,yes,initial_500
data/food101_subset/salad/salad_0237.jpg,salad,small,train,yes,initial_500
data/food101_subset/salad/salad_0825.jpg,salad,large,train,yes,initial_500
data/food101_subset/salad/salad_0658.jpg,salad,large,train,yes,initial_500
data/food101_subset/salad/salad_0624.jpg,salad,large,train,yes,initial_500
data/food101_subset/salad/salad_0994.jpg,salad,large,train,yes,initial_500
data/food101_subset/salad/salad_0499.jpg,salad,medium,val,yes,initial_500
data/food101_subset/salad/salad_0108.jpg,salad,large,train,yes,initial_500
data/food101_subset/salad/salad_0488.jpg,salad,small,train,yes,initial_500
data/food101_subset/salad/salad_0960.jpg,salad,medium,train,yes,initial_500
data/food101_subset/salad/salad_0101.jpg,salad,small,train,yes,initial_500
data/food101_subset/salad/salad_0246.jpg,salad,small,train,yes,initial_500
data/food101_subset/salad/salad_0771.jpg,salad,medium,train,yes,initial_500
data/food101_subset/salad/salad_0502.jpg,salad,medium,train,yes,initial_500
data/food101_subset/salad/salad_0951.jpg,salad,small,train,yes,initial_500
data/food101_subset/salad/salad_0865.jpg,salad,small,train,yes,initial_500
data/food101_subset/salad/salad_0060.jpg,salad,small,train,yes,initial_500
data/food101_subset/salad/salad_0176.jpg,salad,medium,train,yes,initial_500
data/food101_subset/salad/salad_0577.jpg,salad,medium,train,yes,initial_500
data/food101_subset/salad/salad_0208.jpg,salad,small,train,yes,initial_500
data/food101_subset/salad/salad_0663.jpg,salad,large,train,yes,initial_500
data/food101_subset/salad/salad_0010.jpg,salad,large,train,yes,initial_500
data/food101_subset/salad/salad_0867.jpg,salad,medium,train,yes,initial_500
data/food101_subset/salad/salad_0729.jpg,salad,medium,train,yes,initial_500
data/food101_subset/salad/salad_0592.jpg,salad,small,train,yes,initial_500
data/food101_subset/salad/salad_0436.jpg,salad,large,test,yes,initial_500
data/food101_subset/salad/salad_0326.jpg,salad,medium,train,yes,initial_500
data/food101_subset/salad/salad_0387.jpg,salad,small,train,yes,initial_500
data/food101_subset/salad/salad_0486.jpg,salad,small,train,yes,initial_500
data/food101_subset/salad/salad_0793.jpg,salad,medium,train,yes,initial_500
data/food101_subset/salad/salad_0874.jpg,salad,small,train,yes,initial_500
data/food101_subset/salad/salad_0862.jpg,salad,small,train,yes,initial_500
data/food101_subset/salad/salad_0908.jpg,salad,medium,train,yes,initial_500
data/food101_subset/salad/salad_0815.jpg,salad,small,train,yes,initial_500
data/food101_subset/salad/salad_0183.jpg,salad,medium,train,yes,initial_500
data/food101_subset/salad/salad_0608.jpg,salad,small,train,yes,initial_500
data/food101_subset/salad/salad_0754.jpg,salad,large,train,yes,initial_500
data/food101_subset/salad/salad_0210.jpg,salad,medium,train,yes,initial_500
data/food101_subset/salad/salad_0889.jpg,salad,medium,val,yes,initial_500
data/food101_subset/sushi/sushi_0667.jpg,sushi,large,train,yes,initial_500
data/food101_subset/sushi/sushi_0130.jpg,sushi,large,train,yes,initial_500
data/food101_subset/sushi/sushi_0785.jpg,sushi,small,train,yes,initial_500
data/food101_subset/sushi/sushi_0153.jpg,sushi,medium,train,yes,initial_500
data/food101_subset/sushi/sushi_0921.jpg,sushi,medium,train,yes,initial_500
data/food101_subset/sushi/sushi_0946.jpg,sushi,large,train,yes,initial_500
data/food101_subset/sushi/sushi_0049.jpg,sushi,small,train,yes,initial_500
data/food101_subset/sushi/sushi_0016.jpg,sushi,medium,train,yes,initial_500
data/food101_subset/sushi/sushi_0773.jpg,sushi,medium,val,yes,initial_500
data/food101_subset/sushi/sushi_0121.jpg,sushi,large,train,yes,initial_500
data/food101_subset/sushi/sushi_0171.jpg,sushi,large,val,yes,initial_500
data/food101_subset/sushi/sushi_0653.jpg,sushi,large,train,yes,initial_500
data/food101_subset/sushi/sushi_0027.jpg,sushi,medium,train,yes,initial_500
data/food101_subset/sushi/sushi_0806.jpg,sushi,medium,test,yes,initial_500
data/food101_subset/sushi/sushi_0274.jpg,sushi,small,test,yes,initial_500
data/food101_subset/sushi/sushi_0997.jpg,sushi,large,val,yes,initial_500
data/food101_subset/sushi/sushi_0588.jpg,sushi,large,train,yes,initial_500
data/food101_subset/sushi/sushi_0188.jpg,sushi,medium,val,yes,initial_500
data/food101_subset/sushi/sushi_0692.jpg,sushi,medium,train,yes,initial_500
data/food101_subset/sushi/sushi_0213.jpg,sushi,medium,train,yes,initial_500
data/food101_subset/sushi/sushi_0127.jpg,sushi,medium,train,yes,initial_500
data/food101_subset/sushi/sushi_0487.jpg,sushi,large,train,yes,initial_500
data/food101_subset/sushi/sushi_0706.jpg,sushi,large,train,yes,initial_500
data/food101_subset/sushi/sushi_0204.jpg,sushi,medium,train,yes,initial_500
data/food101_subset/sushi/sushi_0066.jpg,sushi,medium,train,yes,initial_500
data/food101_subset/sushi/sushi_0352.jpg,sushi,medium,train,yes,initial_500
data/food101_subset/sushi/sushi_0459.jpg,sushi,small,test,yes,initial_500
data/food101_subset/sushi/sushi_0270.jpg,sushi,large,test,yes,initial_500
data/food101_subset/sushi/sushi_0832.jpg,sushi,large,test,yes,initial_500
data/food101_subset/sushi/sushi_0553.jpg,sushi,medium,train,yes,initial_500
data/food101_subset/sushi/sushi_0073.jpg,sushi,large,train,yes,initial_500
data/food101_subset/sushi/sushi_0158.jpg,sushi,medium,train,yes,initial_500
data/food101_subset/sushi/sushi_0883.jpg,sushi,large,train,yes,initial_500
data/food101_subset/sushi/sushi_0170.jpg,sushi,small,train,yes,initial_500
data/food101_subset/sushi/sushi_0614.jpg,sushi,medium,train,yes,initial_500
data/food101_subset/sushi/sushi_0652.jpg,sushi,small,train,yes,initial_500
data/food101_subset/sushi/sushi_0809.jpg,sushi,large,train,yes,initial_500
data/food101_subset/sushi/sushi_0863.jpg,sushi,medium,test,yes,initial_500
data/food101_subset/sushi/sushi_0821.jpg,sushi,small,train,yes,initial_500
data/food101_subset/sushi/sushi_0712.jpg,sushi,small,train,yes,initial_500
data/food101_subset/sushi/sushi_0765.jpg,sushi,medium,train,yes,initial_500
data/food101_subset/sushi/sushi_0582.jpg,sushi,large,train,yes,initial_500
data/food101_subset/sushi/sushi_0414.jpg,sushi,large,test,yes,initial_500
data/food101_subset/sushi/sushi_0156.jpg,sushi,small,train,yes,initial_500
data/food101_subset/sushi/sushi_0604.jpg,sushi,medium,train,yes,initial_500
data/food101_subset/sushi/sushi_0428.jpg,sushi,medium,test,yes,initial_500
data/food101_subset/sushi/sushi_0128.jpg,sushi,medium,train,yes,initial_500
data/food101_subset/sushi/sushi_0616.jpg,sushi,large,train,yes,initial_500
data/food101_subset/sushi/sushi_0930.jpg,sushi,small,val,yes,initial_500
data/food101_subset/sushi/sushi_0150.jpg,sushi,medium,train,yes,initial_500
data/food101_subset/sushi/sushi_0157.jpg,sushi,small,val,yes,initial_500
data/food101_subset/sushi/sushi_0466.jpg,sushi,small,train,yes,initial_500
data/food101_subset/sushi/sushi_0400.jpg,sushi,large,train,yes,initial_500
data/food101_subset/sushi/sushi_0528.jpg,sushi,medium,train,yes,initial_500
data/food101_subset/sushi/sushi_0347.jpg,sushi,large,train,yes,initial_500
data/food101_subset/sushi/sushi_0518.jpg,sushi,large,train,yes,initial_500
data/food101_subset/sushi/sushi_0812.jpg,sushi,medium,train,yes,initial_500
data/food101_subset/sushi/sushi_0735.jpg,sushi,large,train,yes,initial_500
data/food101_subset/sushi/sushi_0241.jpg,sushi,small,val,yes,initial_500
data/food101_subset/sushi/sushi_0936.jpg,sushi,small,train,yes,initial_500
data/food101_subset/sushi/sushi_0024.jpg,sushi,small,train,yes,initial_500
data/food101_subset/sushi/sushi_0237.jpg,sushi,large,train,yes,initial_500
data/food101_subset/sushi/sushi_0825.jpg,sushi,medium,train,yes,initial_500
data/food101_subset/sushi/sushi_0658.jpg,sushi,large,train,yes,initial_500
data/food101_subset/sushi/sushi_0624.jpg,sushi,large,train,yes,initial_500
data/food101_subset/sushi/sushi_0994.jpg,sushi,medium,train,yes,initial_500
data/food101_subset/sushi/sushi_0499.jpg,sushi,small,val,yes,initial_500
data/food101_subset/sushi/sushi_0108.jpg,sushi,large,train,yes,initial_500
data/food101_subset/sushi/sushi_0488.jpg,sushi,large,train,yes,initial_500
data/food101_subset/sushi/sushi_0960.jpg,sushi,medium,train,yes,initial_500
data/food101_subset/sushi/sushi_0101.jpg,sushi,medium,train,yes,initial_500
data/food101_subset/sushi/sushi_0246.jpg,sushi,medium,train,yes,initial_500
data/food101_subset/sushi/sushi_0771.jpg,sushi,small,train,yes,initial_500
data/food101_subset/sushi/sushi_0502.jpg,sushi,large,train,yes,initial_500
data/food101_subset/sushi/sushi_0951.jpg,sushi,large,train,yes,initial_500
data/food101_subset/sushi/sushi_0865.jpg,sushi,medium,train,yes,initial_500
data/food101_subset/sushi/sushi_0060.jpg,sushi,large,train,yes,initial_500
data/food101_subset/sushi/sushi_0176.jpg,sushi,large,train,yes,initial_500
data/food101_subset/sushi/sushi_0577.jpg,sushi,small,train,yes,initial_500
data/food101_subset/sushi/sushi_0208.jpg,sushi,small,train,yes,initial_500
data/food101_subset/sushi/sushi_0663.jpg,sushi,small,train,yes,initial_500
data/food101_subset/sushi/sushi_0010.jpg,sushi,medium,train,yes,initial_500
data/food101_subset/sushi/sushi_0867.jpg,sushi,medium,train,yes,initial_500
data/food101_subset/sushi/sushi_0729.jpg,sushi,medium,train,yes,initial_500
data/food101_subset/sushi/sushi_0592.jpg,sushi,large,train,yes,initial_500
data/food101_subset/sushi/sushi_0436.jpg,sushi,large,test,yes,initial_500
data/food101_subset/sushi/sushi_0326.jpg,sushi,medium,train,yes,initial_500
data/food101_subset/sushi/sushi_0486.jpg,sushi,medium,train,yes,initial_500
data/food101_subset/sushi/sushi_0793.jpg,sushi,large,train,yes,initial_500
data/food101_subset/sushi/sushi_0874.jpg,sushi,large,train,yes,initial_500
data/food101_subset/sushi/sushi_0862.jpg,sushi,large,train,yes,initial_500
data/food101_subset/sushi/sushi_0908.jpg,sushi,small,train,yes,initial_500
data/food101_subset/sushi/sushi_0815.jpg,sushi,small,train,yes,initial_500
data/food101_subset/sushi/sushi_0183.jpg,sushi,large,train,yes,initial_500
data/food101_subset/sushi/sushi_0608.jpg,sushi,small,train,yes,initial_500
data/food101_subset/sushi/sushi_0754.jpg,sushi,medium,train,yes,initial_500
data/food101_subset/sushi/sushi_0210.jpg,sushi,small,train,yes,initial_500
data/food101_subset/sushi/sushi_0889.jpg,sushi,medium,val,yes,initial_500
data/food101_subset/burger/burger_0037.jpg,burger,medium,train,yes,additional_1000
data/food101_subset/burger/burger_0810.jpg,burger,small,train,yes,additional_1000
data/food101_subset/burger/burger_0677.jpg,burger,medium,train,yes,additional_1000
data/food101_subset/burger/burger_0961.jpg,burger,small,train,yes,additional_1000
data/food101_subset/burger/burger_0064.jpg,burger,medium,train,yes,additional_1000
data/food101_subset/burger/burger_0757.jpg,burger,medium,train,yes,additional_1000
data/food101_subset/burger/burger_0723.jpg,burger,small,train,yes,additional_1000
data/food101_subset/burger/burger_0367.jpg,burger,medium,test,yes,additional_1000
data/food101_subset/burger/burger_0190.jpg,burger,medium,test,yes,additional_1000
data/food101_subset/burger/burger_0262.jpg,burger,large,train,yes,additional_1000
data/food101_subset/burger/burger_0776.jpg,burger,small,test,yes,additional_1000
data/food101_subset/burger/burger_0984.jpg,burger,large,train,yes,additional_1000
data/food101_subset/burger/burger_0099.jpg,burger,large,val,yes,additional_1000
data/food101_subset/burger/burger_0772.jpg,burger,large,test,yes,additional_1000
data/food101_subset/burger/burger_0701.jpg,burger,medium,test,yes,additional_1000
data/food101_subset/burger/burger_0854.jpg,burger,large,train,yes,additional_1000
data/food101_subset/burger/burger_0438.jpg,burger,large,train,yes,additional_1000
data/food101_subset/burger/burger_0784.jpg,burger,medium,train,yes,additional_1000
data/food101_subset/burger/burger_0401.jpg,burger,medium,train,yes,additional_1000
data/food101_subset/burger/burger_0679.jpg,burger,large,train,yes,additional_1000
data/food101_subset/burger/burger_0906.jpg,burger,medium,train,yes,additional_1000
data/food101_subset/burger/burger_0782.jpg,burger,small,train,yes,additional_1000
data/food101_subset/burger/burger_0301.jpg,burger,large,train,yes,additional_1000
data/food101_subset/burger/burger_0242.jpg,burger,large,test,yes,additional_1000
data/food101_subset/burger/burger_0215.jpg,burger,large,test,yes,additional_1000
data/food101_subset/burger/burger_0947.jpg,burger,large,train,yes,additional_1000
data/food101_subset/burger/burger_0973.jpg,burger,medium,train,yes,additional_1000
data/food101_subset/burger/burger_0804.jpg,burger,medium,train,yes,additional_1000
data/food101_subset/burger/burger_0425.jpg,burger,large,train,yes,additional_1000
data/food101_subset/burger/burger_0472.jpg,burger,small,val,yes,additional_1000
data/food101_subset/burger/burger_0949.jpg,burger,large,train,yes,additional_1000
data/food101_subset/burger/burger_0843.jpg,burger,small,train,yes,additional_1000
data/food101_subset/burger/burger_0558.jpg,burger,small,train,yes,additional_1000
data/food101_subset/burger/burger_0601.jpg,burger,medium,test,yes,additional_1000
data/food101_subset/burger/burger_0665.jpg,burger,small,train,yes,additional_1000
data/food101_subset/burger/burger_0184.jpg,burger,medium,train,yes,additional_1000
data/food101_subset/burger/burger_0278.jpg,burger,medium,train,yes,additional_1000
data/food101_subset/burger/burger_0149.jpg,burger,small,train,yes,additional_1000
data/food101_subset/burger/burger_0541.jpg,burger,medium,val,yes,additional_1000
data/food101_subset/burger/burger_0983.jpg,burger,small,test,yes,additional_1000
data/food101_subset/burger/burger_0504.jpg,burger,medium,train,yes,additional_1000
data/food101_subset/burger/burger_0159.jpg,burger,medium,train,yes,additional_1000
data/food101_subset/burger/burger_0482.jpg,burger,small,train,yes,additional_1000
data/food101_subset/burger/burger_0916.jpg,burger,small,train,yes,additional_1000
data/food101_subset/burger/burger_0501.jpg,burger,medium,train,yes,additional_1000
data/food101_subset/burger/burger_0902.jpg,burger,large,train,yes,additional_1000
data/food101_subset/burger/burger_0318.jpg,burger,small,train,yes,additional_1000
data/food101_subset/burger/burger_0409.jpg,burger,small,train,yes,additional_1000
data/food101_subset/burger/burger_0070.jpg,burger,large,train,yes,additional_1000
data/food101_subset/burger/burger_0286.jpg,burger,large,train,yes,additional_1000
data/food101_subset/burger/burger_0678.jpg,burger,medium,train,yes,additional_1000
data/food101_subset/burger/burger_0412.jpg,burger,large,train,yes,additional_1000
data/food101_subset/burger/burger_0495.jpg,burger,large,train,yes,additional_1000
data/food101_subset/burger/burger_0681.jpg,burger,large,train,yes,additional_1000
data/food101_subset/burger/burger_0379.jpg,burger,small,val,yes,additional_1000
data/food101_subset/burger/burger_0014.jpg,burger,medium,test,yes,additional_1000
data/food101_subset/burger/burger_0535.jpg,burger,large,train,yes,additional_1000
data/food101_subset/burger/burger_0991.jpg,burger,medium,train,yes,additional_1000
data/food101_subset/burger/burger_0370.jpg,burger,small,train,yes,additional_1000
data/food101_subset/burger/burger_0062.jpg,burger,medium,train,yes,additional_1000
data/food101_subset/burger/burger_0521.jpg,burger,large,val,yes,additional_1000
data/food101_subset/burger/burger_0650.jpg,burger,medium,train,yes,additional_1000
data/food101_subset/burger/burger_0135.jpg,burger,small,val,yes,additional_1000
data/food101_subset/burger/burger_0851.jpg,burger,medium,train,yes,additional_1000
data/food101_subset/burger/burger_0098.jpg,burger,small,train,yes,additional_1000
data/food101_subset/burger/burger_0950.jpg,burger,large,train,yes,additional_1000
data/food101_subset/burger/burger_0375.jpg,burger,small,train,yes,additional_1000
data/food101_subset/burger/burger_0506.jpg,burger,medium,train,yes,additional_1000
data/food101_subset/burger/burger_0455.jpg,burger,large,test,yes,additional_1000
data/food101_subset/burger/burger_0485.jpg,burger,small,test,yes,additional_1000
data/food101_subset/burger/burger_0538.jpg,burger,medium,train,yes,additional_1000
data/food101_subset/burger/burger_0374.jpg,burger,small,train,yes,additional_1000
data/food101_subset/burger/burger_0744.jpg,burger,large,train,yes,additional_1000
data/food101_subset/burger/burger_0761.jpg,burger,large,train,yes,additional_1000
data/food101_subset/burger/burger_0545.jpg,burger,medium,train,yes,additional_1000
data/food101_subset/burger/burger_0864.jpg,burger,small,train,yes,additional_1000
data/food101_subset/burger/burger_0935.jpg,burger,medium,train,yes,additional_1000
data/food101_subset/burger/burger_0395.jpg,burger,large,train,yes,additional_1000
data/food101_subset/burger/burger_0011.jpg,burger,large,train,yes,additional_1000
data/food101_subset/burger/burger_0483.jpg,burger,small,train,yes,additional_1000
data/food101_subset/burger/burger_0218.jpg,burger,medium,val,yes,additional_1000
data/food101_subset/burger/burger_0297.jpg,burger,large,train,yes,additional_1000
data/food101_subset/burger/burger_0831.jpg,burger,large,train,yes,additional_1000
data/food101_subset/burger/burger_0152.jpg,burger,small,train,yes,additional_1000
data/food101_subset/burger/burger_0265.jpg,burger,large,train,yes,additional_1000
data/food101_subset/burger/burger_0228.jpg,burger,medium,train,yes,additional_1000
data/food101_subset/burger/burger_0074.jpg,burger,medium,train,yes,additional_1000
data/food101_subset/burger/burger_0371.jpg,burger,large,train,yes,additional_1000
data/food101_subset/burger/burger_0490.jpg,burger,large,val,yes,additional_1000
data/food101_subset/burger/burger_0224.jpg,burger,medium,train,yes,additional_1000
data/food101_subset/burger/burger_0162.jpg,burger,medium,test,yes,additional_1000
data/food101_subset/burger/burger_0124.jpg,burger,medium,train,yes,additional_1000
data/food101_subset/burger/burger_0329.jpg,burger,small,train,yes,additional_1000
data/food101_subset/burger/burger_0548.jpg,burger,large,train,yes,additional_1000
data/food101_subset/burger/burger_0429.jpg,burger,small,train,yes,additional_1000
data/food101_subset/burger/burger_0036.jpg,burger,medium,val,yes,additional_1000
data/food101_subset/burger/burger_0378.jpg,burger,small,train,yes,additional_1000
data/food101_subset/burger/burger_0405.jpg,burger,large,train,yes,additional_1000
data/food101_subset/burger/burger_0055.jpg,burger,large,train,yes,additional_1000
data/food101_subset/burger/burger_0866.jpg,burger,large,train,yes,additional_1000
data/food101_subset/burger/burger_0943.jpg,burger,medium,train,yes,additional_1000
data/food101_subset/burger/burger_0390.jpg,burger,medium,test,yes,additional_1000
data/food101_subset/burger/burger_0928.jpg,burger,small,train,yes,additional_1000
data/food101_subset/burger/burger_0335.jpg,burger,small,train,yes,additional_1000
data/food101_subset/burger/burger_0433.jpg,burger,small,train,yes,additional_1000
data/food101_subset/burger/burger_0758.jpg,burger,medium,train,yes,additional_1000
data/food101_subset/burger/burger_0441.jpg,burger,medium,train,yes,additional_1000
data/food101_subset/burger/burger_0517.jpg,burger,small,train,yes,additional_1000
data/food101_subset/burger/burger_0873.jpg,burger,large,train,yes,additional_1000
data/food101_subset/burger/burger_0739.jpg,burger,small,val,yes,additional_1000
data/food101_subset/burger/burger_0266.jpg,burger,medium,train,yes,additional_1000
data/food101_subset/burger/burger_0020.jpg,burger,small,train,yes,additional_1000
data/food101_subset/burger/burger_0750.jpg,burger,large,train,yes,additional_1000
data/food101_subset/burger/burger_0180.jpg,burger,large,train,yes,additional_1000
data/food101_subset/burger/burger_0837.jpg,burger,medium,train,yes,additional_1000
data/food101_subset/burger/burger_0054.jpg,burger,medium,train,yes,additional_1000
data/food101_subset/burger/burger_0992.jpg,burger,large,train,yes,additional_1000
data/food101_subset/burger/burger_0050.jpg,burger,small,train,yes,additional_1000
data/food101_subset/burger/burger_0277.jpg,burger,large,test,yes,additional_1000
data/food101_subset/burger/burger_0745.jpg,burger,large,train,yes,additional_1000
data/food101_subset/burger/burger_0605.jpg,burger,medium,train,yes,additional_1000
data/food101_subset/burger/burger_0393.jpg,burger,medium,val,yes,additional_1000
data/food101_subset/burger/burger_0823.jpg,burger,medium,train,yes,additional_1000
data/food101_subset/burger/burger_0383.jpg,burger,large,train,yes,additional_1000
data/food101_subset/burger/burger_0805.jpg,burger,small,val,yes,additional_1000
data/food101_subset/burger/burger_0132.jpg,burger,small,train,yes,additional_1000
data/food101_subset/burger/burger_0503.jpg,burger,small,val,yes,additional_1000
data/food101_subset/burger/burger_0869.jpg,burger,medium,train,yes,additional_1000
data/food101_subset/burger/burger_0463.jpg,burger,medium,train,yes,additional_1000
data/food101_subset/burger/burger_0924.jpg,burger,medium,train,yes,additional_1000
data/food101_subset/burger/burger_0985.jpg,burger,large,train,yes,additional_1000
data/food101_subset/burger/burger_0563.jpg,burger,medium,test,yes,additional_1000
data/food101_subset/burger/burger_0456.jpg,burger,medium,val,yes,additional_1000
data/food101_subset/burger/burger_0645.jpg,burger,large,train,yes,additional_1000
data/food101_subset/burger/burger_0302.jpg,burger,large,train,yes,additional_1000
data/food101_subset/burger/burger_0636.jpg,burger,small,train,yes,additional_1000
data/food101_subset/burger/burger_0999.jpg,burger,medium,train,yes,additional_1000
data/food101_subset/burger/burger_0465.jpg,burger,large,train,yes,additional_1000
data/food101_subset/burger/burger_0460.jpg,burger,large,test,yes,additional_1000
data/food101_subset/burger/burger_0296.jpg,burger,medium,val,yes,additional_1000
data/food101_subset/burger/burger_0187.jpg,burger,medium,train,yes,additional_1000
data/food101_subset/burger/burger_0042.jpg,burger,medium,train,yes,additional_1000
data/food101_subset/burger/burger_0462.jpg,burger,small,val,yes,additional_1000
data/food101_subset/burger/burger_0090.jpg,burger,medium,train,yes,additional_1000
data/food101_subset/burger/burger_0041.jpg,burger,medium,val,yes,additional_1000
data/food101_subset/burger/burger_0524.jpg,burger,small,train,yes,additional_1000
data/food101_subset/burger/burger_0872.jpg,burger,large,test,yes,additional_1000
data/food101_subset/burger/burger_0389.jpg,burger,medium,train,yes,additional_1000
data/food101_subset/burger/burger_0280.jpg,burger,medium,train,yes,additional_1000
data/food101_subset/burger/burger_0898.jpg,burger,large,test,yes,additional_1000
data/food101_subset/burger/burger_0243.jpg,burger,medium,val,yes,additional_1000
data/food101_subset/burger/burger_0939.jpg,burger,medium,train,yes,additional_1000
data/food101_subset/burger/burger_0549.jpg,burger,small,train,yes,additional_1000
data/food101_subset/burger/burger_0283.jpg,burger,small,train,yes,additional_1000
data/food101_subset/burger/burger_0354.jpg,burger,small,train,yes,additional_1000
data/food101_subset/burger/burger_0673.jpg,burger,medium,train,yes,additional_1000
data/food101_subset/burger/burger_0071.jpg,burger,medium,train,yes,additional_1000
data/food101_subset/burger/burger_0562.jpg,burger,small,test,yes,additional_1000
data/food101_subset/burger/burger_0922.jpg,burger,small,train,yes,additional_1000
data/food101_subset/burger/burger_0315.jpg,burger,small,train,yes,additional_1000
data/food101_subset/burger/burger_0155.jpg,burger,medium,train,yes,additional_1000
data/food101_subset/burger/burger_0637.jpg,burger,large,train,yes,additional_1000
data/food101_subset/burger/burger_0138.jpg,burger,large,train,yes,additional_1000
data/food101_subset/burger/burger_0093.jpg,burger,medium,train,yes,additional_1000
data/food101_subset/burger/burger_0702.jpg,burger,large,val,yes,additional_1000
data/food101_subset/burger/burger_0386.jpg,burger,small,test,yes,additional_1000
data/food101_subset/burger/burger_0448.jpg,burger,small,train,yes,additional_1000
data/food101_subset/burger/burger_0023.jpg,burger,medium,train,yes,additional_1000
data/food101_subset/burger/burger_0640.jpg,burger,large,train,yes,additional_1000
data/food101_subset/burger/burger_0361.jpg,burger,small,train,yes,additional_1000
data/food101_subset/burger/burger_0481.jpg,burger,medium,train,yes,additional_1000
data/food101_subset/burger/burger_0841.jpg,burger,small,test,yes,additional_1000
data/food101_subset/burger/burger_0516.jpg,burger,large,train,yes,additional_1000
data/food101_subset/burger/burger_0708.jpg,burger,medium,train,yes,additional_1000
data/food101_subset/burger/burger_0250.jpg,burger,medium,train,yes,additional_1000
data/food101_subset/burger/burger_0119.jpg,burger,medium,train,yes,additional_1000
data/food101_subset/burger/burger_0110.jpg,burger,large,train,yes,additional_1000
data/food101_subset/burger/burger_0358.jpg,burger,small,train,yes,additional_1000
data/food101_subset/burger/burger_0133.jpg,burger,medium,train,yes,additional_1000
data/food101_subset/burger/burger_0268.jpg,burger,large,train,yes,additional_1000
data/food101_subset/burger/burger_0895.jpg,burger,large,train,yes,additional_1000
data/food101_subset/burger/burger_0576.jpg,burger,medium,train,yes,additional_1000
data/food101_subset/burger/burger_0919.jpg,burger,large,train,yes,additional_1000
data/food101_subset/burger/burger_0447.jpg,burger,medium,train,yes,additional_1000
data/food101_subset/burger/burger_0536.jpg,burger,small,train,yes,additional_1000
data/food101_subset/burger/burger_0751.jpg,burger,medium,train,yes,additional_1000
data/food101_subset/burger/burger_0519.jpg,burger,small,train,yes,additional_1000
data/food101_subset/burger/burger_0109.jpg,burger,medium,train,yes,additional_1000
data/food101_subset/burger/burger_0931.jpg,burger,small,train,yes,additional_1000
data/food101_subset/burger/burger_0986.jpg,burger,medium,train,yes,additional_1000
data/food101_subset/burger/burger_0086.jpg,burger,large,val,yes,additional_1000
data/food101_subset/burger/burger_0602.jpg,burger,large,train,yes,additional_1000
data/food101_subset/burger/burger_0909.jpg,burger,large,train,yes,additional_1000
data/food101_subset/burger/burger_0940.jpg,burger,medium,train,yes,additional_1000
data/food101_subset/burger/burger_0151.jpg,burger,medium,train,yes,additional_1000
data/food101_subset/burger/burger_0990.jpg,burger,medium,train,yes,additional_1000
data/food101_subset/burger/burger_0732.jpg,burger,medium,train,yes,additional_1000
data/food101_subset/burger/burger_0988.jpg,burger,large,train,yes,additional_1000
data/food101_subset/pasta/pasta_0037.jpg,pasta,medium,train,yes,additional_1000
data/food101_subset/pasta/pasta_0810.jpg,pasta,large,train,yes,additional_1000
data/food101_subset/pasta/pasta_0677.jpg,pasta,small,train,yes,additional_1000
data/food101_subset/pasta/pasta_0961.jpg,pasta,large,train,yes,additional_1000
data/food101_subset/pasta/pasta_0064.jpg,pasta,small,train,yes,additional_1000
data/food101_subset/pasta/pasta_0757.jpg,pasta,large,train,yes,additional_1000
data/food101_subset/pasta/pasta_0723.jpg,pasta,large,train,yes,additional_1000
data/food101_subset/pasta/pasta_0367.jpg,pasta,medium,test,yes,additional_1000
data/food101_subset/pasta/pasta_0190.jpg,pasta,large,test,yes,additional_1000
data/food101_subset/pasta/pasta_0262.jpg,pasta,large,train,yes,additional_1000
data/food101_subset/pasta/pasta_0776.jpg,pasta,large,test,yes,additional_1000
data/food101_subset/pasta/pasta_0984.jpg,pasta,medium,train,yes,additional_1000
data/food101_subset/pasta/pasta_0099.jpg,pasta,large,val,yes,additional_1000
data/food101_subset/pasta/pasta_0772.jpg,pasta,large,test,yes,additional_1000
data/food101_subset/pasta/pasta_0701.jpg,pasta,medium,test,yes,additional_1000
data/food101_subset/pasta/pasta_0854.jpg,pasta,small,train,yes,additional_1000
data/food101_subset/pasta/pasta_0438.jpg,pasta,large,train,yes,additional_1000
data/food101_subset/pasta/pasta_0784.jpg,pasta,medium,train,yes,additional_1000
data/food101_subset/pasta/pasta_0401.jpg,pasta,large,train,yes,additional_1000
data/food101_subset/pasta/pasta_0679.jpg,pasta,large,train,yes,additional_1000
data/food101_subset/pasta/pasta_0906.jpg,pasta,medium,train,yes,additional_1000
data/food101_subset/pasta/pasta_0782.jpg,pasta,medium,train,yes,additional_1000
data/food101_subset/pasta/pasta_0301.jpg,pasta,large,train,yes,additional_1000
data/food101_subset/pasta/pasta_0242.jpg,pasta,medium,test,yes,additional_1000
data/food101_subset/pasta/pasta_0215.jpg,pasta,large,test,yes,additional_1000
data/food101_subset/pasta/pasta_0947.jpg,pasta,medium,train,yes,additional_1000
data/food101_subset/pasta/pasta_0973.jpg,pasta,large,train,yes,additional_1000
data/food101_subset/pasta/pasta_0804.jpg,pasta,small,train,yes,additional_1000
data/food101_subset/pasta/pasta_0425.jpg,pasta,small,train,yes,additional_1000
data/food101_subset/pasta/pasta_0472.jpg,pasta,medium,val,yes,additional_1000
data/food101_subset/pasta/pasta_0949.jpg,pasta,small,train,yes,additional_1000
data/food101_subset/pasta/pasta_0843.jpg,pasta,small,train,yes,additional_1000
data/food101_subset/pasta/pasta_0558.jpg,pasta,small,train,yes,additional_1000
data/food101_subset/pasta/pasta_0601.jpg,pasta,medium,test,yes,additional_1000
data/food101_subset/pasta/pasta_0202.jpg,pasta,medium,test,yes,additional_1000
data/food101_subset/pasta/pasta_0665.jpg,pasta,large,train,yes,additional_1000
data/food101_subset/pasta/pasta_0184.jpg,pasta,large,train,yes,additional_1000
data/food101_subset/pasta/pasta_0278.jpg,pasta,large,train,yes,additional_1000
data/food101_subset/pasta/pasta_0149.jpg,pasta,medium,train,yes,additional_1000
data/food101_subset/pasta/pasta_0541.jpg,pasta,large,val,yes,additional_1000
data/food101_subset/pasta/pasta_0983.jpg,pasta,small,test,yes,additional_1000
data/food101_subset/pasta/pasta_0504.jpg,pasta,medium,train,yes,additional_1000
data/food101_subset/pasta/pasta_0159.jpg,pasta,medium,train,yes,additional_1000
data/food101_subset/pasta/pasta_0482.jpg,pasta,large,train,yes,additional_1000
data/food101_subset/pasta/pasta_0916.jpg,pasta,small,train,yes,additional_1000
data/food101_subset/pasta/pasta_0501.jpg,pasta,medium,train,yes,additional_1000
data/food101_subset/pasta/pasta_0902.jpg,pasta,small,train,yes,additional_1000
data/food101_subset/pasta/pasta_0318.jpg,pasta,large,train,yes,additional_1000
data/food101_subset/pasta/pasta_0409.jpg,pasta,medium,train,yes,additional_1000
data/food101_subset/pasta/pasta_0070.jpg,pasta,large,train,yes,additional_1000
data/food101_subset/pasta/pasta_0286.jpg,pasta,large,train,yes,additional_1000
data/food101_subset/pasta/pasta_0678.jpg,pasta,large,train,yes,additional_1000
data/food101_subset/pasta/pasta_0412.jpg,pasta,medium,train,yes,additional_1000
data/food101_subset/pasta/pasta_0495.jpg,pasta,small,train,yes,additional_1000
data/food101_subset/pasta/pasta_0681.jpg,pasta,medium,train,yes,additional_1000
data/food101_subset/pasta/pasta_0379.jpg,pasta,medium,val,yes,additional_1000
data/food101_subset/pasta/pasta_0014.jpg,pasta,medium,test,yes,additional_1000
data/food101_subset/pasta/pasta_0535.jpg,pasta,large,train,yes,additional_1000
data/food101_subset/pasta/pasta_0991.jpg,pasta,medium,train,yes,additional_1000
data/food101_subset/pasta/pasta_0370.jpg,pasta,small,train,yes,additional_1000
data/food101_subset/pasta/pasta_0062.jpg,pasta,large,train,yes,additional_1000
data/food101_subset/pasta/pasta_0521.jpg,pasta,medium,val,yes,additional_1000
data/food101_subset/pasta/pasta_0650.jpg,pasta,small,train,yes,additional_1000
data/food101_subset/pasta/pasta_0135.jpg,pasta,large,val,yes,additional_1000
data/food101_subset/pasta/pasta_0851.jpg,pasta,medium,train,yes,additional_1000
data/food101_subset/pasta/pasta_0672.jpg,pasta,medium,train,yes,additional_1000
data/food101_subset/pasta/pasta_0098.jpg,pasta,medium,train,yes,additional_1000
data/food101_subset/pasta/pasta_0950.jpg,pasta,large,train,yes,additional_1000
data/food101_subset/pasta/pasta_0375.jpg,pasta,medium,train,yes,additional_1000
data/food101_subset/pasta/pasta_0506.jpg,pasta,small,train,yes,additional_1000
data/food101_subset/pasta/pasta_0455.jpg,pasta,small,test,yes,additional_1000
data/food101_subset/pasta/pasta_0485.jpg,pasta,large,test,yes,additional_1000
data/food101_subset/pasta/pasta_0538.jpg,pasta,large,train,yes,additional_1000
data/food101_subset/pasta/pasta_0374.jpg,pasta,large,train,yes,additional_1000
data/food101_subset/pasta/pasta_0744.jpg,pasta,large,train,yes,additional_1000
data/food101_subset/pasta/pasta_0761.jpg,pasta,large,train,yes,additional_1000
data/food101_subset/pasta/pasta_0545.jpg,pasta,medium,train,yes,additional_1000
data/food101_subset/pasta/pasta_0864.jpg,pasta,medium,train,yes,additional_1000
data/food101_subset/pasta/pasta_0935.jpg,pasta,large,train,yes,additional_1000
data/food101_subset/pasta/pasta_0395.jpg,pasta,large,train,yes,additional_1000
data/food101_subset/pasta/pasta_0011.jpg,pasta,small,train,yes,additional_1000
data/food101_subset/pasta/pasta_0483.jpg,pasta,medium,train,yes,additional_1000
data/food101_subset/pasta/pasta_0218.jpg,pasta,medium,val,yes,additional_1000
data/food101_subset/pasta/pasta_0297.jpg,pasta,large,train,yes,additional_1000
data/food101_subset/pasta/pasta_0831.jpg,pasta,medium,train,yes,additional_1000
data/food101_subset/pasta/pasta_0152.jpg,pasta,medium,train,yes,additional_1000
data/food101_subset/pasta/pasta_0265.jpg,pasta,large,train,yes,additional_1000
data/food101_subset/pasta/pasta_0228.jpg,pasta,small,train,yes,additional_1000
data/food101_subset/pasta/pasta_0074.jpg,pasta,medium,train,yes,additional_1000
data/food101_subset/pasta/pasta_0371.jpg,pasta,large,train,yes,additional_1000
data/food101_subset/pasta/pasta_0490.jpg,pasta,large,val,yes,additional_1000
data/food101_subset/pasta/pasta_0224.jpg,pasta,medium,train,yes,additional_1000
data/food101_subset/pasta/pasta_0162.jpg,pasta,medium,test,yes,additional_1000
data/food101_subset/pasta/pasta_0124.jpg,pasta,large,train,yes,additional_1000
data/food101_subset/pasta/pasta_0329.jpg,pasta,large,train,yes,additional_1000
data/food101_subset/pasta/pasta_0548.jpg,pasta,small,train,yes,additional_1000
data/food101_subset/pasta/pasta_0429.jpg,pasta,medium,train,yes,additional_1000
data/food101_subset/pasta/pasta_0036.jpg,pasta,large,val,yes,additional_1000
data/food101_subset/pasta/pasta_0378.jpg,pasta,large,train,yes,additional_1000
data/food101_subset/pasta/pasta_0405.jpg,pasta,large,train,yes,additional_1000
data/food101_subset/pasta/pasta_0055.jpg,pasta,medium,train,yes,additional_1000
data/food101_subset/pasta/pasta_0866.jpg,pasta,large,train,yes,additional_1000
data/food101_subset/pasta/pasta_0943.jpg,pasta,medium,train,yes,additional_1000
data/food101_subset/pasta/pasta_0390.jpg,pasta,medium,test,yes,additional_1000
data/food101_subset/pasta/pasta_0928.jpg,pasta,large,train,yes,additional_1000
data/food101_subset/pasta/pasta_0335.jpg,pasta,large,train,yes,additional_1000
data/food101_subset/pasta/pasta_0433.jpg,pasta,medium,train,yes,additional_1000
data/food101_subset/pasta/pasta_0758.jpg,pasta,small,train,yes,additional_1000
data/food101_subset/pasta/pasta_0441.jpg,pasta,medium,train,yes,additional_1000
data/food101_subset/pasta/pasta_0517.jpg,pasta,small,train,yes,additional_1000
data/food101_subset/pasta/pasta_0873.jpg,pasta,small,train,yes,additional_1000
data/food101_subset/pasta/pasta_0739.jpg,pasta,large,val,yes,additional_1000
data/food101_subset/pasta/pasta_0266.jpg,pasta,medium,train,yes,additional_1000
data/food101_subset/pasta/pasta_0020.jpg,pasta,medium,train,yes,additional_1000
data/food101_subset/pasta/pasta_0750.jpg,pasta,medium,train,yes,additional_1000
data/food101_subset/pasta/pasta_0180.jpg,pasta,small,train,yes,additional_1000
data/food101_subset/pasta/pasta_0837.jpg,pasta,large,train,yes,additional_1000
data/food101_subset/pasta/pasta_0054.jpg,pasta,medium,train,yes,additional_1000
data/food101_subset/pasta/pasta_0992.jpg,pasta,medium,train,yes,additional_1000
data/food101_subset/pasta/pasta_0050.jpg,pasta,medium,train,yes,additional_1000
data/food101_subset/pasta/pasta_0277.jpg,pasta,small,test,yes,additional_1000
data/food101_subset/pasta/pasta_0745.jpg,pasta,large,train,yes,additional_1000
data/food101_subset/pasta/pasta_0605.jpg,pasta,large,train,yes,additional_1000
data/food101_subset/pasta/pasta_0393.jpg,pasta,medium,val,yes,additional_1000
data/food101_subset/pasta/pasta_0823.jpg,pasta,medium,train,yes,additional_1000
data/food101_subset/pasta/pasta_0383.jpg,pasta,medium,train,yes,additional_1000
data/food101_subset/pasta/pasta_0805.jpg,pasta,medium,val,yes,additional_1000
data/food101_subset/pasta/pasta_0132.jpg,pasta,large,train,yes,additional_1000
data/food101_subset/pasta/pasta_0503.jpg,pasta,medium,val,yes,additional_1000
data/food101_subset/pasta/pasta_0869.jpg,pasta,large,train,yes,additional_1000
data/food101_subset/pasta/pasta_0463.jpg,pasta,medium,train,yes,additional_1000
data/food101_subset/pasta/pasta_0924.jpg,pasta,medium,train,yes,additional_1000
data/food101_subset/pasta/pasta_0985.jpg,pasta,medium,train,yes,additional_1000
data/food101_subset/pasta/pasta_0563.jpg,pasta,large,test,yes,additional_1000
data/food101_subset/pasta/pasta_0456.jpg,pasta,small,val,yes,additional_1000
data/food101_subset/pasta/pasta_0645.jpg,pasta,medium,train,yes,additional_1000
data/food101_subset/pasta/pasta_0302.jpg,pasta,large,train,yes,additional_1000
data/food101_subset/pasta/pasta_0636.jpg,pasta,large,train,yes,additional_1000
data/food101_subset/pasta/pasta_0999.jpg,pasta,medium,train,yes,additional_1000
data/food101_subset/pasta/pasta_0465.jpg,pasta,large,train,yes,additional_1000
data/food101_subset/pasta/pasta_0460.jpg,pasta,large,test,yes,additional_1000
data/food101_subset/pasta/pasta_0296.jpg,pasta,medium,val,yes,additional_1000
data/food101_subset/pasta/pasta_0187.jpg,pasta,medium,train,yes,additional_1000
data/food101_subset/pasta/pasta_0042.jpg,pasta,medium,train,yes,additional_1000
data/food101_subset/pasta/pasta_0462.jpg,pasta,large,val,yes,additional_1000
data/food101_subset/pasta/pasta_0090.jpg,pasta,large,train,yes,additional_1000
data/food101_subset/pasta/pasta_0041.jpg,pasta,large,val,yes,additional_1000
data/food101_subset/pasta/pasta_0524.jpg,pasta,small,train,yes,additional_1000
data/food101_subset/pasta/pasta_0872.jpg,pasta,small,test,yes,additional_1000
data/food101_subset/pasta/pasta_0389.jpg,pasta,medium,train,yes,additional_1000
data/food101_subset/pasta/pasta_0280.jpg,pasta,large,train,yes,additional_1000
data/food101_subset/pasta/pasta_0898.jpg,pasta,large,test,yes,additional_1000
data/food101_subset/pasta/pasta_0243.jpg,pasta,large,val,yes,additional_1000
data/food101_subset/pasta/pasta_0939.jpg,pasta,large,train,yes,additional_1000
data/food101_subset/pasta/pasta_0549.jpg,pasta,large,train,yes,additional_1000
data/food101_subset/pasta/pasta_0283.jpg,pasta,large,train,yes,additional_1000
data/food101_subset/pasta/pasta_0354.jpg,pasta,medium,train,yes,additional_1000
data/food101_subset/pasta/pasta_0673.jpg,pasta,large,train,yes,additional_1000
data/food101_subset/pasta/pasta_0071.jpg,pasta,large,train,yes,additional_1000
data/food101_subset/pasta/pasta_0562.jpg,pasta,medium,test,yes,additional_1000
data/food101_subset/pasta/pasta_0922.jpg,pasta,small,train,yes,additional_1000
data/food101_subset/pasta/pasta_0315.jpg,pasta,medium,train,yes,additional_1000
data/food101_subset/pasta/pasta_0155.jpg,pasta,medium,train,yes,additional_1000
data/food101_subset/pasta/pasta_0637.jpg,pasta,medium,train,yes,additional_1000
data/food101_subset/pasta/pasta_0138.jpg,pasta,large,train,yes,additional_1000
data/food101_subset/pasta/pasta_0093.jpg,pasta,large,train,yes,additional_1000
data/food101_subset/pasta/pasta_0702.jpg,pasta,medium,val,yes,additional_1000
data/food101_subset/pasta/pasta_0386.jpg,pasta,medium,test,yes,additional_1000
data/food101_subset/pasta/pasta_0448.jpg,pasta,large,train,yes,additional_1000
data/food101_subset/pasta/pasta_0023.jpg,pasta,small,train,yes,additional_1000
data/food101_subset/pasta/pasta_0640.jpg,pasta,medium,train,yes,additional_1000
data/food101_subset/pasta/pasta_0361.jpg,pasta,medium,train,yes,additional_1000
data/food101_subset/pasta/pasta_0481.jpg,pasta,large,train,yes,additional_1000
data/food101_subset/pasta/pasta_0841.jpg,pasta,medium,test,yes,additional_1000
data/food101_subset/pasta/pasta_0516.jpg,pasta,small,train,yes,additional_1000
data/food101_subset/pasta/pasta_0708.jpg,pasta,medium,train,yes,additional_1000
data/food101_subset/pasta/pasta_0250.jpg,pasta,small,train,yes,additional_1000
data/food101_subset/pasta/pasta_0119.jpg,pasta,medium,train,yes,additional_1000
data/food101_subset/pasta/pasta_0110.jpg,pasta,large,train,yes,additional_1000
data/food101_subset/pasta/pasta_0358.jpg,pasta,large,train,yes,additional_1000
data/food101_subset/pasta/pasta_0133.jpg,pasta,small,train,yes,additional_1000
data/food101_subset/pasta/pasta_0268.jpg,pasta,large,train,yes,additional_1000
data/food101_subset/pasta/pasta_0895.jpg,pasta,medium,train,yes,additional_1000
data/food101_subset/pasta/pasta_0576.jpg,pasta,medium,train,yes,additional_1000
data/food101_subset/pasta/pasta_0919.jpg,pasta,medium,train,yes,additional_1000
data/food101_subset/pasta/pasta_0447.jpg,pasta,small,train,yes,additional_1000
data/food101_subset/pasta/pasta_0536.jpg,pasta,medium,train,yes,additional_1000
data/food101_subset/pasta/pasta_0751.jpg,pasta,medium,train,yes,additional_1000
data/food101_subset/pasta/pasta_0519.jpg,pasta,medium,train,yes,additional_1000
data/food101_subset/pasta/pasta_0109.jpg,pasta,medium,train,yes,additional_1000
data/food101_subset/pasta/pasta_0931.jpg,pasta,medium,train,yes,additional_1000
data/food101_subset/pasta/pasta_0986.jpg,pasta,medium,train,yes,additional_1000
data/food101_subset/pasta/pasta_0086.jpg,pasta,small,val,yes,additional_1000
data/food101_subset/pasta/pasta_0602.jpg,pasta,medium,train,yes,additional_1000
data/food101_subset/pasta/pasta_0909.jpg,pasta,large,train,yes,additional_1000
data/food101_subset/pasta/pasta_0940.jpg,pasta,large,train,yes,additional_1000
data/food101_subset/pasta/pasta_0151.jpg,pasta,large,train,yes,additional_1000
data/food101_subset/pasta/pasta_0990.jpg,pasta,medium,train,yes,additional_1000
data/food101_subset/pasta/pasta_0732.jpg,pasta,medium,train,yes,additional_1000
data/food101_subset/pasta/pasta_0988.jpg,pasta,medium,train,yes,additional_1000
data/food101_subset/pizza/pizza_0037.jpg,pizza,large,train,yes,additional_1000
data/food101_subset/pizza/pizza_0810.jpg,pizza,large,train,yes,additional_1000
data/food101_subset/pizza/pizza_0677.jpg,pizza,small,train,yes,additional_1000
data/food101_subset/pizza/pizza_0961.jpg,pizza,large,train,yes,additional_1000
data/food101_subset/pizza/pizza_0064.jpg,pizza,large,train,yes,additional_1000
data/food101_subset/pizza/pizza_0757.jpg,pizza,medium,train,yes,additional_1000
data/food101_subset/pizza/pizza_0723.jpg,pizza,medium,train,yes,additional_1000
data/food101_subset/pizza/pizza_0367.jpg,pizza,medium,test,yes,additional_1000
data/food101_subset/pizza/pizza_0190.jpg,pizza,small,test,yes,additional_1000
data/food101_subset/pizza/pizza_0262.jpg,pizza,medium,train,yes,additional_1000
data/food101_subset/pizza/pizza_0776.jpg,pizza,large,test,yes,additional_1000
data/food101_subset/pizza/pizza_0984.jpg,pizza,medium,train,yes,additional_1000
data/food101_subset/pizza/pizza_0099.jpg,pizza,large,val,yes,additional_1000
data/food101_subset/pizza/pizza_0772.jpg,pizza,large,test,yes,additional_1000
data/food101_subset/pizza/pizza_0701.jpg,pizza,large,test,yes,additional_1000
data/food101_subset/pizza/pizza_0854.jpg,pizza,small,train,yes,additional_1000
data/food101_subset/pizza/pizza_0438.jpg,pizza,large,train,yes,additional_1000
data/food101_subset/pizza/pizza_0784.jpg,pizza,large,train,yes,additional_1000
data/food101_subset/pizza/pizza_0401.jpg,pizza,large,train,yes,additional_1000
data/food101_subset/pizza/pizza_0679.jpg,pizza,large,train,yes,additional_1000
data/food101_subset/pizza/pizza_0906.jpg,pizza,large,train,yes,additional_1000
data/food101_subset/pizza/pizza_0782.jpg,pizza,large,train,yes,additional_1000
data/food101_subset/pizza/pizza_0301.jpg,pizza,medium,train,yes,additional_1000
data/food101_subset/pizza/pizza_0242.jpg,pizza,large,test,yes,additional_1000
data/food101_subset/pizza/pizza_0215.jpg,pizza,large,test,yes,additional_1000
data/food101_subset/pizza/pizza_0947.jpg,pizza,large,train,yes,additional_1000
data/food101_subset/pizza/pizza_0973.jpg,pizza,large,train,yes,additional_1000
data/food101_subset/pizza/pizza_0804.jpg,pizza,medium,train,yes,additional_1000
data/food101_subset/pizza/pizza_0425.jpg,pizza,medium,train,yes,additional_1000
data/food101_subset/pizza/pizza_0472.jpg,pizza,medium,val,yes,additional_1000
data/food101_subset/pizza/pizza_0949.jpg,pizza,medium,train,yes,additional_1000
data/food101_subset/pizza/pizza_0843.jpg,pizza,large,train,yes,additional_1000
data/food101_subset/pizza/pizza_0558.jpg,pizza,large,train,yes,additional_1000
data/food101_subset/pizza/pizza_0601.jpg,pizza,large,test,yes,additional_1000
data/food101_subset/pizza/pizza_0202.jpg,pizza,small,test,yes,additional_1000
data/food101_subset/pizza/pizza_0665.jpg,pizza,small,train,yes,additional_1000
data/food101_subset/pizza/pizza_0184.jpg,pizza,large,train,yes,additional_1000
data/food101_subset/pizza/pizza_0278.jpg,pizza,medium,train,yes,additional_1000
data/food101_subset/pizza/pizza_0149.jpg,pizza,large,train,yes,additional_1000
data/food101_subset/pizza/pizza_0541.jpg,pizza,large,val,yes,additional_1000
data/food101_subset/pizza/pizza_0983.jpg,pizza,large,test,yes,additional_1000
data/food101_subset/pizza/pizza_0504.jpg,pizza,large,train,yes,additional_1000
data/food101_subset/pizza/pizza_0159.jpg,pizza,large,train,yes,additional_1000
data/food101_subset/pizza/pizza_0482.jpg,pizza,small,train,yes,additional_1000
data/food101_subset/pizza/pizza_0916.jpg,pizza,large,train,yes,additional_1000
data/food101_subset/pizza/pizza_0501.jpg,pizza,large,train,yes,additional_1000
data/food101_subset/pizza/pizza_0902.jpg,pizza,large,train,yes,additional_1000
data/food101_subset/pizza/pizza_0318.jpg,pizza,large,train,yes,additional_1000
data/food101_subset/pizza/pizza_0409.jpg,pizza,large,train,yes,additional_1000
data/food101_subset/pizza/pizza_0070.jpg,pizza,small,train,yes,additional_1000
data/food101_subset/pizza/pizza_0286.jpg,pizza,large,train,yes,additional_1000
data/food101_subset/pizza/pizza_0678.jpg,pizza,medium,train,yes,additional_1000
data/food101_subset/pizza/pizza_0412.jpg,pizza,large,train,yes,additional_1000
data/food101_subset/pizza/pizza_0495.jpg,pizza,medium,train,yes,additional_1000
data/food101_subset/pizza/pizza_0681.jpg,pizza,medium,train,yes,additional_1000
data/food101_subset/pizza/pizza_0379.jpg,pizza,large,val,yes,additional_1000
data/food101_subset/pizza/pizza_0014.jpg,pizza,large,test,yes,additional_1000
data/food101_subset/pizza/pizza_0535.jpg,pizza,large,train,yes,additional_1000
data/food101_subset/pizza/pizza_0991.jpg,pizza,large,train,yes,additional_1000
data/food101_subset/pizza/pizza_0370.jpg,pizza,large,train,yes,additional_1000
data/food101_subset/pizza/pizza_0062.jpg,pizza,large,train,yes,additional_1000
data/food101_subset/pizza/pizza_0521.jpg,pizza,medium,val,yes,additional_1000
data/food101_subset/pizza/pizza_0650.jpg,pizza,medium,train,yes,additional_1000
data/food101_subset/pizza/pizza_0135.jpg,pizza,medium,val,yes,additional_1000
data/food101_subset/pizza/pizza_0851.jpg,pizza,small,train,yes,additional_1000
data/food101_subset/pizza/pizza_0672.jpg,pizza,large,train,yes,additional_1000
data/food101_subset/pizza/pizza_0098.jpg,pizza,large,train,yes,additional_1000
data/food101_subset/pizza/pizza_0950.jpg,pizza,large,train,yes,additional_1000
data/food101_subset/pizza/pizza_0375.jpg,pizza,large,train,yes,additional_1000
data/food101_subset/pizza/pizza_0506.jpg,pizza,medium,train,yes,additional_1000
data/food101_subset/pizza/pizza_0455.jpg,pizza,large,test,yes,additional_1000
data/food101_subset/pizza/pizza_0485.jpg,pizza,large,test,yes,additional_1000
data/food101_subset/pizza/pizza_0538.jpg,pizza,large,train,yes,additional_1000
data/food101_subset/pizza/pizza_0374.jpg,pizza,large,train,yes,additional_1000
data/food101_subset/pizza/pizza_0744.jpg,pizza,large,train,yes,additional_1000
data/food101_subset/pizza/pizza_0761.jpg,pizza,medium,train,yes,additional_1000
data/food101_subset/pizza/pizza_0545.jpg,pizza,large,train,yes,additional_1000
data/food101_subset/pizza/pizza_0864.jpg,pizza,large,train,yes,additional_1000
data/food101_subset/pizza/pizza_0935.jpg,pizza,large,train,yes,additional_1000
data/food101_subset/pizza/pizza_0395.jpg,pizza,medium,train,yes,additional_1000
data/food101_subset/pizza/pizza_0011.jpg,pizza,large,train,yes,additional_1000
data/food101_subset/pizza/pizza_0483.jpg,pizza,large,train,yes,additional_1000
data/food101_subset/pizza/pizza_0218.jpg,pizza,medium,val,yes,additional_1000
data/food101_subset/pizza/pizza_0297.jpg,pizza,small,train,yes,additional_1000
data/food101_subset/pizza/pizza_0831.jpg,pizza,medium,train,yes,additional_1000
data/food101_subset/pizza/pizza_0152.jpg,pizza,medium,train,yes,additional_1000
data/food101_subset/pizza/pizza_0265.jpg,pizza,medium,train,yes,additional_1000
data/food101_subset/pizza/pizza_0228.jpg,pizza,large,train,yes,additional_1000
data/food101_subset/pizza/pizza_0074.jpg,pizza,large,train,yes,additional_1000
data/food101_subset/pizza/pizza_0371.jpg,pizza,large,train,yes,additional_1000
data/food101_subset/pizza/pizza_0490.jpg,pizza,large,val,yes,additional_1000
data/food101_subset/pizza/pizza_0224.jpg,pizza,large,train,yes,additional_1000
data/food101_subset/pizza/pizza_0162.jpg,pizza,large,test,yes,additional_1000
data/food101_subset/pizza/pizza_0124.jpg,pizza,medium,train,yes,additional_1000
data/food101_subset/pizza/pizza_0329.jpg,pizza,medium,train,yes,additional_1000
data/food101_subset/pizza/pizza_0548.jpg,pizza,large,train,yes,additional_1000
data/food101_subset/pizza/pizza_0429.jpg,pizza,large,train,yes,additional_1000
data/food101_subset/pizza/pizza_0036.jpg,pizza,medium,val,yes,additional_1000
data/food101_subset/pizza/pizza_0378.jpg,pizza,small,train,yes,additional_1000
data/food101_subset/pizza/pizza_0405.jpg,pizza,large,train,yes,additional_1000
data/food101_subset/pizza/pizza_0055.jpg,pizza,medium,train,yes,additional_1000
data/food101_subset/pizza/pizza_0866.jpg,pizza,large,train,yes,additional_1000
data/food101_subset/pizza/pizza_0943.jpg,pizza,medium,train,yes,additional_1000
data/food101_subset/pizza/pizza_0390.jpg,pizza,large,test,yes,additional_1000
data/food101_subset/pizza/pizza_0928.jpg,pizza,medium,train,yes,additional_1000
data/food101_subset/pizza/pizza_0335.jpg,pizza,large,train,yes,additional_1000
data/food101_subset/pizza/pizza_0433.jpg,pizza,large,train,yes,additional_1000
data/food101_subset/pizza/pizza_0758.jpg,pizza,medium,train,yes,additional_1000
data/food101_subset/pizza/pizza_0441.jpg,pizza,large,train,yes,additional_1000
data/food101_subset/pizza/pizza_0517.jpg,pizza,large,train,yes,additional_1000
data/food101_subset/pizza/pizza_0873.jpg,pizza,large,train,yes,additional_1000
data/food101_subset/pizza/pizza_0739.jpg,pizza,large,val,yes,additional_1000
data/food101_subset/pizza/pizza_0266.jpg,pizza,medium,train,yes,additional_1000
data/food101_subset/pizza/pizza_0020.jpg,pizza,medium,train,yes,additional_1000
data/food101_subset/pizza/pizza_0750.jpg,pizza,large,train,yes,additional_1000
data/food101_subset/pizza/pizza_0180.jpg,pizza,medium,train,yes,additional_1000
data/food101_subset/pizza/pizza_0837.jpg,pizza,large,train,yes,additional_1000
data/food101_subset/pizza/pizza_0054.jpg,pizza,medium,train,yes,additional_1000
data/food101_subset/pizza/pizza_0992.jpg,pizza,large,train,yes,additional_1000
data/food101_subset/pizza/pizza_0050.jpg,pizza,large,train,yes,additional_1000
data/food101_subset/pizza/pizza_0277.jpg,pizza,large,test,yes,additional_1000
data/food101_subset/pizza/pizza_0745.jpg,pizza,large,train,yes,additional_1000
data/food101_subset/pizza/pizza_0605.jpg,pizza,large,train,yes,additional_1000
data/food101_subset/pizza/pizza_0393.jpg,pizza,medium,val,yes,additional_1000
data/food101_subset/pizza/pizza_0823.jpg,pizza,large,train,yes,additional_1000
data/food101_subset/pizza/pizza_0383.jpg,pizza,medium,train,yes,additional_1000
data/food101_subset/pizza/pizza_0805.jpg,pizza,large,val,yes,additional_1000
data/food101_subset/pizza/pizza_0132.jpg,pizza,large,train,yes,additional_1000
data/food101_subset/pizza/pizza_0503.jpg,pizza,medium,val,yes,additional_1000
data/food101_subset/pizza/pizza_0869.jpg,pizza,large,train,yes,additional_1000
data/food101_subset/pizza/pizza_0463.jpg,pizza,medium,train,yes,additional_1000
data/food101_subset/pizza/pizza_0924.jpg,pizza,medium,train,yes,additional_1000
data/food101_subset/pizza/pizza_0985.jpg,pizza,large,train,yes,additional_1000
data/food101_subset/pizza/pizza_0563.jpg,pizza,large,test,yes,additional_1000
data/food101_subset/pizza/pizza_0456.jpg,pizza,large,val,yes,additional_1000
data/food101_subset/pizza/pizza_0645.jpg,pizza,large,train,yes,additional_1000
data/food101_subset/pizza/pizza_0302.jpg,pizza,medium,train,yes,additional_1000
data/food101_subset/pizza/pizza_0636.jpg,pizza,large,train,yes,additional_1000
data/food101_subset/pizza/pizza_0999.jpg,pizza,large,train,yes,additional_1000
data/food101_subset/pizza/pizza_0465.jpg,pizza,large,train,yes,additional_1000
data/food101_subset/pizza/pizza_0460.jpg,pizza,large,test,yes,additional_1000
data/food101_subset/pizza/pizza_0296.jpg,pizza,medium,val,yes,additional_1000
data/food101_subset/pizza/pizza_0187.jpg,pizza,medium,train,yes,additional_1000
data/food101_subset/pizza/pizza_0042.jpg,pizza,large,train,yes,additional_1000
data/food101_subset/pizza/pizza_0462.jpg,pizza,large,val,yes,additional_1000
data/food101_subset/pizza/pizza_0090.jpg,pizza,medium,train,yes,additional_1000
data/food101_subset/pizza/pizza_0041.jpg,pizza,medium,val,yes,additional_1000
data/food101_subset/pizza/pizza_0524.jpg,pizza,medium,train,yes,additional_1000
data/food101_subset/pizza/pizza_0872.jpg,pizza,large,test,yes,additional_1000
data/food101_subset/pizza/pizza_0389.jpg,pizza,small,train,yes,additional_1000
data/food101_subset/pizza/pizza_0280.jpg,pizza,small,train,yes,additional_1000
data/food101_subset/pizza/pizza_0898.jpg,pizza,large,test,yes,additional_1000
data/food101_subset/pizza/pizza_0243.jpg,pizza,medium,val,yes,additional_1000
data/food101_subset/pizza/pizza_0939.jpg,pizza,large,train,yes,additional_1000
data/food101_subset/pizza/pizza_0549.jpg,pizza,large,train,yes,additional_1000
data/food101_subset/pizza/pizza_0283.jpg,pizza,medium,train,yes,additional_1000
data/food101_subset/pizza/pizza_0354.jpg,pizza,large,train,yes,additional_1000
data/food101_subset/pizza/pizza_0673.jpg,pizza,large,train,yes,additional_1000
data/food101_subset/pizza/pizza_0071.jpg,pizza,medium,train,yes,additional_1000
data/food101_subset/pizza/pizza_0562.jpg,pizza,large,test,yes,additional_1000
data/food101_subset/pizza/pizza_0922.jpg,pizza,large,train,yes,additional_1000
data/food101_subset/pizza/pizza_0315.jpg,pizza,large,train,yes,additional_1000
data/food101_subset/pizza/pizza_0155.jpg,pizza,large,train,yes,additional_1000
data/food101_subset/pizza/pizza_0637.jpg,pizza,large,train,yes,additional_1000
data/food101_subset/pizza/pizza_0138.jpg,pizza,large,train,yes,additional_1000
data/food101_subset/pizza/pizza_0093.jpg,pizza,large,train,yes,additional_1000
data/food101_subset/pizza/pizza_0702.jpg,pizza,large,val,yes,additional_1000
data/food101_subset/pizza/pizza_0386.jpg,pizza,medium,test,yes,additional_1000
data/food101_subset/pizza/pizza_0448.jpg,pizza,large,train,yes,additional_1000
data/food101_subset/pizza/pizza_0023.jpg,pizza,medium,train,yes,additional_1000
data/food101_subset/pizza/pizza_0640.jpg,pizza,large,train,yes,additional_1000
data/food101_subset/pizza/pizza_0361.jpg,pizza,large,train,yes,additional_1000
data/food101_subset/pizza/pizza_0481.jpg,pizza,small,train,yes,additional_1000
data/food101_subset/pizza/pizza_0841.jpg,pizza,medium,test,yes,additional_1000
data/food101_subset/pizza/pizza_0516.jpg,pizza,large,train,yes,additional_1000
data/food101_subset/pizza/pizza_0708.jpg,pizza,small,train,yes,additional_1000
data/food101_subset/pizza/pizza_0250.jpg,pizza,medium,train,yes,additional_1000
data/food101_subset/pizza/pizza_0119.jpg,pizza,large,train,yes,additional_1000
data/food101_subset/pizza/pizza_0110.jpg,pizza,large,train,yes,additional_1000
data/food101_subset/pizza/pizza_0358.jpg,pizza,medium,train,yes,additional_1000
data/food101_subset/pizza/pizza_0133.jpg,pizza,large,train,yes,additional_1000
data/food101_subset/pizza/pizza_0268.jpg,pizza,small,train,yes,additional_1000
data/food101_subset/pizza/pizza_0895.jpg,pizza,large,train,yes,additional_1000
data/food101_subset/pizza/pizza_0576.jpg,pizza,medium,train,yes,additional_1000
data/food101_subset/pizza/pizza_0919.jpg,pizza,medium,train,yes,additional_1000
data/food101_subset/pizza/pizza_0447.jpg,pizza,large,train,yes,additional_1000
data/food101_subset/pizza/pizza_0536.jpg,pizza,large,train,yes,additional_1000
data/food101_subset/pizza/pizza_0751.jpg,pizza,large,train,yes,additional_1000
data/food101_subset/pizza/pizza_0519.jpg,pizza,large,train,yes,additional_1000
data/food101_subset/pizza/pizza_0109.jpg,pizza,large,train,yes,additional_1000
data/food101_subset/pizza/pizza_0931.jpg,pizza,medium,train,yes,additional_1000
data/food101_subset/pizza/pizza_0986.jpg,pizza,large,train,yes,additional_1000
data/food101_subset/pizza/pizza_0086.jpg,pizza,small,val,yes,additional_1000
data/food101_subset/pizza/pizza_0602.jpg,pizza,large,train,yes,additional_1000
data/food101_subset/pizza/pizza_0909.jpg,pizza,small,train,yes,additional_1000
data/food101_subset/pizza/pizza_0940.jpg,pizza,medium,train,yes,additional_1000
data/food101_subset/pizza/pizza_0151.jpg,pizza,large,train,yes,additional_1000
data/food101_subset/pizza/pizza_0990.jpg,pizza,large,train,yes,additional_1000
data/food101_subset/pizza/pizza_0732.jpg,pizza,large,train,yes,additional_1000
data/food101_subset/pizza/pizza_0988.jpg,pizza,small,train,yes,additional_1000
data/food101_subset/salad/salad_0037.jpg,salad,large,train,yes,additional_1000
data/food101_subset/salad/salad_0810.jpg,salad,medium,train,yes,additional_1000
data/food101_subset/salad/salad_0677.jpg,salad,medium,train,yes,additional_1000
data/food101_subset/salad/salad_0961.jpg,salad,medium,train,yes,additional_1000
data/food101_subset/salad/salad_0064.jpg,salad,small,train,yes,additional_1000
data/food101_subset/salad/salad_0757.jpg,salad,small,train,yes,additional_1000
data/food101_subset/salad/salad_0723.jpg,salad,large,train,yes,additional_1000
data/food101_subset/salad/salad_0367.jpg,salad,medium,test,yes,additional_1000
data/food101_subset/salad/salad_0190.jpg,salad,medium,test,yes,additional_1000
data/food101_subset/salad/salad_0262.jpg,salad,small,train,yes,additional_1000
data/food101_subset/salad/salad_0776.jpg,salad,small,test,yes,additional_1000
data/food101_subset/salad/salad_0984.jpg,salad,medium,train,yes,additional_1000
data/food101_subset/salad/salad_0099.jpg,salad,medium,val,yes,additional_1000
data/food101_subset/salad/salad_0772.jpg,salad,medium,test,yes,additional_1000
data/food101_subset/salad/salad_0701.jpg,salad,large,test,yes,additional_1000
data/food101_subset/salad/salad_0854.jpg,salad,small,train,yes,additional_1000
data/food101_subset/salad/salad_0438.jpg,salad,medium,train,yes,additional_1000
data/food101_subset/salad/salad_0784.jpg,salad,large,train,yes,additional_1000
data/food101_subset/salad/salad_0401.jpg,salad,large,train,yes,additional_1000
data/food101_subset/salad/salad_0679.jpg,salad,small,train,yes,additional_1000
data/food101_subset/salad/salad_0906.jpg,salad,medium,train,yes,additional_1000
data/food101_subset/salad/salad_0782.jpg,salad,medium,train,yes,additional_1000
data/food101_subset/salad/salad_0301.jpg,salad,large,train,yes,additional_1000
data/food101_subset/salad/salad_0242.jpg,salad,medium,test,yes,additional_1000
data/food101_subset/salad/salad_0215.jpg,salad,small,test,yes,additional_1000
data/food101_subset/salad/salad_0947.jpg,salad,medium,train,yes,additional_1000
data/food101_subset/salad/salad_0973.jpg,salad,large,train,yes,additional_1000
data/food101_subset/salad/salad_0804.jpg,salad,medium,train,yes,additional_1000
data/food101_subset/salad/salad_0425.jpg,salad,large,train,yes,additional_1000
data/food101_subset/salad/salad_0472.jpg,salad,medium,val,yes,additional_1000
data/food101_subset/salad/salad_0949.jpg,salad,small,train,yes,additional_1000
data/food101_subset/salad/salad_0843.jpg,salad,large,train,yes,additional_1000
data/food101_subset/salad/salad_0558.jpg,salad,medium,train,yes,additional_1000
data/food101_subset/salad/salad_0601.jpg,salad,medium,test,yes,additional_1000
data/food101_subset/salad/salad_0202.jpg,salad,small,test,yes,additional_1000
data/food101_subset/salad/salad_0665.jpg,salad,medium,train,yes,additional_1000
data/food101_subset/salad/salad_0184.jpg,salad,medium,train,yes,additional_1000
data/food101_subset/salad/salad_0278.jpg,salad,small,train,yes,additional_1000
data/food101_subset/salad/salad_0149.jpg,salad,small,train,yes,additional_1000
data/food101_subset/salad/salad_0541.jpg,salad,small,val,yes,additional_1000
data/food101_subset/salad/salad_0983.jpg,salad,medium,test,yes,additional_1000
data/food101_subset/salad/salad_0504.jpg,salad,small,train,yes,additional_1000
data/food101_subset/salad/salad_0159.jpg,salad,medium,train,yes,additional_1000
data/food101_subset/salad/salad_0482.jpg,salad,medium,train,yes,additional_1000
data/food101_subset/salad/salad_0916.jpg,salad,medium,train,yes,additional_1000
data/food101_subset/salad/salad_0501.jpg,salad,small,train,yes,additional_1000
data/food101_subset/salad/salad_0902.jpg,salad,medium,train,yes,additional_1000
data/food101_subset/salad/salad_0318.jpg,salad,small,train,yes,additional_1000
data/food101_subset/salad/salad_0409.jpg,salad,large,train,yes,additional_1000
data/food101_subset/salad/salad_0070.jpg,salad,large,train,yes,additional_1000
data/food101_subset/salad/salad_0286.jpg,salad,small,train,yes,additional_1000
data/food101_subset/salad/salad_0678.jpg,salad,small,train,yes,additional_1000
data/food101_subset/salad/salad_0412.jpg,salad,medium,train,yes,additional_1000
data/food101_subset/salad/salad_0495.jpg,salad,medium,train,yes,additional_1000
data/food101_subset/salad/salad_0681.jpg,salad,small,train,yes,additional_1000
data/food101_subset/salad/salad_0379.jpg,salad,small,val,yes,additional_1000
data/food101_subset/salad/salad_0014.jpg,salad,medium,test,yes,additional_1000
data/food101_subset/salad/salad_0535.jpg,salad,small,train,yes,additional_1000
data/food101_subset/salad/salad_0991.jpg,salad,medium,train,yes,additional_1000
data/food101_subset/salad/salad_0370.jpg,salad,small,train,yes,additional_1000
data/food101_subset/salad/salad_0062.jpg,salad,medium,train,yes,additional_1000
data/food101_subset/salad/salad_0521.jpg,salad,small,val,yes,additional_1000
data/food101_subset/salad/salad_0650.jpg,salad,small,train,yes,additional_1000
data/food101_subset/salad/salad_0135.jpg,salad,medium,val,yes,additional_1000
data/food101_subset/salad/salad_0851.jpg,salad,medium,train,yes,additional_1000
data/food101_subset/salad/salad_0672.jpg,salad,medium,train,yes,additional_1000
data/food101_subset/salad/salad_0098.jpg,salad,large,train,yes,additional_1000
data/food101_subset/salad/salad_0950.jpg,salad,medium,train,yes,additional_1000
data/food101_subset/salad/salad_0375.jpg,salad,small,train,yes,additional_1000
data/food101_subset/salad/salad_0506.jpg,salad,medium,train,yes,additional_1000
data/food101_subset/salad/salad_0455.jpg,salad,medium,test,yes,additional_1000
data/food101_subset/salad/salad_0485.jpg,salad,large,test,yes,additional_1000
data/food101_subset/salad/salad_0538.jpg,salad,small,train,yes,additional_1000
data/food101_subset/salad/salad_0374.jpg,salad,small,train,yes,additional_1000
data/food101_subset/salad/salad_0744.jpg,salad,small,train,yes,additional_1000
data/food101_subset/salad/salad_0761.jpg,salad,small,train,yes,additional_1000
data/food101_subset/salad/salad_0545.jpg,salad,medium,train,yes,additional_1000
data/food101_subset/salad/salad_0864.jpg,salad,medium,train,yes,additional_1000
data/food101_subset/salad/salad_0935.jpg,salad,medium,train,yes,additional_1000
data/food101_subset/salad/salad_0395.jpg,salad,medium,train,yes,additional_1000
data/food101_subset/salad/salad_0011.jpg,salad,small,train,yes,additional_1000
data/food101_subset/salad/salad_0483.jpg,salad,medium,train,yes,additional_1000
data/food101_subset/salad/salad_0218.jpg,salad,small,val,yes,additional_1000
data/food101_subset/salad/salad_0297.jpg,salad,small,train,yes,additional_1000
data/food101_subset/salad/salad_0831.jpg,salad,medium,train,yes,additional_1000
data/food101_subset/salad/salad_0152.jpg,salad,small,train,yes,additional_1000
data/food101_subset/salad/salad_0265.jpg,salad,small,train,yes,additional_1000
data/food101_subset/salad/salad_0228.jpg,salad,medium,train,yes,additional_1000
data/food101_subset/salad/salad_0074.jpg,salad,medium,train,yes,additional_1000
data/food101_subset/salad/salad_0371.jpg,salad,medium,train,yes,additional_1000
data/food101_subset/salad/salad_0490.jpg,salad,small,val,yes,additional_1000
data/food101_subset/salad/salad_0224.jpg,salad,small,train,yes,additional_1000
data/food101_subset/salad/salad_0162.jpg,salad,medium,test,yes,additional_1000
data/food101_subset/salad/salad_0124.jpg,salad,small,train,yes,additional_1000
data/food101_subset/salad/salad_0329.jpg,salad,small,train,yes,additional_1000
data/food101_subset/salad/salad_0548.jpg,salad,large,train,yes,additional_1000
data/food101_subset/salad/salad_0429.jpg,salad,medium,train,yes,additional_1000
data/food101_subset/salad/salad_0036.jpg,salad,small,val,yes,additional_1000
data/food101_subset/salad/salad_0378.jpg,salad,small,train,yes,additional_1000
data/food101_subset/salad/salad_0405.jpg,salad,small,train,yes,additional_1000
data/food101_subset/salad/salad_0055.jpg,salad,medium,train,yes,additional_1000
data/food101_subset/salad/salad_0866.jpg,salad,medium,train,yes,additional_1000
data/food101_subset/salad/salad_0943.jpg,salad,medium,train,yes,additional_1000
data/food101_subset/salad/salad_0390.jpg,salad,small,test,yes,additional_1000
data/food101_subset/salad/salad_0928.jpg,salad,medium,train,yes,additional_1000
data/food101_subset/salad/salad_0335.jpg,salad,medium,train,yes,additional_1000
data/food101_subset/salad/salad_0433.jpg,salad,small,train,yes,additional_1000
data/food101_subset/salad/salad_0758.jpg,salad,small,train,yes,additional_1000
data/food101_subset/salad/salad_0441.jpg,salad,small,train,yes,additional_1000
data/food101_subset/salad/salad_0517.jpg,salad,medium,train,yes,additional_1000
data/food101_subset/salad/salad_0873.jpg,salad,small,train,yes,additional_1000
data/food101_subset/salad/salad_0739.jpg,salad,small,val,yes,additional_1000
data/food101_subset/salad/salad_0266.jpg,salad,small,train,yes,additional_1000
data/food101_subset/salad/salad_0020.jpg,salad,medium,train,yes,additional_1000
data/food101_subset/salad/salad_0750.jpg,salad,medium,train,yes,additional_1000
data/food101_subset/salad/salad_0180.jpg,salad,medium,train,yes,additional_1000
data/food101_subset/salad/salad_0837.jpg,salad,small,train,yes,additional_1000
data/food101_subset/salad/salad_0054.jpg,salad,large,train,yes,additional_1000
data/food101_subset/salad/salad_0992.jpg,salad,medium,train,yes,additional_1000
data/food101_subset/salad/salad_0050.jpg,salad,small,train,yes,additional_1000
data/food101_subset/salad/salad_0277.jpg,salad,small,test,yes,additional_1000
data/food101_subset/salad/salad_0745.jpg,salad,small,train,yes,additional_1000
data/food101_subset/salad/salad_0605.jpg,salad,medium,train,yes,additional_1000
data/food101_subset/salad/salad_0393.jpg,salad,large,val,yes,additional_1000
data/food101_subset/salad/salad_0823.jpg,salad,medium,train,yes,additional_1000
data/food101_subset/salad/salad_0383.jpg,salad,small,train,yes,additional_1000
data/food101_subset/salad/salad_0805.jpg,salad,medium,val,yes,additional_1000
data/food101_subset/salad/salad_0132.jpg,salad,medium,train,yes,additional_1000
data/food101_subset/salad/salad_0503.jpg,salad,large,val,yes,additional_1000
data/food101_subset/salad/salad_0869.jpg,salad,large,train,yes,additional_1000
data/food101_subset/salad/salad_0463.jpg,salad,medium,train,yes,additional_1000
data/food101_subset/salad/salad_0924.jpg,salad,small,train,yes,additional_1000
data/food101_subset/salad/salad_0985.jpg,salad,small,train,yes,additional_1000
data/food101_subset/salad/salad_0563.jpg,salad,medium,test,yes,additional_1000
data/food101_subset/salad/salad_0456.jpg,salad,large,val,yes,additional_1000
data/food101_subset/salad/salad_0645.jpg,salad,medium,train,yes,additional_1000
data/food101_subset/salad/salad_0302.jpg,salad,small,train,yes,additional_1000
data/food101_subset/salad/salad_0636.jpg,salad,small,train,yes,additional_1000
data/food101_subset/salad/salad_0999.jpg,salad,medium,train,yes,additional_1000
data/food101_subset/salad/salad_0465.jpg,salad,small,train,yes,additional_1000
data/food101_subset/salad/salad_0460.jpg,salad,medium,test,yes,additional_1000
data/food101_subset/salad/salad_0296.jpg,salad,small,val,yes,additional_1000
data/food101_subset/salad/salad_0187.jpg,salad,small,train,yes,additional_1000
data/food101_subset/salad/salad_0042.jpg,salad,small,train,yes,additional_1000
data/food101_subset/salad/salad_0462.jpg,salad,medium,val,yes,additional_1000
data/food101_subset/salad/salad_0090.jpg,salad,medium,train,yes,additional_1000
data/food101_subset/salad/salad_0041.jpg,salad,medium,val,yes,additional_1000
data/food101_subset/salad/salad_0524.jpg,salad,large,train,yes,additional_1000
data/food101_subset/salad/salad_0872.jpg,salad,small,test,yes,additional_1000
data/food101_subset/salad/salad_0389.jpg,salad,small,train,yes,additional_1000
data/food101_subset/salad/salad_0280.jpg,salad,small,train,yes,additional_1000
data/food101_subset/salad/salad_0898.jpg,salad,small,test,yes,additional_1000
data/food101_subset/salad/salad_0243.jpg,salad,medium,val,yes,additional_1000
data/food101_subset/salad/salad_0939.jpg,salad,large,train,yes,additional_1000
data/food101_subset/salad/salad_0549.jpg,salad,medium,train,yes,additional_1000
data/food101_subset/salad/salad_0283.jpg,salad,medium,train,yes,additional_1000
data/food101_subset/salad/salad_0354.jpg,salad,medium,train,yes,additional_1000
data/food101_subset/salad/salad_0673.jpg,salad,medium,train,yes,additional_1000
data/food101_subset/salad/salad_0071.jpg,salad,large,train,yes,additional_1000
data/food101_subset/salad/salad_0562.jpg,salad,small,test,yes,additional_1000
data/food101_subset/salad/salad_0922.jpg,salad,medium,train,yes,additional_1000
data/food101_subset/salad/salad_0315.jpg,salad,medium,train,yes,additional_1000
data/food101_subset/salad/salad_0155.jpg,salad,small,train,yes,additional_1000
data/food101_subset/salad/salad_0637.jpg,salad,small,train,yes,additional_1000
data/food101_subset/salad/salad_0138.jpg,salad,small,train,yes,additional_1000
data/food101_subset/salad/salad_0093.jpg,salad,medium,train,yes,additional_1000
data/food101_subset/salad/salad_0702.jpg,salad,medium,val,yes,additional_1000
data/food101_subset/salad/salad_0386.jpg,salad,small,test,yes,additional_1000
data/food101_subset/salad/salad_0448.jpg,salad,small,train,yes,additional_1000
data/food101_subset/salad/salad_0023.jpg,salad,medium,train,yes,additional_1000
data/food101_subset/salad/salad_0640.jpg,salad,medium,train,yes,additional_1000
data/food101_subset/salad/salad_0361.jpg,salad,small,train,yes,additional_1000
data/food101_subset/salad/salad_0481.jpg,salad,small,train,yes,additional_1000
data/food101_subset/salad/salad_0841.jpg,salad,medium,test,yes,additional_1000
data/food101_subset/salad/salad_0516.jpg,salad,small,train,yes,additional_1000
data/food101_subset/salad/salad_0708.jpg,salad,medium,train,yes,additional_1000
data/food101_subset/salad/salad_0250.jpg,salad,small,train,yes,additional_1000
data/food101_subset/salad/salad_0119.jpg,salad,small,train,yes,additional_1000
data/food101_subset/salad/salad_0110.jpg,salad,small,train,yes,additional_1000
data/food101_subset/salad/salad_0358.jpg,salad,medium,train,yes,additional_1000
data/food101_subset/salad/salad_0133.jpg,salad,medium,train,yes,additional_1000
data/food101_subset/salad/salad_0268.jpg,salad,medium,train,yes,additional_1000
data/food101_subset/salad/salad_0895.jpg,salad,medium,train,yes,additional_1000
data/food101_subset/salad/salad_0576.jpg,salad,small,train,yes,additional_1000
data/food101_subset/salad/salad_0919.jpg,salad,large,train,yes,additional_1000
data/food101_subset/salad/salad_0447.jpg,salad,large,train,yes,additional_1000
data/food101_subset/salad/salad_0536.jpg,salad,large,train,yes,additional_1000
data/food101_subset/salad/salad_0751.jpg,salad,medium,train,yes,additional_1000
data/food101_subset/salad/salad_0519.jpg,salad,medium,train,yes,additional_1000
data/food101_subset/salad/salad_0109.jpg,salad,medium,train,yes,additional_1000
data/food101_subset/salad/salad_0931.jpg,salad,medium,train,yes,additional_1000
data/food101_subset/salad/salad_0986.jpg,salad,medium,train,yes,additional_1000
data/food101_subset/salad/salad_0086.jpg,salad,small,val,yes,additional_1000
data/food101_subset/salad/salad_0602.jpg,salad,small,train,yes,additional_1000
data/food101_subset/salad/salad_0909.jpg,salad,medium,train,yes,additional_1000
data/food101_subset/salad/salad_0940.jpg,salad,small,train,yes,additional_1000
data/food101_subset/salad/salad_0151.jpg,salad,medium,train,yes,additional_1000
data/food101_subset/salad/salad_0990.jpg,salad,small,train,yes,additional_1000
data/food101_subset/salad/salad_0732.jpg,salad,small,train,yes,additional_1000
data/food101_subset/salad/salad_0988.jpg,salad,small,train,yes,additional_1000
data/food101_subset/sushi/sushi_0037.jpg,sushi,small,train,yes,additional_1000
data/food101_subset/sushi/sushi_0810.jpg,sushi,medium,train,yes,additional_1000
data/food101_subset/sushi/sushi_0677.jpg,sushi,medium,train,yes,additional_1000
data/food101_subset/sushi/sushi_0961.jpg,sushi,small,train,yes,additional_1000
data/food101_subset/sushi/sushi_0064.jpg,sushi,medium,train,yes,additional_1000
data/food101_subset/sushi/sushi_0757.jpg,sushi,medium,train,yes,additional_1000
data/food101_subset/sushi/sushi_0723.jpg,sushi,medium,train,yes,additional_1000
data/food101_subset/sushi/sushi_0367.jpg,sushi,small,test,yes,additional_1000
data/food101_subset/sushi/sushi_0190.jpg,sushi,medium,test,yes,additional_1000
data/food101_subset/sushi/sushi_0262.jpg,sushi,large,train,yes,additional_1000
data/food101_subset/sushi/sushi_0776.jpg,sushi,medium,test,yes,additional_1000
data/food101_subset/sushi/sushi_0984.jpg,sushi,small,train,yes,additional_1000
data/food101_subset/sushi/sushi_0099.jpg,sushi,small,val,yes,additional_1000
data/food101_subset/sushi/sushi_0772.jpg,sushi,large,test,yes,additional_1000
data/food101_subset/sushi/sushi_0701.jpg,sushi,large,test,yes,additional_1000
data/food101_subset/sushi/sushi_0854.jpg,sushi,medium,train,yes,additional_1000
data/food101_subset/sushi/sushi_0438.jpg,sushi,small,train,yes,additional_1000
data/food101_subset/sushi/sushi_0784.jpg,sushi,medium,train,yes,additional_1000
data/food101_subset/sushi/sushi_0401.jpg,sushi,small,train,yes,additional_1000
data/food101_subset/sushi/sushi_0679.jpg,sushi,medium,train,yes,additional_1000
data/food101_subset/sushi/sushi_0906.jpg,sushi,large,train,yes,additional_1000
data/food101_subset/sushi/sushi_0782.jpg,sushi,small,train,yes,additional_1000
data/food101_subset/sushi/sushi_0301.jpg,sushi,medium,train,yes,additional_1000
data/food101_subset/sushi/sushi_0242.jpg,sushi,medium,test,yes,additional_1000
data/food101_subset/sushi/sushi_0215.jpg,sushi,medium,test,yes,additional_1000
data/food101_subset/sushi/sushi_0947.jpg,sushi,large,train,yes,additional_1000
data/food101_subset/sushi/sushi_0973.jpg,sushi,large,train,yes,additional_1000
data/food101_subset/sushi/sushi_0804.jpg,sushi,medium,train,yes,additional_1000
data/food101_subset/sushi/sushi_0425.jpg,sushi,medium,train,yes,additional_1000
data/food101_subset/sushi/sushi_0472.jpg,sushi,large,val,yes,additional_1000
data/food101_subset/sushi/sushi_0949.jpg,sushi,medium,train,yes,additional_1000
data/food101_subset/sushi/sushi_0843.jpg,sushi,large,train,yes,additional_1000
data/food101_subset/sushi/sushi_0558.jpg,sushi,medium,train,yes,additional_1000
data/food101_subset/sushi/sushi_0601.jpg,sushi,large,test,yes,additional_1000
data/food101_subset/sushi/sushi_0202.jpg,sushi,small,test,yes,additional_1000
data/food101_subset/sushi/sushi_0665.jpg,sushi,small,train,yes,additional_1000
data/food101_subset/sushi/sushi_0184.jpg,sushi,small,train,yes,additional_1000
data/food101_subset/sushi/sushi_0278.jpg,sushi,large,train,yes,additional_1000
data/food101_subset/sushi/sushi_0149.jpg,sushi,medium,train,yes,additional_1000
data/food101_subset/sushi/sushi_0541.jpg,sushi,medium,val,yes,additional_1000
data/food101_subset/sushi/sushi_0983.jpg,sushi,small,test,yes,additional_1000
data/food101_subset/sushi/sushi_0504.jpg,sushi,medium,train,yes,additional_1000
data/food101_subset/sushi/sushi_0159.jpg,sushi,small,train,yes,additional_1000
data/food101_subset/sushi/sushi_0482.jpg,sushi,small,train,yes,additional_1000
data/food101_subset/sushi/sushi_0916.jpg,sushi,medium,train,yes,additional_1000
data/food101_subset/sushi/sushi_0501.jpg,sushi,small,train,yes,additional_1000
data/food101_subset/sushi/sushi_0902.jpg,sushi,medium,train,yes,additional_1000
data/food101_subset/sushi/sushi_0318.jpg,sushi,small,train,yes,additional_1000
data/food101_subset/sushi/sushi_0409.jpg,sushi,medium,train,yes,additional_1000
data/food101_subset/sushi/sushi_0070.jpg,sushi,small,train,yes,additional_1000
data/food101_subset/sushi/sushi_0286.jpg,sushi,large,train,yes,additional_1000
data/food101_subset/sushi/sushi_0678.jpg,sushi,medium,train,yes,additional_1000
data/food101_subset/sushi/sushi_0412.jpg,sushi,medium,train,yes,additional_1000
data/food101_subset/sushi/sushi_0495.jpg,sushi,small,train,yes,additional_1000
data/food101_subset/sushi/sushi_0681.jpg,sushi,small,train,yes,additional_1000
data/food101_subset/sushi/sushi_0379.jpg,sushi,large,val,yes,additional_1000
data/food101_subset/sushi/sushi_0014.jpg,sushi,large,test,yes,additional_1000
data/food101_subset/sushi/sushi_0535.jpg,sushi,medium,train,yes,additional_1000
data/food101_subset/sushi/sushi_0991.jpg,sushi,large,train,yes,additional_1000
data/food101_subset/sushi/sushi_0370.jpg,sushi,medium,train,yes,additional_1000
data/food101_subset/sushi/sushi_0062.jpg,sushi,small,train,yes,additional_1000
data/food101_subset/sushi/sushi_0521.jpg,sushi,medium,val,yes,additional_1000
data/food101_subset/sushi/sushi_0650.jpg,sushi,large,train,yes,additional_1000
data/food101_subset/sushi/sushi_0135.jpg,sushi,medium,val,yes,additional_1000
data/food101_subset/sushi/sushi_0851.jpg,sushi,medium,train,yes,additional_1000
data/food101_subset/sushi/sushi_0672.jpg,sushi,large,train,yes,additional_1000
data/food101_subset/sushi/sushi_0098.jpg,sushi,large,train,yes,additional_1000
data/food101_subset/sushi/sushi_0950.jpg,sushi,medium,train,yes,additional_1000
data/food101_subset/sushi/sushi_0375.jpg,sushi,large,train,yes,additional_1000
data/food101_subset/sushi/sushi_0506.jpg,sushi,medium,train,yes,additional_1000
data/food101_subset/sushi/sushi_0455.jpg,sushi,small,test,yes,additional_1000
data/food101_subset/sushi/sushi_0485.jpg,sushi,small,test,yes,additional_1000
data/food101_subset/sushi/sushi_0538.jpg,sushi,medium,train,yes,additional_1000
data/food101_subset/sushi/sushi_0374.jpg,sushi,medium,train,yes,additional_1000
data/food101_subset/sushi/sushi_0744.jpg,sushi,small,train,yes,additional_1000
data/food101_subset/sushi/sushi_0761.jpg,sushi,large,train,yes,additional_1000
data/food101_subset/sushi/sushi_0545.jpg,sushi,medium,train,yes,additional_1000
data/food101_subset/sushi/sushi_0864.jpg,sushi,large,train,yes,additional_1000
data/food101_subset/sushi/sushi_0935.jpg,sushi,small,train,yes,additional_1000
data/food101_subset/sushi/sushi_0395.jpg,sushi,large,train,yes,additional_1000
data/food101_subset/sushi/sushi_0011.jpg,sushi,medium,train,yes,additional_1000
data/food101_subset/sushi/sushi_0483.jpg,sushi,large,train,yes,additional_1000
data/food101_subset/sushi/sushi_0218.jpg,sushi,large,val,yes,additional_1000
data/food101_subset/sushi/sushi_0297.jpg,sushi,large,train,yes,additional_1000
data/food101_subset/sushi/sushi_0831.jpg,sushi,medium,train,yes,additional_1000
data/food101_subset/sushi/sushi_0152.jpg,sushi,medium,train,yes,additional_1000
data/food101_subset/sushi/sushi_0265.jpg,sushi,medium,train,yes,additional_1000
data/food101_subset/sushi/sushi_0228.jpg,sushi,medium,train,yes,additional_1000
data/food101_subset/sushi/sushi_0074.jpg,sushi,medium,train,yes,additional_1000
data/food101_subset/sushi/sushi_0371.jpg,sushi,medium,train,yes,additional_1000
data/food101_subset/sushi/sushi_0490.jpg,sushi,small,val,yes,additional_1000
data/food101_subset/sushi/sushi_0224.jpg,sushi,small,train,yes,additional_1000
data/food101_subset/sushi/sushi_0162.jpg,sushi,medium,test,yes,additional_1000
data/food101_subset/sushi/sushi_0124.jpg,sushi,small,train,yes,additional_1000
data/food101_subset/sushi/sushi_0329.jpg,sushi,large,train,yes,additional_1000
data/food101_subset/sushi/sushi_0548.jpg,sushi,small,train,yes,additional_1000
data/food101_subset/sushi/sushi_0429.jpg,sushi,small,train,yes,additional_1000
data/food101_subset/sushi/sushi_0036.jpg,sushi,medium,val,yes,additional_1000
data/food101_subset/sushi/sushi_0378.jpg,sushi,large,train,yes,additional_1000
data/food101_subset/sushi/sushi_0405.jpg,sushi,large,train,yes,additional_1000
data/food101_subset/sushi/sushi_0055.jpg,sushi,large,train,yes,additional_1000
data/food101_subset/sushi/sushi_0866.jpg,sushi,medium,train,yes,additional_1000
data/food101_subset/sushi/sushi_0943.jpg,sushi,small,train,yes,additional_1000
data/food101_subset/sushi/sushi_0390.jpg,sushi,medium,test,yes,additional_1000
data/food101_subset/sushi/sushi_0928.jpg,sushi,medium,train,yes,additional_1000
data/food101_subset/sushi/sushi_0335.jpg,sushi,small,train,yes,additional_1000
data/food101_subset/sushi/sushi_0433.jpg,sushi,small,train,yes,additional_1000
data/food101_subset/sushi/sushi_0758.jpg,sushi,medium,train,yes,additional_1000
data/food101_subset/sushi/sushi_0441.jpg,sushi,small,train,yes,additional_1000
data/food101_subset/sushi/sushi_0517.jpg,sushi,medium,train,yes,additional_1000
data/food101_subset/sushi/sushi_0873.jpg,sushi,large,train,yes,additional_1000
data/food101_subset/sushi/sushi_0739.jpg,sushi,large,val,yes,additional_1000
data/food101_subset/sushi/sushi_0266.jpg,sushi,large,train,yes,additional_1000
data/food101_subset/sushi/sushi_0020.jpg,sushi,medium,train,yes,additional_1000
data/food101_subset/sushi/sushi_0750.jpg,sushi,large,train,yes,additional_1000
data/food101_subset/sushi/sushi_0180.jpg,sushi,large,train,yes,additional_1000
data/food101_subset/sushi/sushi_0837.jpg,sushi,medium,train,yes,additional_1000
data/food101_subset/sushi/sushi_0054.jpg,sushi,medium,train,yes,additional_1000
data/food101_subset/sushi/sushi_0992.jpg,sushi,large,train,yes,additional_1000
data/food101_subset/sushi/sushi_0050.jpg,sushi,small,train,yes,additional_1000
data/food101_subset/sushi/sushi_0277.jpg,sushi,large,test,yes,additional_1000
data/food101_subset/sushi/sushi_0745.jpg,sushi,medium,train,yes,additional_1000
data/food101_subset/sushi/sushi_0605.jpg,sushi,medium,train,yes,additional_1000
data/food101_subset/sushi/sushi_0393.jpg,sushi,large,val,yes,additional_1000
data/food101_subset/sushi/sushi_0823.jpg,sushi,large,train,yes,additional_1000
data/food101_subset/sushi/sushi_0383.jpg,sushi,medium,train,yes,additional_1000
data/food101_subset/sushi/sushi_0805.jpg,sushi,medium,val,yes,additional_1000
data/food101_subset/sushi/sushi_0132.jpg,sushi,medium,train,yes,additional_1000
data/food101_subset/sushi/sushi_0503.jpg,sushi,medium,val,yes,additional_1000
data/food101_subset/sushi/sushi_0869.jpg,sushi,medium,train,yes,additional_1000
data/food101_subset/sushi/sushi_0463.jpg,sushi,medium,train,yes,additional_1000
data/food101_subset/sushi/sushi_0924.jpg,sushi,small,train,yes,additional_1000
data/food101_subset/sushi/sushi_0985.jpg,sushi,small,train,yes,additional_1000
data/food101_subset/sushi/sushi_0563.jpg,sushi,medium,test,yes,additional_1000
data/food101_subset/sushi/sushi_0456.jpg,sushi,large,val,yes,additional_1000
data/food101_subset/sushi/sushi_0645.jpg,sushi,medium,train,yes,additional_1000
data/food101_subset/sushi/sushi_0302.jpg,sushi,small,train,yes,additional_1000
data/food101_subset/sushi/sushi_0636.jpg,sushi,medium,train,yes,additional_1000
data/food101_subset/sushi/sushi_0999.jpg,sushi,medium,train,yes,additional_1000
data/food101_subset/sushi/sushi_0465.jpg,sushi,large,train,yes,additional_1000
data/food101_subset/sushi/sushi_0460.jpg,sushi,large,test,yes,additional_1000
data/food101_subset/sushi/sushi_0296.jpg,sushi,medium,val,yes,additional_1000
data/food101_subset/sushi/sushi_0187.jpg,sushi,large,train,yes,additional_1000
data/food101_subset/sushi/sushi_0042.jpg,sushi,large,train,yes,additional_1000
data/food101_subset/sushi/sushi_0462.jpg,sushi,large,val,yes,additional_1000
data/food101_subset/sushi/sushi_0090.jpg,sushi,medium,train,yes,additional_1000
data/food101_subset/sushi/sushi_0041.jpg,sushi,small,val,yes,additional_1000
data/food101_subset/sushi/sushi_0524.jpg,sushi,medium,train,yes,additional_1000
data/food101_subset/sushi/sushi_0872.jpg,sushi,medium,test,yes,additional_1000
data/food101_subset/sushi/sushi_0389.jpg,sushi,medium,train,yes,additional_1000
data/food101_subset/sushi/sushi_0280.jpg,sushi,medium,train,yes,additional_1000
data/food101_subset/sushi/sushi_0898.jpg,sushi,large,test,yes,additional_1000
data/food101_subset/sushi/sushi_0243.jpg,sushi,small,val,yes,additional_1000
data/food101_subset/sushi/sushi_0939.jpg,sushi,medium,train,yes,additional_1000
data/food101_subset/sushi/sushi_0549.jpg,sushi,large,train,yes,additional_1000
data/food101_subset/sushi/sushi_0283.jpg,sushi,medium,train,yes,additional_1000
data/food101_subset/sushi/sushi_0354.jpg,sushi,medium,train,yes,additional_1000
data/food101_subset/sushi/sushi_0673.jpg,sushi,medium,train,yes,additional_1000
data/food101_subset/sushi/sushi_0071.jpg,sushi,medium,train,yes,additional_1000
data/food101_subset/sushi/sushi_0562.jpg,sushi,medium,test,yes,additional_1000
data/food101_subset/sushi/sushi_0922.jpg,sushi,medium,train,yes,additional_1000
data/food101_subset/sushi/sushi_0315.jpg,sushi,large,train,yes,additional_1000
data/food101_subset/sushi/sushi_0155.jpg,sushi,medium,train,yes,additional_1000
data/food101_subset/sushi/sushi_0637.jpg,sushi,medium,train,yes,additional_1000
data/food101_subset/sushi/sushi_0138.jpg,sushi,large,train,yes,additional_1000
data/food101_subset/sushi/sushi_0093.jpg,sushi,small,train,yes,additional_1000
data/food101_subset/sushi/sushi_0702.jpg,sushi,medium,val,yes,additional_1000
data/food101_subset/sushi/sushi_0386.jpg,sushi,medium,test,yes,additional_1000
data/food101_subset/sushi/sushi_0448.jpg,sushi,medium,train,yes,additional_1000
data/food101_subset/sushi/sushi_0023.jpg,sushi,medium,train,yes,additional_1000
data/food101_subset/sushi/sushi_0640.jpg,sushi,large,train,yes,additional_1000
data/food101_subset/sushi/sushi_0361.jpg,sushi,medium,train,yes,additional_1000
data/food101_subset/sushi/sushi_0481.jpg,sushi,medium,train,yes,additional_1000
data/food101_subset/sushi/sushi_0841.jpg,sushi,large,test,yes,additional_1000
data/food101_subset/sushi/sushi_0516.jpg,sushi,large,train,yes,additional_1000
data/food101_subset/sushi/sushi_0708.jpg,sushi,medium,train,yes,additional_1000
data/food101_subset/sushi/sushi_0250.jpg,sushi,small,train,yes,additional_1000
data/food101_subset/sushi/sushi_0119.jpg,sushi,medium,train,yes,additional_1000
data/food101_subset/sushi/sushi_0110.jpg,sushi,medium,train,yes,additional_1000
data/food101_subset/sushi/sushi_0358.jpg,sushi,large,train,yes,additional_1000
data/food101_subset/sushi/sushi_0133.jpg,sushi,medium,train,yes,additional_1000
data/food101_subset/sushi/sushi_0268.jpg,sushi,small,train,yes,additional_1000
data/food101_subset/sushi/sushi_0895.jpg,sushi,medium,train,yes,additional_1000
data/food101_subset/sushi/sushi_0576.jpg,sushi,small,train,yes,additional_1000
data/food101_subset/sushi/sushi_0919.jpg,sushi,medium,train,yes,additional_1000
data/food101_subset/sushi/sushi_0447.jpg,sushi,large,train,yes,additional_1000
data/food101_subset/sushi/sushi_0536.jpg,sushi,small,train,yes,additional_1000
data/food101_subset/sushi/sushi_0751.jpg,sushi,large,train,yes,additional_1000
data/food101_subset/sushi/sushi_0519.jpg,sushi,medium,train,yes,additional_1000
data/food101_subset/sushi/sushi_0109.jpg,sushi,medium,train,yes,additional_1000
data/food101_subset/sushi/sushi_0931.jpg,sushi,medium,train,yes,additional_1000
data/food101_subset/sushi/sushi_0986.jpg,sushi,medium,train,yes,additional_1000
data/food101_subset/sushi/sushi_0086.jpg,sushi,medium,val,yes,additional_1000
data/food101_subset/sushi/sushi_0602.jpg,sushi,large,train,yes,additional_1000
data/food101_subset/sushi/sushi_0909.jpg,sushi,large,train,yes,additional_1000
data/food101_subset/sushi/sushi_0940.jpg,sushi,medium,train,yes,additional_1000
data/food101_subset/sushi/sushi_0151.jpg,sushi,medium,train,yes,additional_1000
data/food101_subset/sushi/sushi_0990.jpg,sushi,medium,train,yes,additional_1000
data/food101_subset/sushi/sushi_0732.jpg,sushi,small,train,yes,additional_1000
data/food101_subset/sushi/sushi_0988.jpg,sushi,large,train,yes,additional_1000
data/food101_subset/burger/burger_0307.jpg,burger,medium,train,yes,extra_candidates_for_3k
data/food101_subset/burger/burger_0938.jpg,burger,large,test,yes,extra_candidates_for_3k
data/food101_subset/burger/burger_0917.jpg,burger,medium,train,yes,extra_candidates_for_3k
data/food101_subset/burger/burger_0572.jpg,burger,medium,train,yes,extra_candidates_for_3k
data/food101_subset/burger/burger_0341.jpg,burger,large,train,yes,extra_candidates_for_3k
data/food101_subset/burger/burger_0476.jpg,burger,small,test,yes,extra_candidates_for_3k
data/food101_subset/burger/burger_0220.jpg,burger,large,train,yes,extra_candidates_for_3k
data/food101_subset/burger/burger_0617.jpg,burger,large,train,yes,extra_candidates_for_3k
data/food101_subset/burger/burger_0229.jpg,burger,large,train,yes,extra_candidates_for_3k
data/food101_subset/burger/burger_0848.jpg,burger,small,val,yes,extra_candidates_for_3k
data/food101_subset/burger/burger_0192.jpg,burger,medium,test,yes,extra_candidates_for_3k
data/food101_subset/burger/burger_0760.jpg,burger,medium,train,yes,extra_candidates_for_3k
data/food101_subset/burger/burger_0743.jpg,burger,large,val,yes,extra_candidates_for_3k
data/food101_subset/burger/burger_0512.jpg,burger,large,train,yes,extra_candidates_for_3k
data/food101_subset/burger/burger_0547.jpg,burger,small,val,yes,extra_candidates_for_3k
data/food101_subset/burger/burger_0122.jpg,burger,small,test,yes,extra_candidates_for_3k
data/food101_subset/burger/burger_0263.jpg,burger,medium,train,yes,extra_candidates_for_3k
data/food101_subset/burger/burger_0165.jpg,burger,large,train,yes,extra_candidates_for_3k
data/food101_subset/burger/burger_0769.jpg,burger,large,val,yes,extra_candidates_for_3k
data/food101_subset/burger/burger_0627.jpg,burger,small,train,yes,extra_candidates_for_3k
data/food101_subset/burger/burger_0609.jpg,burger,large,train,yes,extra_candidates_for_3k
data/food101_subset/burger/burger_0975.jpg,burger,large,train,yes,extra_candidates_for_3k
data/food101_subset/burger/burger_0621.jpg,burger,small,train,yes,extra_candidates_for_3k
data/food101_subset/burger/burger_0320.jpg,burger,small,train,yes,extra_candidates_for_3k
data/food101_subset/burger/burger_0728.jpg,burger,medium,val,yes,extra_candidates_for_3k
data/food101_subset/burger/burger_0913.jpg,burger,medium,train,yes,extra_candidates_for_3k
data/food101_subset/burger/burger_0551.jpg,burger,small,train,yes,extra_candidates_for_3k
data/food101_subset/burger/burger_0891.jpg,burger,medium,val,yes,extra_candidates_for_3k
data/food101_subset/burger/burger_0726.jpg,burger,large,val,yes,extra_candidates_for_3k
data/food101_subset/burger/burger_0522.jpg,burger,large,train,yes,extra_candidates_for_3k
data/food101_subset/burger/burger_0934.jpg,burger,small,train,yes,extra_candidates_for_3k
data/food101_subset/burger/burger_0956.jpg,burger,medium,test,yes,extra_candidates_for_3k
data/food101_subset/burger/burger_0618.jpg,burger,large,train,yes,extra_candidates_for_3k
data/food101_subset/burger/burger_0360.jpg,burger,small,train,yes,extra_candidates_for_3k
data/food101_subset/burger/burger_0398.jpg,burger,medium,val,yes,extra_candidates_for_3k
data/food101_subset/burger/burger_0669.jpg,burger,large,train,yes,extra_candidates_for_3k
data/food101_subset/burger/burger_0569.jpg,burger,small,train,yes,extra_candidates_for_3k
data/food101_subset/burger/burger_0937.jpg,burger,small,train,yes,extra_candidates_for_3k
data/food101_subset/burger/burger_0648.jpg,burger,large,val,yes,extra_candidates_for_3k
data/food101_subset/burger/burger_0651.jpg,burger,large,train,yes,extra_candidates_for_3k
data/food101_subset/burger/burger_0340.jpg,burger,medium,test,yes,extra_candidates_for_3k
data/food101_subset/burger/burger_0830.jpg,burger,medium,train,yes,extra_candidates_for_3k
data/food101_subset/burger/burger_0209.jpg,burger,small,train,yes,extra_candidates_for_3k
data/food101_subset/burger/burger_0796.jpg,burger,small,val,yes,extra_candidates_for_3k
data/food101_subset/burger/burger_0859.jpg,burger,medium,train,yes,extra_candidates_for_3k
data/food101_subset/burger/burger_0741.jpg,burger,large,train,yes,extra_candidates_for_3k
data/food101_subset/burger/burger_0944.jpg,burger,small,train,yes,extra_candidates_for_3k
data/food101_subset/burger/burger_0013.jpg,burger,medium,train,yes,extra_candidates_for_3k
data/food101_subset/burger/burger_0292.jpg,burger,large,train,yes,extra_candidates_for_3k
data/food101_subset/burger/burger_0752.jpg,burger,large,train,yes,extra_candidates_for_3k
data/food101_subset/burger/burger_0798.jpg,burger,small,train,yes,extra_candidates_for_3k
data/food101_subset/burger/burger_0118.jpg,burger,medium,train,yes,extra_candidates_for_3k
data/food101_subset/burger/burger_0853.jpg,burger,medium,train,yes,extra_candidates_for_3k
data/food101_subset/burger/burger_0654.jpg,burger,small,train,yes,extra_candidates_for_3k
data/food101_subset/burger/burger_0106.jpg,burger,small,test,yes,extra_candidates_for_3k
data/food101_subset/burger/burger_0191.jpg,burger,large,train,yes,extra_candidates_for_3k
data/food101_subset/burger/burger_0276.jpg,burger,small,train,yes,extra_candidates_for_3k
data/food101_subset/burger/burger_0674.jpg,burger,medium,train,yes,extra_candidates_for_3k
data/food101_subset/burger/burger_0709.jpg,burger,large,train,yes,extra_candidates_for_3k
data/food101_subset/burger/burger_0312.jpg,burger,small,train,yes,extra_candidates_for_3k
data/food101_subset/burger/burger_0322.jpg,burger,large,train,yes,extra_candidates_for_3k
data/food101_subset/burger/burger_0440.jpg,burger,medium,train,yes,extra_candidates_for_3k
data/food101_subset/burger/burger_0520.jpg,burger,large,train,yes,extra_candidates_for_3k
data/food101_subset/burger/burger_0232.jpg,burger,large,train,yes,extra_candidates_for_3k
data/food101_subset/burger/burger_0103.jpg,burger,medium,test,yes,extra_candidates_for_3k
data/food101_subset/burger/burger_0556.jpg,burger,small,test,yes,extra_candidates_for_3k
data/food101_subset/burger/burger_0759.jpg,burger,large,train,yes,extra_candidates_for_3k
data/food101_subset/burger/burger_0615.jpg,burger,medium,test,yes,extra_candidates_for_3k
data/food101_subset/burger/burger_0756.jpg,burger,large,train,yes,extra_candidates_for_3k
data/food101_subset/burger/burger_0845.jpg,burger,large,train,yes,extra_candidates_for_3k
data/food101_subset/burger/burger_0808.jpg,burger,small,train,yes,extra_candidates_for_3k
data/food101_subset/burger/burger_0861.jpg,burger,small,test,yes,extra_candidates_for_3k
data/food101_subset/burger/burger_0197.jpg,burger,large,train,yes,extra_candidates_for_3k
data/food101_subset/burger/burger_0284.jpg,burger,large,train,yes,extra_candidates_for_3k
data/food101_subset/burger/burger_0660.jpg,burger,small,train,yes,extra_candidates_for_3k
data/food101_subset/burger/burger_0586.jpg,burger,large,train,yes,extra_candidates_for_3k
data/food101_subset/burger/burger_0622.jpg,burger,large,train,yes,extra_candidates_for_3k
data/food101_subset/burger/burger_0247.jpg,burger,medium,train,yes,extra_candidates_for_3k
data/food101_subset/burger/burger_0828.jpg,burger,medium,train,yes,extra_candidates_for_3k
data/food101_subset/burger/burger_0527.jpg,burger,large,train,yes,extra_candidates_for_3k
data/food101_subset/burger/burger_0231.jpg,burger,large,val,yes,extra_candidates_for_3k
data/food101_subset/burger/burger_0596.jpg,burger,large,train,yes,extra_candidates_for_3k
data/food101_subset/burger/burger_0355.jpg,burger,small,train,yes,extra_candidates_for_3k
data/food101_subset/burger/burger_0807.jpg,burger,medium,train,yes,extra_candidates_for_3k
data/food101_subset/burger/burger_0039.jpg,burger,large,train,yes,extra_candidates_for_3k
data/food101_subset/burger/burger_0332.jpg,burger,large,train,yes,extra_candidates_for_3k
data/food101_subset/burger/burger_0096.jpg,burger,large,val,yes,extra_candidates_for_3k
data/food101_subset/burger/burger_0803.jpg,burger,large,train,yes,extra_candidates_for_3k
data/food101_subset/burger/burger_0860.jpg,burger,large,train,yes,extra_candidates_for_3k
data/food101_subset/burger/burger_0030.jpg,burger,large,train,yes,extra_candidates_for_3k
data/food101_subset/burger/burger_0304.jpg,burger,medium,train,yes,extra_candidates_for_3k
data/food101_subset/burger/burger_0833.jpg,burger,medium,train,yes,extra_candidates_for_3k
data/food101_subset/burger/burger_0362.jpg,burger,large,train,yes,extra_candidates_for_3k
data/food101_subset/burger/burger_0249.jpg,burger,large,train,yes,extra_candidates_for_3k
data/food101_subset/burger/burger_0857.jpg,burger,small,test,yes,extra_candidates_for_3k
data/food101_subset/burger/burger_0114.jpg,burger,large,train,yes,extra_candidates_for_3k
data/food101_subset/burger/burger_0323.jpg,burger,large,train,yes,extra_candidates_for_3k
data/food101_subset/burger/burger_0972.jpg,burger,medium,train,yes,extra_candidates_for_3k
data/food101_subset/burger/burger_0248.jpg,burger,medium,train,yes,extra_candidates_for_3k
data/food101_subset/burger/burger_0552.jpg,burger,large,train,yes,extra_candidates_for_3k
data/food101_subset/burger/burger_0044.jpg,burger,small,train,yes,extra_candidates_for_3k
data/food101_subset/burger/burger_0584.jpg,burger,large,train,yes,extra_candidates_for_3k
data/food101_subset/burger/burger_0981.jpg,burger,large,test,yes,extra_candidates_for_3k
data/food101_subset/pasta/pasta_0307.jpg,pasta,large,train,yes,extra_candidates_for_3k
data/food101_subset/pasta/pasta_0555.jpg,pasta,medium,train,yes,extra_candidates_for_3k
data/food101_subset/pasta/pasta_0938.jpg,pasta,medium,test,yes,extra_candidates_for_3k
data/food101_subset/pasta/pasta_0917.jpg,pasta,large,train,yes,extra_candidates_for_3k
data/food101_subset/pasta/pasta_0572.jpg,pasta,large,train,yes,extra_candidates_for_3k
data/food101_subset/pasta/pasta_0427.jpg,pasta,large,train,yes,extra_candidates_for_3k
data/food101_subset/pasta/pasta_0177.jpg,pasta,large,train,yes,extra_candidates_for_3k
data/food101_subset/pasta/pasta_0021.jpg,pasta,small,test,yes,extra_candidates_for_3k
data/food101_subset/pasta/pasta_0186.jpg,pasta,medium,train,yes,extra_candidates_for_3k
data/food101_subset/pasta/pasta_0359.jpg,pasta,medium,train,yes,extra_candidates_for_3k
data/food101_subset/pasta/pasta_0470.jpg,pasta,large,train,yes,extra_candidates_for_3k
data/food101_subset/pasta/pasta_0424.jpg,pasta,medium,train,yes,extra_candidates_for_3k
data/food101_subset/pasta/pasta_0707.jpg,pasta,large,train,yes,extra_candidates_for_3k
data/food101_subset/pasta/pasta_0476.jpg,pasta,large,test,yes,extra_candidates_for_3k
data/food101_subset/pasta/pasta_0220.jpg,pasta,large,train,yes,extra_candidates_for_3k
data/food101_subset/pasta/pasta_0161.jpg,pasta,large,test,yes,extra_candidates_for_3k
data/food101_subset/pasta/pasta_0229.jpg,pasta,large,train,yes,extra_candidates_for_3k
data/food101_subset/pasta/pasta_0217.jpg,pasta,medium,val,yes,extra_candidates_for_3k
data/food101_subset/pasta/pasta_0353.jpg,pasta,large,train,yes,extra_candidates_for_3k
data/food101_subset/pasta/pasta_0512.jpg,pasta,medium,train,yes,extra_candidates_for_3k
data/food101_subset/pasta/pasta_0406.jpg,pasta,large,train,yes,extra_candidates_for_3k
data/food101_subset/pasta/pasta_0122.jpg,pasta,small,test,yes,extra_candidates_for_3k
data/food101_subset/pasta/pasta_0632.jpg,pasta,medium,train,yes,extra_candidates_for_3k
data/food101_subset/pasta/pasta_0543.jpg,pasta,large,train,yes,extra_candidates_for_3k
data/food101_subset/pasta/pasta_0165.jpg,pasta,large,train,yes,extra_candidates_for_3k
data/food101_subset/pasta/pasta_0769.jpg,pasta,medium,val,yes,extra_candidates_for_3k
data/food101_subset/pasta/pasta_0627.jpg,pasta,medium,train,yes,extra_candidates_for_3k
data/food101_subset/pasta/pasta_0288.jpg,pasta,medium,train,yes,extra_candidates_for_3k
data/food101_subset/pasta/pasta_0814.jpg,pasta,large,train,yes,extra_candidates_for_3k
data/food101_subset/pasta/pasta_0976.jpg,pasta,large,train,yes,extra_candidates_for_3k
data/food101_subset/pasta/pasta_0091.jpg,pasta,small,train,yes,extra_candidates_for_3k
data/food101_subset/pasta/pasta_0662.jpg,pasta,small,test,yes,extra_candidates_for_3k
data/food101_subset/pasta/pasta_0320.jpg,pasta,large,train,yes,extra_candidates_for_3k
data/food101_subset/pasta/pasta_0934.jpg,pasta,large,train,yes,extra_candidates_for_3k
data/food101_subset/pasta/pasta_0185.jpg,pasta,medium,train,yes,extra_candidates_for_3k
data/food101_subset/pasta/pasta_0618.jpg,pasta,medium,train,yes,extra_candidates_for_3k
data/food101_subset/pasta/pasta_0670.jpg,pasta,large,train,yes,extra_candidates_for_3k
data/food101_subset/pasta/pasta_0903.jpg,pasta,small,train,yes,extra_candidates_for_3k
data/food101_subset/pasta/pasta_0896.jpg,pasta,medium,train,yes,extra_candidates_for_3k
data/food101_subset/pasta/pasta_0340.jpg,pasta,large,test,yes,extra_candidates_for_3k
data/food101_subset/pasta/pasta_0540.jpg,pasta,medium,train,yes,extra_candidates_for_3k
data/food101_subset/pasta/pasta_0830.jpg,pasta,large,train,yes,extra_candidates_for_3k
data/food101_subset/pasta/pasta_0796.jpg,pasta,medium,val,yes,extra_candidates_for_3k
data/food101_subset/pasta/pasta_0500.jpg,pasta,medium,train,yes,extra_candidates_for_3k
data/food101_subset/pasta/pasta_0944.jpg,pasta,large,train,yes,extra_candidates_for_3k
data/food101_subset/pasta/pasta_0839.jpg,pasta,large,val,yes,extra_candidates_for_3k
data/food101_subset/pasta/pasta_0136.jpg,pasta,medium,train,yes,extra_candidates_for_3k
data/food101_subset/pasta/pasta_0752.jpg,pasta,large,train,yes,extra_candidates_for_3k
data/food101_subset/pasta/pasta_0798.jpg,pasta,medium,train,yes,extra_candidates_for_3k
data/food101_subset/pasta/pasta_0853.jpg,pasta,large,train,yes,extra_candidates_for_3k
data/food101_subset/pasta/pasta_0338.jpg,pasta,medium,val,yes,extra_candidates_for_3k
data/food101_subset/pasta/pasta_0996.jpg,pasta,large,train,yes,extra_candidates_for_3k
data/food101_subset/pasta/pasta_0709.jpg,pasta,medium,train,yes,extra_candidates_for_3k
data/food101_subset/pasta/pasta_0312.jpg,pasta,large,train,yes,extra_candidates_for_3k
data/food101_subset/pasta/pasta_0801.jpg,pasta,small,train,yes,extra_candidates_for_3k
data/food101_subset/pasta/pasta_0196.jpg,pasta,large,train,yes,extra_candidates_for_3k
data/food101_subset/pasta/pasta_0203.jpg,pasta,medium,train,yes,extra_candidates_for_3k
data/food101_subset/pasta/pasta_0788.jpg,pasta,large,train,yes,extra_candidates_for_3k
data/food101_subset/pasta/pasta_0143.jpg,pasta,large,train,yes,extra_candidates_for_3k
data/food101_subset/pasta/pasta_0103.jpg,pasta,small,test,yes,extra_candidates_for_3k
data/food101_subset/pasta/pasta_0849.jpg,pasta,large,val,yes,extra_candidates_for_3k
data/food101_subset/pasta/pasta_0868.jpg,pasta,medium,train,yes,extra_candidates_for_3k
data/food101_subset/pasta/pasta_0615.jpg,pasta,large,test,yes,extra_candidates_for_3k
data/food101_subset/pasta/pasta_0015.jpg,pasta,large,val,yes,extra_candidates_for_3k
data/food101_subset/pasta/pasta_0756.jpg,pasta,medium,train,yes,extra_candidates_for_3k
data/food101_subset/pasta/pasta_0845.jpg,pasta,large,train,yes,extra_candidates_for_3k
data/food101_subset/pasta/pasta_0808.jpg,pasta,medium,train,yes,extra_candidates_for_3k
data/food101_subset/pasta/pasta_0676.jpg,pasta,large,train,yes,extra_candidates_for_3k
data/food101_subset/pasta/pasta_0025.jpg,pasta,small,train,yes,extra_candidates_for_3k
data/food101_subset/pasta/pasta_0664.jpg,pasta,small,test,yes,extra_candidates_for_3k
data/food101_subset/pasta/pasta_0197.jpg,pasta,medium,train,yes,extra_candidates_for_3k
data/food101_subset/pasta/pasta_0711.jpg,pasta,small,train,yes,extra_candidates_for_3k
data/food101_subset/pasta/pasta_0730.jpg,pasta,medium,test,yes,extra_candidates_for_3k
data/food101_subset/pasta/pasta_0660.jpg,pasta,large,train,yes,extra_candidates_for_3k
data/food101_subset/pasta/pasta_0586.jpg,pasta,medium,train,yes,extra_candidates_for_3k
data/food101_subset/pasta/pasta_0166.jpg,pasta,large,train,yes,extra_candidates_for_3k
data/food101_subset/pasta/pasta_0168.jpg,pasta,medium,train,yes,extra_candidates_for_3k
data/food101_subset/pasta/pasta_0622.jpg,pasta,large,train,yes,extra_candidates_for_3k
data/food101_subset/pasta/pasta_0596.jpg,pasta,medium,train,yes,extra_candidates_for_3k
data/food101_subset/pasta/pasta_0710.jpg,pasta,large,train,yes,extra_candidates_for_3k
data/food101_subset/pasta/pasta_0096.jpg,pasta,large,val,yes,extra_candidates_for_3k
data/food101_subset/pasta/pasta_0803.jpg,pasta,medium,train,yes,extra_candidates_for_3k
data/food101_subset/pasta/pasta_0019.jpg,pasta,large,train,yes,extra_candidates_for_3k
data/food101_subset/pasta/pasta_0399.jpg,pasta,small,train,yes,extra_candidates_for_3k
data/food101_subset/pasta/pasta_0345.jpg,pasta,small,train,yes,extra_candidates_for_3k
data/food101_subset/pasta/pasta_0494.jpg,pasta,small,train,yes,extra_candidates_for_3k
data/food101_subset/pizza/pizza_0555.jpg,pizza,small,train,yes,extra_candidates_for_3k
data/food101_subset/pizza/pizza_0938.jpg,pizza,medium,test,yes,extra_candidates_for_3k
data/food101_subset/pizza/pizza_0427.jpg,pizza,small,train,yes,extra_candidates_for_3k
data/food101_subset/pizza/pizza_0021.jpg,pizza,small,test,yes,extra_candidates_for_3k
data/food101_subset/pizza/pizza_0186.jpg,pizza,large,train,yes,extra_candidates_for_3k
data/food101_subset/pizza/pizza_0359.jpg,pizza,small,train,yes,extra_candidates_for_3k
data/food101_subset/pizza/pizza_0397.jpg,pizza,medium,train,yes,extra_candidates_for_3k
data/food101_subset/pizza/pizza_0470.jpg,pizza,large,train,yes,extra_candidates_for_3k
data/food101_subset/pizza/pizza_0424.jpg,pizza,small,train,yes,extra_candidates_for_3k
data/food101_subset/pizza/pizza_0707.jpg,pizza,medium,train,yes,extra_candidates_for_3k
data/food101_subset/pizza/pizza_0703.jpg,pizza,large,test,yes,extra_candidates_for_3k
data/food101_subset/pizza/pizza_0617.jpg,pizza,small,train,yes,extra_candidates_for_3k
data/food101_subset/pizza/pizza_0161.jpg,pizza,large,test,yes,extra_candidates_for_3k
data/food101_subset/pizza/pizza_0963.jpg,pizza,medium,val,yes,extra_candidates_for_3k
data/food101_subset/pizza/pizza_0353.jpg,pizza,small,train,yes,extra_candidates_for_3k
data/food101_subset/pizza/pizza_0760.jpg,pizza,medium,train,yes,extra_candidates_for_3k
data/food101_subset/pizza/pizza_0475.jpg,pizza,medium,test,yes,extra_candidates_for_3k
data/food101_subset/pizza/pizza_0884.jpg,pizza,large,train,yes,extra_candidates_for_3k
data/food101_subset/pizza/pizza_0272.jpg,pizza,medium,train,yes,extra_candidates_for_3k
data/food101_subset/pizza/pizza_0743.jpg,pizza,large,val,yes,extra_candidates_for_3k
data/food101_subset/pizza/pizza_0406.jpg,pizza,small,train,yes,extra_candidates_for_3k
data/food101_subset/pizza/pizza_0198.jpg,pizza,large,train,yes,extra_candidates_for_3k
data/food101_subset/pizza/pizza_0227.jpg,pizza,medium,train,yes,extra_candidates_for_3k
data/food101_subset/pizza/pizza_0547.jpg,pizza,large,val,yes,extra_candidates_for_3k
data/food101_subset/pizza/pizza_0497.jpg,pizza,small,train,yes,extra_candidates_for_3k
data/food101_subset/pizza/pizza_0263.jpg,pizza,large,train,yes,extra_candidates_for_3k
data/food101_subset/pizza/pizza_0165.jpg,pizza,small,train,yes,extra_candidates_for_3k
data/food101_subset/pizza/pizza_0769.jpg,pizza,large,val,yes,extra_candidates_for_3k
data/food101_subset/pizza/pizza_0627.jpg,pizza,small,train,yes,extra_candidates_for_3k
data/food101_subset/pizza/pizza_0018.jpg,pizza,large,train,yes,extra_candidates_for_3k
data/food101_subset/pizza/pizza_0080.jpg,pizza,large,train,yes,extra_candidates_for_3k
data/food101_subset/pizza/pizza_0349.jpg,pizza,small,train,yes,extra_candidates_for_3k
data/food101_subset/pizza/pizza_0814.jpg,pizza,large,train,yes,extra_candidates_for_3k
data/food101_subset/pizza/pizza_0871.jpg,pizza,large,train,yes,extra_candidates_for_3k
data/food101_subset/pizza/pizza_0818.jpg,pizza,small,train,yes,extra_candidates_for_3k
data/food101_subset/pizza/pizza_0913.jpg,pizza,large,train,yes,extra_candidates_for_3k
data/food101_subset/pizza/pizza_0551.jpg,pizza,large,train,yes,extra_candidates_for_3k
data/food101_subset/pizza/pizza_0522.jpg,pizza,medium,train,yes,extra_candidates_for_3k
data/food101_subset/pizza/pizza_0045.jpg,pizza,medium,train,yes,extra_candidates_for_3k
data/food101_subset/pizza/pizza_0956.jpg,pizza,small,test,yes,extra_candidates_for_3k
data/food101_subset/pizza/pizza_0670.jpg,pizza,small,train,yes,extra_candidates_for_3k
data/food101_subset/pizza/pizza_0360.jpg,pizza,medium,train,yes,extra_candidates_for_3k
data/food101_subset/pizza/pizza_0633.jpg,pizza,small,train,yes,extra_candidates_for_3k
data/food101_subset/pizza/pizza_0903.jpg,pizza,large,train,yes,extra_candidates_for_3k
data/food101_subset/pizza/pizza_0896.jpg,pizza,small,train,yes,extra_candidates_for_3k
data/food101_subset/pizza/pizza_0063.jpg,pizza,medium,val,yes,extra_candidates_for_3k
data/food101_subset/pizza/pizza_0569.jpg,pizza,small,train,yes,extra_candidates_for_3k
data/food101_subset/pizza/pizza_0591.jpg,pizza,large,train,yes,extra_candidates_for_3k
data/food101_subset/pizza/pizza_0648.jpg,pizza,large,val,yes,extra_candidates_for_3k
data/food101_subset/pizza/pizza_0651.jpg,pizza,small,train,yes,extra_candidates_for_3k
data/food101_subset/pizza/pizza_0435.jpg,pizza,small,train,yes,extra_candidates_for_3k
data/food101_subset/pizza/pizza_0689.jpg,pizza,large,train,yes,extra_candidates_for_3k
data/food101_subset/pizza/pizza_0944.jpg,pizza,small,train,yes,extra_candidates_for_3k
data/food101_subset/pizza/pizza_0839.jpg,pizza,medium,val,yes,extra_candidates_for_3k
data/food101_subset/pizza/pizza_0292.jpg,pizza,small,train,yes,extra_candidates_for_3k
data/food101_subset/pizza/pizza_0136.jpg,pizza,large,train,yes,extra_candidates_for_3k
data/food101_subset/pizza/pizza_0752.jpg,pizza,small,train,yes,extra_candidates_for_3k
data/food101_subset/pizza/pizza_0798.jpg,pizza,medium,train,yes,extra_candidates_for_3k
data/food101_subset/pizza/pizza_0191.jpg,pizza,large,train,yes,extra_candidates_for_3k
data/food101_subset/pizza/pizza_0674.jpg,pizza,medium,train,yes,extra_candidates_for_3k
data/food101_subset/pizza/pizza_0544.jpg,pizza,small,train,yes,extra_candidates_for_3k
data/food101_subset/pizza/pizza_0893.jpg,pizza,large,train,yes,extra_candidates_for_3k
data/food101_subset/pizza/pizza_0996.jpg,pizza,large,train,yes,extra_candidates_for_3k
data/food101_subset/pizza/pizza_0802.jpg,pizza,small,train,yes,extra_candidates_for_3k
data/food101_subset/pizza/pizza_0196.jpg,pizza,medium,train,yes,extra_candidates_for_3k
data/food101_subset/pizza/pizza_0002.jpg,pizza,small,test,yes,extra_candidates_for_3k
data/food101_subset/pizza/pizza_0203.jpg,pizza,large,train,yes,extra_candidates_for_3k
data/food101_subset/pizza/pizza_0788.jpg,pizza,large,train,yes,extra_candidates_for_3k
data/food101_subset/pizza/pizza_0103.jpg,pizza,large,test,yes,extra_candidates_for_3k
data/food101_subset/pizza/pizza_0556.jpg,pizza,small,test,yes,extra_candidates_for_3k
data/food101_subset/pizza/pizza_0868.jpg,pizza,small,train,yes,extra_candidates_for_3k
data/food101_subset/pizza/pizza_0015.jpg,pizza,medium,val,yes,extra_candidates_for_3k
data/food101_subset/pizza/pizza_0845.jpg,pizza,medium,train,yes,extra_candidates_for_3k
data/food101_subset/pizza/pizza_0861.jpg,pizza,large,test,yes,extra_candidates_for_3k
data/food101_subset/pizza/pizza_0844.jpg,pizza,medium,train,yes,extra_candidates_for_3k
data/food101_subset/pizza/pizza_0586.jpg,pizza,medium,train,yes,extra_candidates_for_3k
data/food101_subset/pizza/pizza_0259.jpg,pizza,large,train,yes,extra_candidates_for_3k
data/food101_subset/pizza/pizza_0596.jpg,pizza,large,train,yes,extra_candidates_for_3k
data/food101_subset/pizza/pizza_0332.jpg,pizza,large,train,yes,extra_candidates_for_3k
data/food101_subset/pizza/pizza_0233.jpg,pizza,large,train,yes,extra_candidates_for_3k
data/food101_subset/pizza/pizza_0096.jpg,pizza,medium,val,yes,extra_candidates_for_3k
data/food101_subset/pizza/pizza_0030.jpg,pizza,small,train,yes,extra_candidates_for_3k
data/food101_subset/pizza/pizza_0431.jpg,pizza,medium,train,yes,extra_candidates_for_3k
data/food101_subset/pizza/pizza_0731.jpg,pizza,large,train,yes,extra_candidates_for_3k
data/food101_subset/pizza/pizza_0304.jpg,pizza,small,train,yes,extra_candidates_for_3k
data/food101_subset/pizza/pizza_0833.jpg,pizza,large,train,yes,extra_candidates_for_3k
data/food101_subset/pizza/pizza_0115.jpg,pizza,medium,train,yes,extra_candidates_for_3k
data/food101_subset/pizza/pizza_0362.jpg,pizza,medium,train,yes,extra_candidates_for_3k
data/food101_subset/pizza/pizza_0249.jpg,pizza,small,train,yes,extra_candidates_for_3k
data/food101_subset/pizza/pizza_0857.jpg,pizza,small,test,yes,extra_candidates_for_3k
data/food101_subset/pizza/pizza_0875.jpg,pizza,large,train,yes,extra_candidates_for_3k
data/food101_subset/pizza/pizza_0248.jpg,pizza,small,train,yes,extra_candidates_for_3k
data/food101_subset/pizza/pizza_0212.jpg,pizza,large,train,yes,extra_candidates_for_3k
data/food101_subset/pizza/pizza_0570.jpg,pizza,small,train,yes,extra_candidates_for_3k
data/food101_subset/pizza/pizza_0552.jpg,pizza,small,train,yes,extra_candidates_for_3k
data/food101_subset/pizza/pizza_0685.jpg,pizza,large,train,yes,extra_candidates_for_3k
data/food101_subset/pizza/pizza_0345.jpg,pizza,large,train,yes,extra_candidates_for_3k
data/food101_subset/pizza/pizza_0584.jpg,pizza,small,train,yes,extra_candidates_for_3k
data/food101_subset/pizza/pizza_0981.jpg,pizza,small,test,yes,extra_candidates_for_3k
data/food101_subset/salad/salad_0575.jpg,salad,small,val,yes,extra_candidates_for_3k
data/food101_subset/salad/salad_0938.jpg,salad,small,test,yes,extra_candidates_for_3k
data/food101_subset/salad/salad_0917.jpg,salad,small,train,yes,extra_candidates_for_3k
data/food101_subset/salad/salad_0306.jpg,salad,small,train,yes,extra_candidates_for_3k
data/food101_subset/salad/salad_0753.jpg,salad,small,train,yes,extra_candidates_for_3k
data/food101_subset/salad/salad_0427.jpg,salad,small,train,yes,extra_candidates_for_3k
data/food101_subset/salad/salad_0216.jpg,salad,small,train,yes,extra_candidates_for_3k
data/food101_subset/salad/salad_0186.jpg,salad,small,train,yes,extra_candidates_for_3k
data/food101_subset/salad/salad_0359.jpg,salad,small,train,yes,extra_candidates_for_3k
data/food101_subset/salad/salad_0397.jpg,salad,small,train,yes,extra_candidates_for_3k
data/food101_subset/salad/salad_0797.jpg,salad,small,train,yes,extra_candidates_for_3k
data/food101_subset/salad/salad_0161.jpg,salad,large,test,yes,extra_candidates_for_3k
data/food101_subset/salad/salad_0229.jpg,salad,small,train,yes,extra_candidates_for_3k
data/food101_subset/salad/salad_0593.jpg,salad,small,val,yes,extra_candidates_for_3k
data/food101_subset/salad/salad_0963.jpg,salad,medium,val,yes,extra_candidates_for_3k
data/food101_subset/salad/salad_0217.jpg,salad,small,val,yes,extra_candidates_for_3k
data/food101_subset/salad/salad_0353.jpg,salad,small,train,yes,extra_candidates_for_3k
data/food101_subset/salad/salad_0848.jpg,salad,medium,val,yes,extra_candidates_for_3k
data/food101_subset/salad/salad_0192.jpg,salad,large,test,yes,extra_candidates_for_3k
data/food101_subset/salad/salad_0475.jpg,salad,small,test,yes,extra_candidates_for_3k
data/food101_subset/salad/salad_0884.jpg,salad,small,train,yes,extra_candidates_for_3k
data/food101_subset/salad/salad_0272.jpg,salad,medium,train,yes,extra_candidates_for_3k
data/food101_subset/salad/salad_0743.jpg,salad,medium,val,yes,extra_candidates_for_3k
data/food101_subset/salad/salad_0198.jpg,salad,small,train,yes,extra_candidates_for_3k
data/food101_subset/salad/salad_0226.jpg,salad,medium,train,yes,extra_candidates_for_3k
data/food101_subset/salad/salad_0122.jpg,salad,small,test,yes,extra_candidates_for_3k
data/food101_subset/salad/salad_0263.jpg,salad,medium,train,yes,extra_candidates_for_3k
data/food101_subset/salad/salad_0325.jpg,salad,small,train,yes,extra_candidates_for_3k
data/food101_subset/salad/salad_0165.jpg,salad,small,train,yes,extra_candidates_for_3k
data/food101_subset/salad/salad_0769.jpg,salad,small,val,yes,extra_candidates_for_3k
data/food101_subset/salad/salad_0627.jpg,salad,small,train,yes,extra_candidates_for_3k
data/food101_subset/salad/salad_0018.jpg,salad,small,train,yes,extra_candidates_for_3k
data/food101_subset/salad/salad_0126.jpg,salad,small,train,yes,extra_candidates_for_3k
data/food101_subset/salad/salad_0567.jpg,salad,medium,test,yes,extra_candidates_for_3k
data/food101_subset/salad/salad_0104.jpg,salad,large,train,yes,extra_candidates_for_3k
data/food101_subset/salad/salad_0288.jpg,salad,medium,train,yes,extra_candidates_for_3k
data/food101_subset/salad/salad_0814.jpg,salad,small,train,yes,extra_candidates_for_3k
data/food101_subset/salad/salad_0976.jpg,salad,small,train,yes,extra_candidates_for_3k
data/food101_subset/salad/salad_0091.jpg,salad,large,train,yes,extra_candidates_for_3k
data/food101_subset/salad/salad_0609.jpg,salad,large,train,yes,extra_candidates_for_3k
data/food101_subset/salad/salad_0871.jpg,salad,medium,train,yes,extra_candidates_for_3k
data/food101_subset/salad/salad_0662.jpg,salad,large,test,yes,extra_candidates_for_3k
data/food101_subset/salad/salad_0320.jpg,salad,small,train,yes,extra_candidates_for_3k
data/food101_subset/salad/salad_0728.jpg,salad,medium,val,yes,extra_candidates_for_3k
data/food101_subset/salad/salad_0913.jpg,salad,small,train,yes,extra_candidates_for_3k
data/food101_subset/salad/salad_0726.jpg,salad,small,val,yes,extra_candidates_for_3k
data/food101_subset/salad/salad_0522.jpg,salad,medium,train,yes,extra_candidates_for_3k
data/food101_subset/salad/salad_0045.jpg,salad,small,train,yes,extra_candidates_for_3k
data/food101_subset/salad/salad_0956.jpg,salad,large,test,yes,extra_candidates_for_3k
data/food101_subset/salad/salad_0670.jpg,salad,large,train,yes,extra_candidates_for_3k
data/food101_subset/sushi/sushi_0575.jpg,sushi,large,val,yes,extra_candidates_for_3k
data/food101_subset/sushi/sushi_0307.jpg,sushi,small,train,yes,extra_candidates_for_3k
data/food101_subset/sushi/sushi_0555.jpg,sushi,large,train,yes,extra_candidates_for_3k
data/food101_subset/sushi/sushi_0938.jpg,sushi,small,test,yes,extra_candidates_for_3k
data/food101_subset/sushi/sushi_0917.jpg,sushi,large,train,yes,extra_candidates_for_3k
data/food101_subset/sushi/sushi_0306.jpg,sushi,small,train,yes,extra_candidates_for_3k
data/food101_subset/sushi/sushi_0416.jpg,sushi,large,train,yes,extra_candidates_for_3k
data/food101_subset/sushi/sushi_0572.jpg,sushi,small,train,yes,extra_candidates_for_3k
data/food101_subset/sushi/sushi_0177.jpg,sushi,small,train,yes,extra_candidates_for_3k
data/food101_subset/sushi/sushi_0216.jpg,sushi,medium,train,yes,extra_candidates_for_3k
data/food101_subset/sushi/sushi_0397.jpg,sushi,small,train,yes,extra_candidates_for_3k
data/food101_subset/sushi/sushi_0470.jpg,sushi,medium,train,yes,extra_candidates_for_3k
data/food101_subset/sushi/sushi_0707.jpg,sushi,large,train,yes,extra_candidates_for_3k
data/food101_subset/sushi/sushi_0797.jpg,sushi,large,train,yes,extra_candidates_for_3k
data/food101_subset/sushi/sushi_0161.jpg,sushi,small,test,yes,extra_candidates_for_3k
data/food101_subset/sushi/sushi_0593.jpg,sushi,large,val,yes,extra_candidates_for_3k
data/food101_subset/sushi/sushi_0963.jpg,sushi,large,val,yes,extra_candidates_for_3k
data/food101_subset/sushi/sushi_0217.jpg,sushi,small,val,yes,extra_candidates_for_3k
data/food101_subset/sushi/sushi_0353.jpg,sushi,small,train,yes,extra_candidates_for_3k
data/food101_subset/sushi/sushi_0475.jpg,sushi,small,test,yes,extra_candidates_for_3k
data/food101_subset/sushi/sushi_0884.jpg,sushi,large,train,yes,extra_candidates_for_3k
data/food101_subset/sushi/sushi_0272.jpg,sushi,medium,train,yes,extra_candidates_for_3k
data/food101_subset/sushi/sushi_0260.jpg,sushi,large,train,yes,extra_candidates_for_3k
data/food101_subset/sushi/sushi_0226.jpg,sushi,large,train,yes,extra_candidates_for_3k
data/food101_subset/sushi/sushi_0227.jpg,sushi,small,train,yes,extra_candidates_for_3k
data/food101_subset/sushi/sushi_0122.jpg,sushi,small,test,yes,extra_candidates_for_3k
data/food101_subset/sushi/sushi_0632.jpg,sushi,large,train,yes,extra_candidates_for_3k
data/food101_subset/sushi/sushi_0165.jpg,sushi,small,train,yes,extra_candidates_for_3k
data/food101_subset/sushi/sushi_0018.jpg,sushi,small,train,yes,extra_candidates_for_3k
data/food101_subset/sushi/sushi_0104.jpg,sushi,large,train,yes,extra_candidates_for_3k
data/food101_subset/sushi/sushi_0349.jpg,sushi,small,train,yes,extra_candidates_for_3k
data/food101_subset/sushi/sushi_0091.jpg,sushi,large,train,yes,extra_candidates_for_3k
data/food101_subset/sushi/sushi_0609.jpg,sushi,medium,train,yes,extra_candidates_for_3k
data/food101_subset/sushi/sushi_0871.jpg,sushi,small,train,yes,extra_candidates_for_3k
data/food101_subset/sushi/sushi_0662.jpg,sushi,small,test,yes,extra_candidates_for_3k
data/food101_subset/sushi/sushi_0728.jpg,sushi,medium,val,yes,extra_candidates_for_3k
data/food101_subset/sushi/sushi_0551.jpg,sushi,small,train,yes,extra_candidates_for_3k
data/food101_subset/sushi/sushi_0726.jpg,sushi,large,val,yes,extra_candidates_for_3k
data/food101_subset/sushi/sushi_0045.jpg,sushi,small,train,yes,extra_candidates_for_3k
data/food101_subset/sushi/sushi_0934.jpg,sushi,large,train,yes,extra_candidates_for_3k
data/food101_subset/sushi/sushi_0633.jpg,sushi,medium,train,yes,extra_candidates_for_3k
